"570","社團法人彰化縣中華幼兒教保職涯發展協會","http://cdcb.judicial.gov.tw/abbs/wkw/WHD6K05.jsp?ab=AAAdkxAAHAAAGsjAAE&bc=103&cd=%AA%6B%B5%6E%AA%C0++++++++++++++&de=000019&ef=CHD&fg=1"
"568","社團法人彰化縣產業技術合作交流會","http://cdcb.judicial.gov.tw/abbs/wkw/WHD6K05.jsp?ab=AAAdkxAAHAAAGt4AAH&bc=103&cd=%AA%6B%B5%6E%AA%C0++++++++++++++&de=000020&ef=CHD&fg=1"
"569","社團法人彰化縣社頭鄉龍井社區發展協會","http://cdcb.judicial.gov.tw/abbs/wkw/WHD6K05.jsp?ab=AAAdkxAAHAAAGsjAAD&bc=103&cd=%AA%6B%B5%6E%AA%C0++++++++++++++&de=000009&ef=CHD&fg=1"
"560","社團法人彰化縣消費性服務人員推廣協會","http://cdcb.judicial.gov.tw/abbs/wkw/WHD6K05.jsp?ab=AAAdkxAAHAAAGoUAAA&bc=103&cd=%AA%6B%B5%6E%AA%C0++++++++++++++&de=000010&ef=CHD&fg=1"
"561","社團法人彰化縣秀水後壁埔天師府宗教會","http://cdcb.judicial.gov.tw/abbs/wkw/WHD6K05.jsp?ab=AAAdkxAAHAAAGskAAH&bc=103&cd=%AA%6B%B5%6E%AA%C0++++++++++++++&de=000011&ef=CHD&fg=1"
"562","社團法人彰化縣福南鎮西宮宗教會","http://cdcb.judicial.gov.tw/abbs/wkw/WHD6K05.jsp?ab=AAAdkxAAHAAAGskAAG&bc=103&cd=%AA%6B%B5%6E%AA%C0++++++++++++++&de=000012&ef=CHD&fg=1"
"563","社團法人彰化縣健康自癒推廣協會","http://cdcb.judicial.gov.tw/abbs/wkw/WHD6K05.jsp?ab=AAAdkxAAHAAAGskAAI&bc=103&cd=%AA%6B%B5%6E%AA%C0++++++++++++++&de=000013&ef=CHD&fg=1"
"564","社團法人中華應用美學技能教協會","http://cdcb.judicial.gov.tw/abbs/wkw/WHD6K05.jsp?ab=AAAdkxAAHAAAGtMAAC&bc=103&cd=%AA%6B%B5%6E%AA%C0++++++++++++++&de=000014&ef=CHD&fg=1"
"566","社團法人台灣西海岸保育聯盟","http://cdcb.judicial.gov.tw/abbs/wkw/WHD6K05.jsp?ab=AAAdkxAAHAAAGsyAAH&bc=103&cd=%AA%6B%B5%6E%AA%C0++++++++++++++&de=000015&ef=CHD&fg=1"
"565","社團法人台灣統整藝術教育推廣協會","http://cdcb.judicial.gov.tw/abbs/wkw/WHD6K05.jsp?ab=AAAdkxAAHAAAGtMAAB&bc=103&cd=%AA%6B%B5%6E%AA%C0++++++++++++++&de=000016&ef=CHD&fg=1"
"571","社團法人彰化縣樂說多元專業服務發展協會","http://cdcb.judicial.gov.tw/abbs/wkw/WHD6K05.jsp?ab=AAAdkxAAHAAAGtiAAC&bc=103&cd=%AA%6B%B5%6E%AA%C0++++++++++++++&de=000017&ef=CHD&fg=1"
"567","社團法人中華多元技藝推廣協會","http://cdcb.judicial.gov.tw/abbs/wkw/WHD6K05.jsp?ab=AAAdkxAAHAAAGsyAAF&bc=103&cd=%AA%6B%B5%6E%AA%C0++++++++++++++&de=000018&ef=CHD&fg=1"
"384","社團法人彰化縣傑出農民協會","http://cdcb.judicial.gov.tw/abbs/wkw/WHD6K05.jsp?ab=AAAdkxAAHAAAGuyAAD&bc=103&cd=%AA%6B%B5%6E%A5%4C++++++++++++++&de=000059&ef=CHD&fg=1"
"166","財團法人彰化縣頂新和德文教基金會","http://cdcb.judicial.gov.tw/abbs/wkw/WHD6K05.jsp?ab=AAAdkxAAHAAAGuJAAE&bc=103&cd=%AA%6B%B5%6E%A5%4C++++++++++++++&de=000060&ef=CHD&fg=1"
"552","社團法人彰化縣武德彰邑武將宮宗教會","http://cdcb.judicial.gov.tw/abbs/wkw/WHD6K05.jsp?ab=AAAdkxAAHAAAGpVAAK&bc=103&cd=%AA%6B%B5%6E%AA%C0++++++++++++++&de=000001&ef=CHD&fg=1"
"553","社團法人台灣基督教恩約全人轉化協會","http://cdcb.judicial.gov.tw/abbs/wkw/WHD6K05.jsp?ab=AAAdkxAAHAAAGpjAAI&bc=103&cd=%AA%6B%B5%6E%AA%C0++++++++++++++&de=000002&ef=CHD&fg=1"
"559","社團法人彰化縣迪莉美容養生協會","http://cdcb.judicial.gov.tw/abbs/wkw/WHD6K05.jsp?ab=AAAdkxAAHAAAGtYAAC&bc=103&cd=%AA%6B%B5%6E%AA%C0++++++++++++++&de=000003&ef=CHD&fg=1"
"554","社團法人彰化縣保護少年協進會","http://cdcb.judicial.gov.tw/abbs/wkw/WHD6K05.jsp?ab=AAAdkxAAHAAAGsGAAK&bc=103&cd=%AA%6B%B5%6E%AA%C0++++++++++++++&de=000004&ef=CHD&fg=1"
"556","社團法人彰化縣職能技藝發展協會","http://cdcb.judicial.gov.tw/abbs/wkw/WHD6K05.jsp?ab=AAAdkxAAHAAAGqjAAF&bc=103&cd=%AA%6B%B5%6E%AA%C0++++++++++++++&de=000005&ef=CHD&fg=1"
"555","社團法人彰化縣終身學習職能協進會","http://cdcb.judicial.gov.tw/abbs/wkw/WHD6K05.jsp?ab=AAAdkxAAHAAAGrhAAL&bc=103&cd=%AA%6B%B5%6E%AA%C0++++++++++++++&de=000006&ef=CHD&fg=1"
"557","社團法人彰化縣文創休閒餐旅協會","http://cdcb.judicial.gov.tw/abbs/wkw/WHD6K05.jsp?ab=AAAdkxAAHAAAGqjAAG&bc=103&cd=%AA%6B%B5%6E%AA%C0++++++++++++++&de=000007&ef=CHD&fg=1"
"558","社團法人中華民國記帳及報稅代理業務人公會全國聯合會","http://cdcb.judicial.gov.tw/abbs/wkw/WHD6K05.jsp?ab=AAAdkxAAHAAAGqjAAD&bc=103&cd=%AA%6B%B5%6E%AA%C0++++++++++++++&de=000008&ef=CHD&fg=1"
"211","財團法人中華民國天德教凌雄寶殿","http://cdcb.judicial.gov.tw/abbs/wkw/WHD6K05.jsp?ab=AAAdkxAAHAAAGtJAAJ&bc=103&cd=%AA%6B%B5%6E%A5%4C++++++++++++++&de=000049&ef=CHD&fg=1"
"438","社團法人彰化縣國際勞工關懷協會","http://cdcb.judicial.gov.tw/abbs/wkw/WHD6K05.jsp?ab=AAAdkxAAHAAAGtMAAG&bc=103&cd=%AA%6B%B5%6E%A5%4C++++++++++++++&de=000050&ef=CHD&fg=1"
"216","明道學校財團法人","http://cdcb.judicial.gov.tw/abbs/wkw/WHD6K05.jsp?ab=AAAdkxAAHAAAGtvAAH&bc=103&cd=%AA%6B%B5%6E%A5%4C++++++++++++++&de=000051&ef=CHD&fg=1"
"197","財團法人謝言信謝林玉鶯文教基金會","http://cdcb.judicial.gov.tw/abbs/wkw/WHD6K05.jsp?ab=AAAdkxAAHAAAGtMAAH&bc=103&cd=%AA%6B%B5%6E%A5%4C++++++++++++++&de=000052&ef=CHD&fg=1"
"135","財團法人半線文教基金會","http://cdcb.judicial.gov.tw/abbs/wkw/WHD6K05.jsp?ab=AAAdkxAAHAAAGt%2BAAI&bc=103&cd=%AA%6B%B5%6E%A5%4C++++++++++++++&de=000053&ef=CHD&fg=1"
"90","財團法人彰化縣私立謝成哲社會福利慈善事業基金會","http://cdcb.judicial.gov.tw/abbs/wkw/WHD6K05.jsp?ab=AAAdkxAAHAAAGt%2BAAG&bc=103&cd=%AA%6B%B5%6E%A5%4C++++++++++++++&de=000054&ef=CHD&fg=1"
"504","社團法人彰化縣和美國民中學校友會","http://cdcb.judicial.gov.tw/abbs/wkw/WHD6K05.jsp?ab=AAAdkxAAHAAAGuyAAC&bc=103&cd=%AA%6B%B5%6E%A5%4C++++++++++++++&de=000055&ef=CHD&fg=1"
"385","財團法人車輛安全審驗中心","http://cdcb.judicial.gov.tw/abbs/wkw/WHD6K05.jsp?ab=AAAdkxAAHAAAGt%2BAAH&bc=103&cd=%AA%6B%B5%6E%A5%4C++++++++++++++&de=000056&ef=CHD&fg=1"
"376","社團法人彰化縣視障者關懷協會","http://cdcb.judicial.gov.tw/abbs/wkw/WHD6K05.jsp?ab=AAAdkxAAHAAAGuuAAI&bc=103&cd=%AA%6B%B5%6E%A5%4C++++++++++++++&de=000057&ef=CHD&fg=1"
"483","社團法人彰化縣觀光餐旅推廣協會","http://cdcb.judicial.gov.tw/abbs/wkw/WHD6K05.jsp?ab=AAAdkxAAHAAAGuJAAF&bc=103&cd=%AA%6B%B5%6E%A5%4C++++++++++++++&de=000058&ef=CHD&fg=1"
"177","社團法人彰化縣肢體傷殘協進會","http://cdcb.judicial.gov.tw/abbs/wkw/WHD6K05.jsp?ab=AAAdkxAAHAAAGs8AAH&bc=103&cd=%AA%6B%B5%6E%A5%4C++++++++++++++&de=000041&ef=CHD&fg=1"
"172","財團法人彰化縣私立陳珍良社會福利慈善事業基金會","http://cdcb.judicial.gov.tw/abbs/wkw/WHD6K05.jsp?ab=AAAdkxAAHAAAGsyAAG&bc=103&cd=%AA%6B%B5%6E%A5%4C++++++++++++++&de=000042&ef=CHD&fg=1"
"260","社團法人彰化縣康復之友協會","http://cdcb.judicial.gov.tw/abbs/wkw/WHD6K05.jsp?ab=AAAdkxAAHAAAGs8AAI&bc=103&cd=%AA%6B%B5%6E%A5%4C++++++++++++++&de=000043&ef=CHD&fg=1"
"136","財團法人建大文化教育基金會","http://cdcb.judicial.gov.tw/abbs/wkw/WHD6K05.jsp?ab=AAAdkxAAHAAAGswAAJ&bc=103&cd=%AA%6B%B5%6E%A5%4C++++++++++++++&de=000044&ef=CHD&fg=1"
"401","社團法人彰化縣珍愛國際婚姻關懷協會","http://cdcb.judicial.gov.tw/abbs/wkw/WHD6K05.jsp?ab=AAAdkxAAHAAAGs8AAJ&bc=103&cd=%AA%6B%B5%6E%A5%4C++++++++++++++&de=000045&ef=CHD&fg=1"
"502","社團法人彰化縣慈元寺觀音佛祖會","http://cdcb.judicial.gov.tw/abbs/wkw/WHD6K05.jsp?ab=AAAdkxAAHAAAGs8AAG&bc=103&cd=%AA%6B%B5%6E%A5%4C++++++++++++++&de=000046&ef=CHD&fg=1"
"144","社團法人彰化縣八卦山郵學會","http://cdcb.judicial.gov.tw/abbs/wkw/WHD6K05.jsp?ab=AAAdkxAAHAAAGtaAAJ&bc=103&cd=%AA%6B%B5%6E%A5%4C++++++++++++++&de=000047&ef=CHD&fg=1"
"458","財團法人彰化縣私立張君雅社會福利慈善事業基金會","http://cdcb.judicial.gov.tw/abbs/wkw/WHD6K05.jsp?ab=AAAdkxAAHAAAGtXAAB&bc=103&cd=%AA%6B%B5%6E%A5%4C++++++++++++++&de=000048&ef=CHD&fg=1"
"295","財團法人伊甸社會福利基金會","http://cdcb.judicial.gov.tw/abbs/wkw/WHD6K05.jsp?ab=AAAdkxAAHAAAGqaAAB&bc=103&cd=%AA%6B%B5%6E%A5%4C++++++++++++++&de=000027&ef=CHD&fg=1"
"199","社團法人彰化縣盲人福利協進會","http://cdcb.judicial.gov.tw/abbs/wkw/WHD6K05.jsp?ab=AAAdkxAAHAAAGrQAAG&bc=103&cd=%AA%6B%B5%6E%A5%4C++++++++++++++&de=000028&ef=CHD&fg=1"
"161","財團法人拓展文教基金會","http://cdcb.judicial.gov.tw/abbs/wkw/WHD6K05.jsp?ab=AAAdkxAAHAAAGrQAAH&bc=103&cd=%AA%6B%B5%6E%A5%4C++++++++++++++&de=000029&ef=CHD&fg=1"
"33","財團法人彰化縣私立秀和慈善事業基金會","http://cdcb.judicial.gov.tw/abbs/wkw/WHD6K05.jsp?ab=AAAdkxAAHAAAGrhAAE&bc=103&cd=%AA%6B%B5%6E%A5%4C++++++++++++++&de=000030&ef=CHD&fg=1"
"411","財團法人彰化縣私立慈輝社會福利慈善事業基金會","http://cdcb.judicial.gov.tw/abbs/wkw/WHD6K05.jsp?ab=AAAdkxAAHAAAGrSAAD&bc=103&cd=%AA%6B%B5%6E%A5%4C++++++++++++++&de=000031&ef=CHD&fg=1"
"48","財團法人全興文教基金會","http://cdcb.judicial.gov.tw/abbs/wkw/WHD6K05.jsp?ab=AAAdkxAAHAAAGrSAAE&bc=103&cd=%AA%6B%B5%6E%A5%4C++++++++++++++&de=000032&ef=CHD&fg=1"
"143","財團法人彰化縣私立柯豆社會福利慈善事業基金會","http://cdcb.judicial.gov.tw/abbs/wkw/WHD6K05.jsp?ab=AAAdkxAAHAAAGqjAAE&bc=103&cd=%AA%6B%B5%6E%A5%4C++++++++++++++&de=000033&ef=CHD&fg=1"
"232","社團法人彰化縣鹿港國際青年商會","http://cdcb.judicial.gov.tw/abbs/wkw/WHD6K05.jsp?ab=AAAdkxAAHAAAGriAAH&bc=103&cd=%AA%6B%B5%6E%A5%4C++++++++++++++&de=000035&ef=CHD&fg=1"
"486","社團法人彰化縣繹如齊宗教會","http://cdcb.judicial.gov.tw/abbs/wkw/WHD6K05.jsp?ab=AAAdkxAAHAAAGtJAAI&bc=103&cd=%AA%6B%B5%6E%A5%4C++++++++++++++&de=000036&ef=CHD&fg=1"
"22","財團法人天主教耶穌聖心修女會","http://cdcb.judicial.gov.tw/abbs/wkw/WHD6K05.jsp?ab=AAAdkxAAHAAAGriAAI&bc=103&cd=%AA%6B%B5%6E%A5%4C++++++++++++++&de=000038&ef=CHD&fg=1"
"14","財團法人臺灣省彰化縣私立達德高級商工職業學校","http://cdcb.judicial.gov.tw/abbs/wkw/WHD6K05.jsp?ab=AAAdkxAAHAAAGpjAAJ&bc=103&cd=%AA%6B%B5%6E%A5%4C++++++++++++++&de=000017&ef=CHD&fg=1"
"287","財團法人彰化縣私立希望社會福利慈善事業基金會","http://cdcb.judicial.gov.tw/abbs/wkw/WHD6K05.jsp?ab=AAAdkxAAHAAAGplAAB&bc=103&cd=%AA%6B%B5%6E%A5%4C++++++++++++++&de=000018&ef=CHD&fg=1"
"281","財團法人中華基督教彰化浸信會","http://cdcb.judicial.gov.tw/abbs/wkw/WHD6K05.jsp?ab=AAAdkxAAHAAAGpjAAK&bc=103&cd=%AA%6B%B5%6E%A5%4C++++++++++++++&de=000019&ef=CHD&fg=1"
"40","財團法人彰化縣私立崇德社會福利慈善事業基金會","http://cdcb.judicial.gov.tw/abbs/wkw/WHD6K05.jsp?ab=AAAdkxAAHAAAGpjAAL&bc=103&cd=%AA%6B%B5%6E%A5%4C++++++++++++++&de=000020&ef=CHD&fg=1"
"8","財團法人臺灣省彰化縣私立文興高級中學","http://cdcb.judicial.gov.tw/abbs/wkw/WHD6K05.jsp?ab=AAAdkxAAHAAAGruAAB&bc=103&cd=%AA%6B%B5%6E%A5%4C++++++++++++++&de=000021&ef=CHD&fg=1"
"121","財團法人彰化縣私立珍瑩老人養護中心","http://cdcb.judicial.gov.tw/abbs/wkw/WHD6K05.jsp?ab=AAAdkxAAHAAAGqpAAE&bc=103&cd=%AA%6B%B5%6E%A5%4C++++++++++++++&de=000022&ef=CHD&fg=1"
"11","財團法人彰化縣私立大慶高級商工職業學校","http://cdcb.judicial.gov.tw/abbs/wkw/WHD6K05.jsp?ab=AAAdkxAAHAAAGq5AAE&bc=103&cd=%AA%6B%B5%6E%A5%4C++++++++++++++&de=000023&ef=CHD&fg=1"
"314","財團法人彰化縣私立青山社會福利慈善事業基金會","http://cdcb.judicial.gov.tw/abbs/wkw/WHD6K05.jsp?ab=AAAdkxAAHAAAGrSAAF&bc=103&cd=%AA%6B%B5%6E%A5%4C++++++++++++++&de=000024&ef=CHD&fg=1"
"378","社團法人彰化縣東熒社會福利促進會","http://cdcb.judicial.gov.tw/abbs/wkw/WHD6K05.jsp?ab=AAAdkxAAHAAAGqgAAI&bc=103&cd=%AA%6B%B5%6E%A5%4C++++++++++++++&de=000025&ef=CHD&fg=1"
"10","正德學校財團法人","http://cdcb.judicial.gov.tw/abbs/wkw/WHD6K05.jsp?ab=AAAdkxAAHAAAGr%2FAAA&bc=103&cd=%AA%6B%B5%6E%A5%4C++++++++++++++&de=000026&ef=CHD&fg=1"
"77","社團法人彰化縣秀水鄉雅興社區發展協會","http://cdcb.judicial.gov.tw/abbs/wkw/WHD6K05.jsp?ab=AAAdkxAAHAAAGqAAAA&bc=103&cd=%AA%6B%B5%6E%A5%4C++++++++++++++&de=000006&ef=CHD&fg=1"
"15","財團法人建國科技大學","http://cdcb.judicial.gov.tw/abbs/wkw/WHD6K05.jsp?ab=AAAdkxAAHAAAGoyAAG&bc=103&cd=%AA%6B%B5%6E%A5%4C++++++++++++++&de=000007&ef=CHD&fg=1"
"389","社團法人彰化縣美利達單車協會","http://cdcb.judicial.gov.tw/abbs/wkw/WHD6K05.jsp?ab=AAAdkxAAHAAAGpwAAK&bc=103&cd=%AA%6B%B5%6E%A5%4C++++++++++++++&de=000008&ef=CHD&fg=1"
"298","社團法人中華民國喜樂身心靈障礙者福利促進協會","http://cdcb.judicial.gov.tw/abbs/wkw/WHD6K05.jsp?ab=AAAdkxAAHAAAGplAAC&bc=103&cd=%AA%6B%B5%6E%A5%4C++++++++++++++&de=000009&ef=CHD&fg=1"
"185","財團法人彰化縣私立海頓社會福利慈善事業基金會","http://cdcb.judicial.gov.tw/abbs/wkw/WHD6K05.jsp?ab=AAAdkxAAHAAAGpPAAA&bc=103&cd=%AA%6B%B5%6E%A5%4C++++++++++++++&de=000010&ef=CHD&fg=1"
"256","社團法人彰化縣員林國際青年商會","http://cdcb.judicial.gov.tw/abbs/wkw/WHD6K05.jsp?ab=AAAdkxAAHAAAGp%2FAAK&bc=103&cd=%AA%6B%B5%6E%A5%4C++++++++++++++&de=000012&ef=CHD&fg=1"
"303","財團法人台灣護聖宮教育基金會","http://cdcb.judicial.gov.tw/abbs/wkw/WHD6K05.jsp?ab=AAAdkxAAHAAAGqPAAA&bc=103&cd=%AA%6B%B5%6E%A5%4C++++++++++++++&de=000013&ef=CHD&fg=1"
"2","中州學校財團法人","http://cdcb.judicial.gov.tw/abbs/wkw/WHD6K05.jsp?ab=AAAdkxAAHAAAGqpAAD&bc=103&cd=%AA%6B%B5%6E%A5%4C++++++++++++++&de=000014&ef=CHD&fg=1"
"465","財團法人基督教會彰化主恩靈糧堂","http://cdcb.judicial.gov.tw/abbs/wkw/WHD6K05.jsp?ab=AAAdkxAAHAAAGqPAAC&bc=103&cd=%AA%6B%B5%6E%A5%4C++++++++++++++&de=000015&ef=CHD&fg=1"
"214","社團法人彰化縣志願服務協會","http://cdcb.judicial.gov.tw/abbs/wkw/WHD6K05.jsp?ab=AAAdkxAAHAAAGplAAA&bc=103&cd=%AA%6B%B5%6E%A5%4C++++++++++++++&de=000016&ef=CHD&fg=1"
"548","社團法人彰化縣兒童少年關懷協會","http://cdcb.judicial.gov.tw/abbs/wkw/WHD6K05.jsp?ab=AAAdkxAAHAAAGpHAAJ&bc=102&cd=%AA%6B%B5%6E%AA%C0++++++++++++++&de=000031&ef=CHD&fg=1"
"550","社團法人中華長青婦幼協會","http://cdcb.judicial.gov.tw/abbs/wkw/WHD6K05.jsp?ab=AAAdkxAAHAAAGozAAH&bc=102&cd=%AA%6B%B5%6E%AA%C0++++++++++++++&de=000032&ef=CHD&fg=1"
"551","社團法人台灣熱氣球協會","http://cdcb.judicial.gov.tw/abbs/wkw/WHD6K05.jsp?ab=AAAdkxAAHAAAGpDAAD&bc=102&cd=%AA%6B%B5%6E%AA%C0++++++++++++++&de=000033&ef=CHD&fg=1"
"531","財團法人大庄慈雲寺護理之家","http://cdcb.judicial.gov.tw/abbs/wkw/WHD6K05.jsp?ab=AAAdkxAAHAAAGlAAAC&bc=102&cd=%AA%6B%B5%6E%B0%5D++++++++++++++&de=000001&ef=CHD&fg=1"
"545","財團法人佛教宇宙光般若自在門功德基金會","http://cdcb.judicial.gov.tw/abbs/wkw/WHD6K05.jsp?ab=AAAdkxAAHAAAGowAAF&bc=102&cd=%AA%6B%B5%6E%B0%5D++++++++++++++&de=000002&ef=CHD&fg=1"
"38","財團法人彰化縣文化基金會","http://cdcb.judicial.gov.tw/abbs/wkw/WHD6K05.jsp?ab=AAAdkxAAHAAAGq5AAF&bc=103&cd=%AA%6B%B5%6E%A5%4C++++++++++++++&de=000001&ef=CHD&fg=1"
"311","財團法人彰化縣取得私有既成道路基金會","http://cdcb.judicial.gov.tw/abbs/wkw/WHD6K05.jsp?ab=AAAdkxAAHAAAGpPAAB&bc=103&cd=%AA%6B%B5%6E%A5%4C++++++++++++++&de=000002&ef=CHD&fg=1"
"49","財團法人大葉大學","http://cdcb.judicial.gov.tw/abbs/wkw/WHD6K05.jsp?ab=AAAdkxAAHAAAGqAAAB&bc=103&cd=%AA%6B%B5%6E%A5%4C++++++++++++++&de=000003&ef=CHD&fg=1"
"332","財團法人彰化縣私立慈恩社會福利慈善事業基金會","http://cdcb.judicial.gov.tw/abbs/wkw/WHD6K05.jsp?ab=AAAdkxAAHAAAGqAAAD&bc=103&cd=%AA%6B%B5%6E%A5%4C++++++++++++++&de=000004&ef=CHD&fg=1"
"537","社團法人彰化縣職能教育發展協會","http://cdcb.judicial.gov.tw/abbs/wkw/WHD6K05.jsp?ab=AAAdkxAAHAAAGnXAAC&bc=102&cd=%AA%6B%B5%6E%AA%C0++++++++++++++&de=000021&ef=CHD&fg=1"
"538","社團法人彰化縣小嶺頂愛啟兒關懷協會","http://cdcb.judicial.gov.tw/abbs/wkw/WHD6K05.jsp?ab=AAAdkxAAHAAAGnUAAF&bc=102&cd=%AA%6B%B5%6E%AA%C0++++++++++++++&de=000022&ef=CHD&fg=1"
"542","社團法人中華廣博慈善協會","http://cdcb.judicial.gov.tw/abbs/wkw/WHD6K05.jsp?ab=AAAdkxAAHAAAGkWAAL&bc=102&cd=%AA%6B%B5%6E%AA%C0++++++++++++++&de=000023&ef=CHD&fg=1"
"539","社團法人彰化縣秀水鄉鶴鳴社區發展協會","http://cdcb.judicial.gov.tw/abbs/wkw/WHD6K05.jsp?ab=AAAdkxAAHAAAGmlAAC&bc=102&cd=%AA%6B%B5%6E%AA%C0++++++++++++++&de=000024&ef=CHD&fg=1"
"543","社團法人彰化縣竹塘鄉老人會","http://cdcb.judicial.gov.tw/abbs/wkw/WHD6K05.jsp?ab=AAAdkxAAHAAAGoYAAE&bc=102&cd=%AA%6B%B5%6E%AA%C0++++++++++++++&de=000025&ef=CHD&fg=1"
"540","社團法人彰化縣林翠蓮愛心教育慈善協會","http://cdcb.judicial.gov.tw/abbs/wkw/WHD6K05.jsp?ab=AAAdkxAAHAAAGoFAAG&bc=102&cd=%AA%6B%B5%6E%AA%C0++++++++++++++&de=000026&ef=CHD&fg=1"
"544","社團法人彰化縣二水鄉老人會","http://cdcb.judicial.gov.tw/abbs/wkw/WHD6K05.jsp?ab=AAAdkxAAHAAAGsIAAA&bc=102&cd=%AA%6B%B5%6E%AA%C0++++++++++++++&de=000027&ef=CHD&fg=1"
"546","社團法人中華民國關懷弱勢家庭協會","http://cdcb.judicial.gov.tw/abbs/wkw/WHD6K05.jsp?ab=AAAdkxAAHAAAGo0AAB&bc=102&cd=%AA%6B%B5%6E%AA%C0++++++++++++++&de=000028&ef=CHD&fg=1"
"549","社團法人彰化縣王功林姓宗祠宗親會","http://cdcb.judicial.gov.tw/abbs/wkw/WHD6K05.jsp?ab=AAAdkxAAHAAAGroAAC&bc=102&cd=%AA%6B%B5%6E%AA%C0++++++++++++++&de=000029&ef=CHD&fg=1"
"547","社團法人彰化縣秀水鄉埔崙社區發展協會","http://cdcb.judicial.gov.tw/abbs/wkw/WHD6K05.jsp?ab=AAAdkxAAHAAAGpHAAK&bc=102&cd=%AA%6B%B5%6E%AA%C0++++++++++++++&de=000030&ef=CHD&fg=1"
"526","社團法人彰化縣自立生活協會","http://cdcb.judicial.gov.tw/abbs/wkw/WHD6K05.jsp?ab=AAAdkxAAHAAAGj0AAD&bc=102&cd=%AA%6B%B5%6E%AA%C0++++++++++++++&de=000011&ef=CHD&fg=1"
"528","社團法人彰化縣關懷兒童少年權益發展協會","http://cdcb.judicial.gov.tw/abbs/wkw/WHD6K05.jsp?ab=AAAdkxAAHAAAGgWAAF&bc=102&cd=%AA%6B%B5%6E%AA%C0++++++++++++++&de=000012&ef=CHD&fg=1"
"529","社團法人彰化縣錦成閣高甲戲曲文化學會","http://cdcb.judicial.gov.tw/abbs/wkw/WHD6K05.jsp?ab=AAAdkxAAHAAAGjGAAJ&bc=102&cd=%AA%6B%B5%6E%AA%C0++++++++++++++&de=000013&ef=CHD&fg=1"
"530","社團法人彰化縣終身學習協會","http://cdcb.judicial.gov.tw/abbs/wkw/WHD6K05.jsp?ab=AAAdkxAAHAAAGlAAAB&bc=102&cd=%AA%6B%B5%6E%AA%C0++++++++++++++&de=000014&ef=CHD&fg=1"
"532","社團法人彰化縣協靈堂民俗文化推廣協會","http://cdcb.judicial.gov.tw/abbs/wkw/WHD6K05.jsp?ab=AAAdkxAAHAAAGm%2FAAI&bc=102&cd=%AA%6B%B5%6E%AA%C0++++++++++++++&de=000015&ef=CHD&fg=1"
"533","社團法人台灣新活力促進協會","http://cdcb.judicial.gov.tw/abbs/wkw/WHD6K05.jsp?ab=AAAdkxAAHAAAGmwAAK&bc=102&cd=%AA%6B%B5%6E%AA%C0++++++++++++++&de=000016&ef=CHD&fg=1"
"534","社團法人彰化縣金瑞瑩四喜慈善會","http://cdcb.judicial.gov.tw/abbs/wkw/WHD6K05.jsp?ab=AAAdkxAAHAAAGoAAAF&bc=102&cd=%AA%6B%B5%6E%AA%C0++++++++++++++&de=000017&ef=CHD&fg=1"
"535","社團法人彰化縣大竹慈惠堂文教協會","http://cdcb.judicial.gov.tw/abbs/wkw/WHD6K05.jsp?ab=AAAdkxAAHAAAGn2AAA&bc=102&cd=%AA%6B%B5%6E%AA%C0++++++++++++++&de=000018&ef=CHD&fg=1"
"541","社團法人彰化縣新移民協會","http://cdcb.judicial.gov.tw/abbs/wkw/WHD6K05.jsp?ab=AAAdkxAAHAAAGkWAAK&bc=102&cd=%AA%6B%B5%6E%AA%C0++++++++++++++&de=000019&ef=CHD&fg=1"
"536","社團法人彰化縣幸福觀光發展協會","http://cdcb.judicial.gov.tw/abbs/wkw/WHD6K05.jsp?ab=AAAdkxAAHAAAGnXAAB&bc=102&cd=%AA%6B%B5%6E%AA%C0++++++++++++++&de=000020&ef=CHD&fg=1"
"153","財團法人彰化縣公益頻道基金會","http://cdcb.judicial.gov.tw/abbs/wkw/WHD6K05.jsp?ab=AAAdkxAAHAAAGpuAAL&bc=102&cd=%AA%6B%B5%6E%A5%4C++++++++++++++&de=000129&ef=CHD&fg=1"
"521","社團法人中華民國博揚技能培訓協會","http://cdcb.judicial.gov.tw/abbs/wkw/WHD6K05.jsp?ab=AAAdkxAAHAAAGhIAAG&bc=102&cd=%AA%6B%B5%6E%AA%C0++++++++++++++&de=000001&ef=CHD&fg=1"
"518","社團法人中華數位植牙醫學會","http://cdcb.judicial.gov.tw/abbs/wkw/WHD6K05.jsp?ab=AAAdkxAAHAAAGiKAAK&bc=102&cd=%AA%6B%B5%6E%AA%C0++++++++++++++&de=000002&ef=CHD&fg=1"
"517","社團法人彰化縣鹿港武澤宮宗教文化協會","http://cdcb.judicial.gov.tw/abbs/wkw/WHD6K05.jsp?ab=AAAdkxAAHAAAGh8AAL&bc=102&cd=%AA%6B%B5%6E%AA%C0++++++++++++++&de=000003&ef=CHD&fg=1"
"523","社團法人台灣醫療器材創新發展協會","http://cdcb.judicial.gov.tw/abbs/wkw/WHD6K05.jsp?ab=AAAdkxAAHAAAGhrAAJ&bc=102&cd=%AA%6B%B5%6E%AA%C0++++++++++++++&de=000004&ef=CHD&fg=1"
"520","社團法人彰化縣國民健康推廣協會","http://cdcb.judicial.gov.tw/abbs/wkw/WHD6K05.jsp?ab=AAAdkxAAHAAAGhhAAB&bc=102&cd=%AA%6B%B5%6E%AA%C0++++++++++++++&de=000005&ef=CHD&fg=1"
"522","社團法人彰化縣員林廣寧樂善團","http://cdcb.judicial.gov.tw/abbs/wkw/WHD6K05.jsp?ab=AAAdkxAAHAAAGhIAAC&bc=102&cd=%AA%6B%B5%6E%AA%C0++++++++++++++&de=000006&ef=CHD&fg=1"
"515","社團法人彰化縣慈天宮張府天師會","http://cdcb.judicial.gov.tw/abbs/wkw/WHD6K05.jsp?ab=AAAdkxAAHAAAGgwAAB&bc=102&cd=%AA%6B%B5%6E%AA%C0++++++++++++++&de=000007&ef=CHD&fg=1"
"519","社團法人彰化縣員青獅子會","http://cdcb.judicial.gov.tw/abbs/wkw/WHD6K05.jsp?ab=AAAdkxAAHAAAGiKAAI&bc=102&cd=%AA%6B%B5%6E%AA%C0++++++++++++++&de=000008&ef=CHD&fg=1"
"525","社團法人彰化縣正向行為支持協會","http://cdcb.judicial.gov.tw/abbs/wkw/WHD6K05.jsp?ab=AAAdkxAAHAAAGhTAAG&bc=102&cd=%AA%6B%B5%6E%AA%C0++++++++++++++&de=000009&ef=CHD&fg=1"
"347","財團法人彰化縣私立順德公益慈善事業基金會","http://cdcb.judicial.gov.tw/abbs/wkw/WHD6K05.jsp?ab=AAAdkxAAHAAAGpXAAA&bc=102&cd=%AA%6B%B5%6E%A5%4C++++++++++++++&de=000117&ef=CHD&fg=1"
"124","財團法人彰化高商文教基金會","http://cdcb.judicial.gov.tw/abbs/wkw/WHD6K05.jsp?ab=AAAdkxAAHAAAGptAAE&bc=102&cd=%AA%6B%B5%6E%A5%4C++++++++++++++&de=000118&ef=CHD&fg=1"
"247","財團法人彰化縣私立葳群公益慈善事業基金會","http://cdcb.judicial.gov.tw/abbs/wkw/WHD6K05.jsp?ab=AAAdkxAAHAAAGpHAAL&bc=102&cd=%AA%6B%B5%6E%A5%4C++++++++++++++&de=000119&ef=CHD&fg=1"
"218","財團法人車輛研究測試中心","http://cdcb.judicial.gov.tw/abbs/wkw/WHD6K05.jsp?ab=AAAdkxAAHAAAGrbAAB&bc=102&cd=%AA%6B%B5%6E%A5%4C++++++++++++++&de=000121&ef=CHD&fg=1"
"139","財團法人台中汽車協會文教基金會","http://cdcb.judicial.gov.tw/abbs/wkw/WHD6K05.jsp?ab=AAAdkxAAHAAAGrrAAG&bc=102&cd=%AA%6B%B5%6E%A5%4C++++++++++++++&de=000122&ef=CHD&fg=1"
"148","財團法人彰化縣朝陽文教基金會","http://cdcb.judicial.gov.tw/abbs/wkw/WHD6K05.jsp?ab=AAAdkxAAHAAAGrrAAF&bc=102&cd=%AA%6B%B5%6E%A5%4C++++++++++++++&de=000123&ef=CHD&fg=1"
"21","財團法人臺灣省彰化縣私立精誠高級中學","http://cdcb.judicial.gov.tw/abbs/wkw/WHD6K05.jsp?ab=AAAdkxAAHAAAGpuAAK&bc=102&cd=%AA%6B%B5%6E%A5%4C++++++++++++++&de=000124&ef=CHD&fg=1"
"326","社團法人彰化縣記帳及報稅代理業務人公會","http://cdcb.judicial.gov.tw/abbs/wkw/WHD6K05.jsp?ab=AAAdkxAAHAAAGocAAJ&bc=102&cd=%AA%6B%B5%6E%A5%4C++++++++++++++&de=000127&ef=CHD&fg=1"
"506","財團法人彰化縣私立愛蓮社會福利慈善事業基金會","http://cdcb.judicial.gov.tw/abbs/wkw/WHD6K05.jsp?ab=AAAdkxAAHAAAGocAAI&bc=102&cd=%AA%6B%B5%6E%A5%4C++++++++++++++&de=000128&ef=CHD&fg=1"
"119","財團法人仁愛殘障文教基金會","http://cdcb.judicial.gov.tw/abbs/wkw/WHD6K05.jsp?ab=AAAdkxAAHAAAGn0AAB&bc=102&cd=%AA%6B%B5%6E%A5%4C++++++++++++++&de=000107&ef=CHD&fg=1"
"430","社團法人彰化縣立馨社會服務關懷協會","http://cdcb.judicial.gov.tw/abbs/wkw/WHD6K05.jsp?ab=AAAdkxAAHAAAGotAAI&bc=102&cd=%AA%6B%B5%6E%A5%4C++++++++++++++&de=000109&ef=CHD&fg=1"
"71","財團法人金豊佛苑文教基金會","http://cdcb.judicial.gov.tw/abbs/wkw/WHD6K05.jsp?ab=AAAdkxAAHAAAGn3AAC&bc=102&cd=%AA%6B%B5%6E%A5%4C++++++++++++++&de=000110&ef=CHD&fg=1"
"469","社團法人彰化縣樹人社會福利協會","http://cdcb.judicial.gov.tw/abbs/wkw/WHD6K05.jsp?ab=AAAdkxAAHAAAGpGAAE&bc=102&cd=%AA%6B%B5%6E%A5%4C++++++++++++++&de=000111&ef=CHD&fg=1"
"30","財團法人基督教中華協力會","http://cdcb.judicial.gov.tw/abbs/wkw/WHD6K05.jsp?ab=AAAdkxAAHAAAGotAAJ&bc=102&cd=%AA%6B%B5%6E%A5%4C++++++++++++++&de=000112&ef=CHD&fg=1"
"54","財團法人員林蓮社文教基金會","http://cdcb.judicial.gov.tw/abbs/wkw/WHD6K05.jsp?ab=AAAdkxAAHAAAGpGAAC&bc=102&cd=%AA%6B%B5%6E%A5%4C++++++++++++++&de=000113&ef=CHD&fg=1"
"69","財團法人彰化縣賴許柔文教基金會","http://cdcb.judicial.gov.tw/abbs/wkw/WHD6K05.jsp?ab=AAAdkxAAHAAAGpXAAB&bc=102&cd=%AA%6B%B5%6E%A5%4C++++++++++++++&de=000114&ef=CHD&fg=1"
"297","社團法人彰化縣喜樂小兒麻痺關懷協會","http://cdcb.judicial.gov.tw/abbs/wkw/WHD6K05.jsp?ab=AAAdkxAAHAAAGqbAAF&bc=102&cd=%AA%6B%B5%6E%A5%4C++++++++++++++&de=000115&ef=CHD&fg=1"
"56","財團法人錫卿文教基金會","http://cdcb.judicial.gov.tw/abbs/wkw/WHD6K05.jsp?ab=AAAdkxAAHAAAGptAAF&bc=102&cd=%AA%6B%B5%6E%A5%4C++++++++++++++&de=000116&ef=CHD&fg=1"
"437","社團法人彰化縣建築師公會","http://cdcb.judicial.gov.tw/abbs/wkw/WHD6K05.jsp?ab=AAAdkxAAHAAAGmcAAD&bc=102&cd=%AA%6B%B5%6E%A5%4C++++++++++++++&de=000097&ef=CHD&fg=1"
"429","財團法人月星社會福利慈善事業基金會","http://cdcb.judicial.gov.tw/abbs/wkw/WHD6K05.jsp?ab=AAAdkxAAHAAAGn5AAD&bc=102&cd=%AA%6B%B5%6E%A5%4C++++++++++++++&de=000098&ef=CHD&fg=1"
"171","秀傳醫療財團法人","http://cdcb.judicial.gov.tw/abbs/wkw/WHD6K05.jsp?ab=AAAdkxAAHAAAGn5AAE&bc=102&cd=%AA%6B%B5%6E%A5%4C++++++++++++++&de=000099&ef=CHD&fg=1"
"357","社團法人彰化縣順安宮慈善會","http://cdcb.judicial.gov.tw/abbs/wkw/WHD6K05.jsp?ab=AAAdkxAAHAAAGmKAAB&bc=102&cd=%AA%6B%B5%6E%A5%4C++++++++++++++&de=000100&ef=CHD&fg=1"
"445","社團法人台灣省國際獅子會第七聯合會","http://cdcb.judicial.gov.tw/abbs/wkw/WHD6K05.jsp?ab=AAAdkxAAHAAAGmDAAL&bc=102&cd=%AA%6B%B5%6E%A5%4C++++++++++++++&de=000102&ef=CHD&fg=1"
"37","財團法人王萬進文教基金會","http://cdcb.judicial.gov.tw/abbs/wkw/WHD6K05.jsp?ab=AAAdkxAAHAAAGlqAAG&bc=102&cd=%AA%6B%B5%6E%A5%4C++++++++++++++&de=000103&ef=CHD&fg=1"
"19","財團法人彰化縣私立慈生仁愛院","http://cdcb.judicial.gov.tw/abbs/wkw/WHD6K05.jsp?ab=AAAdkxAAHAAAGnmAAL&bc=102&cd=%AA%6B%B5%6E%A5%4C++++++++++++++&de=000104&ef=CHD&fg=1"
"323","財團法人雄和教育基金會","http://cdcb.judicial.gov.tw/abbs/wkw/WHD6K05.jsp?ab=AAAdkxAAHAAAGkUAAF&bc=102&cd=%AA%6B%B5%6E%A5%4C++++++++++++++&de=000106&ef=CHD&fg=1"
"179","社團法人彰化縣松柏扶輪社","http://cdcb.judicial.gov.tw/abbs/wkw/WHD6K05.jsp?ab=AAAdkxAAHAAAGmxAAF&bc=102&cd=%AA%6B%B5%6E%A5%4C++++++++++++++&de=000087&ef=CHD&fg=1"
"157","財團法人彰化縣育兒福幼稚教育基金會","http://cdcb.judicial.gov.tw/abbs/wkw/WHD6K05.jsp?ab=AAAdkxAAHAAAGmcAAE&bc=102&cd=%AA%6B%B5%6E%A5%4C++++++++++++++&de=000089&ef=CHD&fg=1"
"334","社團法人彰化縣千愛慈善會","http://cdcb.judicial.gov.tw/abbs/wkw/WHD6K05.jsp?ab=AAAdkxAAHAAAGmaAAD&bc=102&cd=%AA%6B%B5%6E%A5%4C++++++++++++++&de=000090&ef=CHD&fg=1"
"248","社團法人彰化縣保母協會","http://cdcb.judicial.gov.tw/abbs/wkw/WHD6K05.jsp?ab=AAAdkxAAHAAAGncAAA&bc=102&cd=%AA%6B%B5%6E%A5%4C++++++++++++++&de=000091&ef=CHD&fg=1"
"335","社團法人中華陽光社會福利服務協會","http://cdcb.judicial.gov.tw/abbs/wkw/WHD6K05.jsp?ab=AAAdkxAAHAAAGmcAAI&bc=102&cd=%AA%6B%B5%6E%A5%4C++++++++++++++&de=000094&ef=CHD&fg=1"
"145","財團法人中醫藥發展基金會","http://cdcb.judicial.gov.tw/abbs/wkw/WHD6K05.jsp?ab=AAAdkxAAHAAAGn5AAC&bc=102&cd=%AA%6B%B5%6E%A5%4C++++++++++++++&de=000095&ef=CHD&fg=1"
"405","財團法人彰化縣音樂教育發展文化基金會","http://cdcb.judicial.gov.tw/abbs/wkw/WHD6K05.jsp?ab=AAAdkxAAHAAAGneAAL&bc=102&cd=%AA%6B%B5%6E%A5%4C++++++++++++++&de=000079&ef=CHD&fg=1"
"244","財團法人正新輪胎羅結教育基金會","http://cdcb.judicial.gov.tw/abbs/wkw/WHD6K05.jsp?ab=AAAdkxAAHAAAGneAAK&bc=102&cd=%AA%6B%B5%6E%A5%4C++++++++++++++&de=000080&ef=CHD&fg=1"
"339","財團法人台中市私立宏恩社會福利慈善基金會","http://cdcb.judicial.gov.tw/abbs/wkw/WHD6K05.jsp?ab=AAAdkxAAHAAAGmxAAD&bc=102&cd=%AA%6B%B5%6E%A5%4C++++++++++++++&de=000081&ef=CHD&fg=1"
"497","社團法人彰化縣觀護協會","http://cdcb.judicial.gov.tw/abbs/wkw/WHD6K05.jsp?ab=AAAdkxAAHAAAGneAAJ&bc=102&cd=%AA%6B%B5%6E%A5%4C++++++++++++++&de=000082&ef=CHD&fg=1"
"251","社團法人彰化縣埔鹽鄉永樂社區發展協會","http://cdcb.judicial.gov.tw/abbs/wkw/WHD6K05.jsp?ab=AAAdkxAAHAAAGnwAAC&bc=102&cd=%AA%6B%B5%6E%A5%4C++++++++++++++&de=000083&ef=CHD&fg=1"
"477","財團法人基督教瑪喜樂社會福利基金會","http://cdcb.judicial.gov.tw/abbs/wkw/WHD6K05.jsp?ab=AAAdkxAAHAAAGm7AAF&bc=102&cd=%AA%6B%B5%6E%A5%4C++++++++++++++&de=000084&ef=CHD&fg=1"
"331","財團法人彰化縣私立松柏社會福利慈善事業基金會","http://cdcb.judicial.gov.tw/abbs/wkw/WHD6K05.jsp?ab=AAAdkxAAHAAAGkSAAH&bc=102&cd=%AA%6B%B5%6E%A5%4C++++++++++++++&de=000085&ef=CHD&fg=1"
"379","社團法人彰化縣自閉症肯納家長協會","http://cdcb.judicial.gov.tw/abbs/wkw/WHD6K05.jsp?ab=AAAdkxAAHAAAGmcAAG&bc=102&cd=%AA%6B%B5%6E%A5%4C++++++++++++++&de=000086&ef=CHD&fg=1"
"149","社團法人彰化縣和美鎮老人會","http://cdcb.judicial.gov.tw/abbs/wkw/WHD6K05.jsp?ab=AAAdkxAAHAAAGm2AAF&bc=102&cd=%AA%6B%B5%6E%A5%4C++++++++++++++&de=000067&ef=CHD&fg=1"
"120","財團法人台灣省彰化縣彰化市寺廟白龍庵三山匯館","http://cdcb.judicial.gov.tw/abbs/wkw/WHD6K05.jsp?ab=AAAdkxAAHAAAGmxAAC&bc=102&cd=%AA%6B%B5%6E%A5%4C++++++++++++++&de=000068&ef=CHD&fg=1"
"352","社團法人彰化縣道教會","http://cdcb.judicial.gov.tw/abbs/wkw/WHD6K05.jsp?ab=AAAdkxAAHAAAGlYAAH&bc=102&cd=%AA%6B%B5%6E%A5%4C++++++++++++++&de=000069&ef=CHD&fg=1"
"235","社團法人彰化縣生命線協會","http://cdcb.judicial.gov.tw/abbs/wkw/WHD6K05.jsp?ab=AAAdkxAAHAAAGmXAAI&bc=102&cd=%AA%6B%B5%6E%A5%4C++++++++++++++&de=000070&ef=CHD&fg=1"
"20","財團法人彰化縣私立博愛服務中心","http://cdcb.judicial.gov.tw/abbs/wkw/WHD6K05.jsp?ab=AAAdkxAAHAAAGm2AAG&bc=102&cd=%AA%6B%B5%6E%A5%4C++++++++++++++&de=000071&ef=CHD&fg=1"
"167","社團法人彰化縣天德教會","http://cdcb.judicial.gov.tw/abbs/wkw/WHD6K05.jsp?ab=AAAdkxAAHAAAGm2AAC&bc=102&cd=%AA%6B%B5%6E%A5%4C++++++++++++++&de=000072&ef=CHD&fg=1"
"418","社團法人彰化縣秀水鄉馬興社區發展協會","http://cdcb.judicial.gov.tw/abbs/wkw/WHD6K05.jsp?ab=AAAdkxAAHAAAGmAAAH&bc=102&cd=%AA%6B%B5%6E%A5%4C++++++++++++++&de=000073&ef=CHD&fg=1"
"163","財團法人彰化縣私立慈恩老人養護中心","http://cdcb.judicial.gov.tw/abbs/wkw/WHD6K05.jsp?ab=AAAdkxAAHAAAGmeAAI&bc=102&cd=%AA%6B%B5%6E%A5%4C++++++++++++++&de=000074&ef=CHD&fg=1"
"134","彰化基督教醫療財團法人","http://cdcb.judicial.gov.tw/abbs/wkw/WHD6K05.jsp?ab=AAAdkxAAHAAAGm%2BAAF&bc=102&cd=%AA%6B%B5%6E%A5%4C++++++++++++++&de=000075&ef=CHD&fg=1"
"202","財團法人國立員林高級中學文教基金會","http://cdcb.judicial.gov.tw/abbs/wkw/WHD6K05.jsp?ab=AAAdkxAAHAAAGm7AAG&bc=102&cd=%AA%6B%B5%6E%A5%4C++++++++++++++&de=000076&ef=CHD&fg=1"
"65","財團法人彰化縣許水森文教基金會","http://cdcb.judicial.gov.tw/abbs/wkw/WHD6K05.jsp?ab=AAAdkxAAHAAAGlYAAI&bc=102&cd=%AA%6B%B5%6E%A5%4C++++++++++++++&de=000057&ef=CHD&fg=1"
"220","財團法人國立彰化師範大學附屬高級工業職業學校文教基金會","http://cdcb.judicial.gov.tw/abbs/wkw/WHD6K05.jsp?ab=AAAdkxAAHAAAGm2AAE&bc=102&cd=%AA%6B%B5%6E%A5%4C++++++++++++++&de=000058&ef=CHD&fg=1"
"128","財團法人彰化縣私立至誠社會福利慈善事業基金會","http://cdcb.judicial.gov.tw/abbs/wkw/WHD6K05.jsp?ab=AAAdkxAAHAAAGmYAAK&bc=102&cd=%AA%6B%B5%6E%A5%4C++++++++++++++&de=000059&ef=CHD&fg=1"
"336","財團法人粘得紀念教育基金會","http://cdcb.judicial.gov.tw/abbs/wkw/WHD6K05.jsp?ab=AAAdkxAAHAAAGmXAAH&bc=102&cd=%AA%6B%B5%6E%A5%4C++++++++++++++&de=000060&ef=CHD&fg=1"
"450","社團法人彰化縣水五金產業發展協會","http://cdcb.judicial.gov.tw/abbs/wkw/WHD6K05.jsp?ab=AAAdkxAAHAAAGmAAAI&bc=102&cd=%AA%6B%B5%6E%A5%4C++++++++++++++&de=000062&ef=CHD&fg=1"
"422","財團法人彰化縣私立李氏社會福利慈善事業基金會","http://cdcb.judicial.gov.tw/abbs/wkw/WHD6K05.jsp?ab=AAAdkxAAHAAAGmeAAK&bc=102&cd=%AA%6B%B5%6E%A5%4C++++++++++++++&de=000064&ef=CHD&fg=1"
"195","財團法人陳秀卿文教基金會","http://cdcb.judicial.gov.tw/abbs/wkw/WHD6K05.jsp?ab=AAAdkxAAHAAAGlZAAC&bc=102&cd=%AA%6B%B5%6E%A5%4C++++++++++++++&de=000065&ef=CHD&fg=1"
"392","社團法人台灣海星少年關懷協會","http://cdcb.judicial.gov.tw/abbs/wkw/WHD6K05.jsp?ab=AAAdkxAAHAAAGnwAAD&bc=102&cd=%AA%6B%B5%6E%A5%4C++++++++++++++&de=000066&ef=CHD&fg=1"
"188","社團法人彰化縣聾人協會","http://cdcb.judicial.gov.tw/abbs/wkw/WHD6K05.jsp?ab=AAAdkxAAHAAAGgWAAG&bc=102&cd=%AA%6B%B5%6E%A5%4C++++++++++++++&de=000047&ef=CHD&fg=1"
"60","社團法人彰化縣基督教青年會","http://cdcb.judicial.gov.tw/abbs/wkw/WHD6K05.jsp?ab=AAAdkxAAHAAAGj0AAB&bc=102&cd=%AA%6B%B5%6E%A5%4C++++++++++++++&de=000048&ef=CHD&fg=1"
"447","社團法人彰化縣清虛功德會","http://cdcb.judicial.gov.tw/abbs/wkw/WHD6K05.jsp?ab=AAAdkxAAHAAAGlRAAA&bc=102&cd=%AA%6B%B5%6E%A5%4C++++++++++++++&de=000051&ef=CHD&fg=1"
"183","財團法人文向教育基金會","http://cdcb.judicial.gov.tw/abbs/wkw/WHD6K05.jsp?ab=AAAdkxAAHAAAGkwAAJ&bc=102&cd=%AA%6B%B5%6E%A5%4C++++++++++++++&de=000052&ef=CHD&fg=1"
"70","財團法人彰化縣耿金宇老師文教基金會","http://cdcb.judicial.gov.tw/abbs/wkw/WHD6K05.jsp?ab=AAAdkxAAHAAAGlBAAJ&bc=102&cd=%AA%6B%B5%6E%A5%4C++++++++++++++&de=000053&ef=CHD&fg=1"
"165","社團法人彰化縣明道同心慈善會","http://cdcb.judicial.gov.tw/abbs/wkw/WHD6K05.jsp?ab=AAAdkxAAHAAAGkeAAA&bc=102&cd=%AA%6B%B5%6E%A5%4C++++++++++++++&de=000054&ef=CHD&fg=1"
"123","財團法人彰化縣育達系列文教基金會","http://cdcb.judicial.gov.tw/abbs/wkw/WHD6K05.jsp?ab=AAAdkxAAHAAAGikAAK&bc=102&cd=%AA%6B%B5%6E%A5%4C++++++++++++++&de=000041&ef=CHD&fg=1"
"221","社團法人彰化縣福興慈善會","http://cdcb.judicial.gov.tw/abbs/wkw/WHD6K05.jsp?ab=AAAdkxAAHAAAGg0AAD&bc=102&cd=%AA%6B%B5%6E%A5%4C++++++++++++++&de=000042&ef=CHD&fg=1"
"358","社團法人彰化縣音樂教育發展協會","http://cdcb.judicial.gov.tw/abbs/wkw/WHD6K05.jsp?ab=AAAdkxAAHAAAGkqAAB&bc=102&cd=%AA%6B%B5%6E%A5%4C++++++++++++++&de=000043&ef=CHD&fg=1"
"203","財團法人彰化縣儒林文教基金會","http://cdcb.judicial.gov.tw/abbs/wkw/WHD6K05.jsp?ab=AAAdkxAAHAAAGm2AAD&bc=102&cd=%AA%6B%B5%6E%A5%4C++++++++++++++&de=000044&ef=CHD&fg=1"
"184","社團法人彰化縣聲暉協進會","http://cdcb.judicial.gov.tw/abbs/wkw/WHD6K05.jsp?ab=AAAdkxAAHAAAGgPAAE&bc=102&cd=%AA%6B%B5%6E%A5%4C++++++++++++++&de=000045&ef=CHD&fg=1"
"152","社團法人彰化縣啟智協進會","http://cdcb.judicial.gov.tw/abbs/wkw/WHD6K05.jsp?ab=AAAdkxAAHAAAGjgAAF&bc=102&cd=%AA%6B%B5%6E%A5%4C++++++++++++++&de=000046&ef=CHD&fg=1"
"337","社團法人台灣弱勢族群就業福利促進協會","http://cdcb.judicial.gov.tw/abbs/wkw/WHD6K05.jsp?ab=AAAdkxAAHAAAGhrAAI&bc=102&cd=%AA%6B%B5%6E%A5%4C++++++++++++++&de=000027&ef=CHD&fg=1"
"413","社團法人彰化縣北斗工業區管理會","http://cdcb.judicial.gov.tw/abbs/wkw/WHD6K05.jsp?ab=AAAdkxAAHAAAGg0AAC&bc=102&cd=%AA%6B%B5%6E%A5%4C++++++++++++++&de=000028&ef=CHD&fg=1"
"228","財團法人彰化縣私立真善美社會福利慈善事業基金會","http://cdcb.judicial.gov.tw/abbs/wkw/WHD6K05.jsp?ab=AAAdkxAAHAAAGi4AAJ&bc=102&cd=%AA%6B%B5%6E%A5%4C++++++++++++++&de=000029&ef=CHD&fg=1"
"178","社團法人彰化縣脊髓損傷重建協會","http://cdcb.judicial.gov.tw/abbs/wkw/WHD6K05.jsp?ab=AAAdkxAAHAAAGhSAAJ&bc=102&cd=%AA%6B%B5%6E%A5%4C++++++++++++++&de=000031&ef=CHD&fg=1"
"348","社團法人彰化縣安瀾念佛會","http://cdcb.judicial.gov.tw/abbs/wkw/WHD6K05.jsp?ab=AAAdkxAAHAAAGjvAAC&bc=102&cd=%AA%6B%B5%6E%A5%4C++++++++++++++&de=000035&ef=CHD&fg=1"
"224","財團法人翁成教育文化藝術基金會","http://cdcb.judicial.gov.tw/abbs/wkw/WHD6K05.jsp?ab=AAAdkxAAHAAAGh8AAI&bc=102&cd=%AA%6B%B5%6E%A5%4C++++++++++++++&de=000017&ef=CHD&fg=1"
"140","財團法人彰化縣私立愛如心老人養護中心","http://cdcb.judicial.gov.tw/abbs/wkw/WHD6K05.jsp?ab=AAAdkxAAHAAAGhIAAF&bc=102&cd=%AA%6B%B5%6E%A5%4C++++++++++++++&de=000019&ef=CHD&fg=1"
"399","社團法人彰化縣隨緣行善會","http://cdcb.judicial.gov.tw/abbs/wkw/WHD6K05.jsp?ab=AAAdkxAAHAAAGhrAAK&bc=102&cd=%AA%6B%B5%6E%A5%4C++++++++++++++&de=000020&ef=CHD&fg=1"
"408","社團法人彰化縣身心障礙者無障礙發展協會","http://cdcb.judicial.gov.tw/abbs/wkw/WHD6K05.jsp?ab=AAAdkxAAHAAAGhTAAE&bc=102&cd=%AA%6B%B5%6E%A5%4C++++++++++++++&de=000021&ef=CHD&fg=1"
"516","財團法人福爾摩莎新世紀環境保護基金會","http://cdcb.judicial.gov.tw/abbs/wkw/WHD6K05.jsp?ab=AAAdkxAAHAAAGh8AAJ&bc=102&cd=%AA%6B%B5%6E%A5%4C++++++++++++++&de=000024&ef=CHD&fg=1"
"205","社團法人彰化縣彰暉愛心慈善會","http://cdcb.judicial.gov.tw/abbs/wkw/WHD6K05.jsp?ab=AAAdkxAAHAAAGhIAAD&bc=102&cd=%AA%6B%B5%6E%A5%4C++++++++++++++&de=000025&ef=CHD&fg=1"
"524","社團法人台灣職業重建專業協會","http://cdcb.judicial.gov.tw/abbs/wkw/WHD6K05.jsp?ab=AAAdkxAAHAAAGhSAAG&bc=102&cd=%AA%6B%B5%6E%A5%4C++++++++++++++&de=000026&ef=CHD&fg=1"
"162","財團法人蔡青松文教基金會","http://cdcb.judicial.gov.tw/abbs/wkw/WHD6K05.jsp?ab=AAAdkxAAHAAAGiMAAH&bc=102&cd=%AA%6B%B5%6E%A5%4C++++++++++++++&de=000009&ef=CHD&fg=1"
"57","財團法人鹿港教會聚會所","http://cdcb.judicial.gov.tw/abbs/wkw/WHD6K05.jsp?ab=AAAdkxAAHAAAGhoAAI&bc=102&cd=%AA%6B%B5%6E%A5%4C++++++++++++++&de=000010&ef=CHD&fg=1"
"34","財團法人彰化縣私立張&#21458;生慈善基金會","http://cdcb.judicial.gov.tw/abbs/wkw/WHD6K05.jsp?ab=AAAdkxAAHAAAGi3AAH&bc=102&cd=%AA%6B%B5%6E%A5%4C++++++++++++++&de=000012&ef=CHD&fg=1"
"415","社團法人彰化縣埔心鄉仁里社區發展協會","http://cdcb.judicial.gov.tw/abbs/wkw/WHD6K05.jsp?ab=AAAdkxAAHAAAGhIAAE&bc=102&cd=%AA%6B%B5%6E%A5%4C++++++++++++++&de=000015&ef=CHD&fg=1"
"115","財團法人中華基督教鹿港浸信會","http://cdcb.judicial.gov.tw/abbs/wkw/WHD6K05.jsp?ab=AAAdkxAAHAAAGh8AAK&bc=102&cd=%AA%6B%B5%6E%A5%4C++++++++++++++&de=000016&ef=CHD&fg=1"
"489","","http://cdcb.judicial.gov.tw/abbs/wkw/WHD6K05.jsp?ab=AAAdkxAAHAAAF7CAAK&bc=101&cd=%AA%6B%B5%6E%B0%5D++++++++++++++&de=000001&ef=CHD&fg=1"
"487","財團法人彰化縣私立欽喜社會福利慈善事業基金會","http://cdcb.judicial.gov.tw/abbs/wkw/WHD6K05.jsp?ab=AAAdkxAAHAAAF62AAD&bc=101&cd=%AA%6B%B5%6E%B0%5D++++++++++++++&de=000002&ef=CHD&fg=1"
"507","財團法人慈緣教育基金會","http://cdcb.judicial.gov.tw/abbs/wkw/WHD6K05.jsp?ab=AAAdkxAAHAAAGLeAAA&bc=101&cd=%AA%6B%B5%6E%B0%5D++++++++++++++&de=000004&ef=CHD&fg=1"
"9","財團法人彰化縣私立鹿港金長順泉郊慈善基金會","http://cdcb.judicial.gov.tw/abbs/wkw/WHD6K05.jsp?ab=AAAdkxAAHAAAGhhAAD&bc=102&cd=%AA%6B%B5%6E%A5%4C++++++++++++++&de=000004&ef=CHD&fg=1"
"122","財團法人全台鄭姓文教基金會","http://cdcb.judicial.gov.tw/abbs/wkw/WHD6K05.jsp?ab=AAAdkxAAHAAAGi3AAI&bc=102&cd=%AA%6B%B5%6E%A5%4C++++++++++++++&de=000005&ef=CHD&fg=1"
"503","社團法人彰化縣客家協會","http://cdcb.judicial.gov.tw/abbs/wkw/WHD6K05.jsp?ab=AAAdkxAAHAAAGFyAAD&bc=101&cd=%AA%6B%B5%6E%AA%C0++++++++++++++&de=000016&ef=CHD&fg=1"
"505","社團法人台灣悲智金剛菩提會","http://cdcb.judicial.gov.tw/abbs/wkw/WHD6K05.jsp?ab=AAAdkxAAHAAAGKuAAD&bc=101&cd=%AA%6B%B5%6E%AA%C0++++++++++++++&de=000017&ef=CHD&fg=1"
"508","社團法人彰化縣就業職能發展協會","http://cdcb.judicial.gov.tw/abbs/wkw/WHD6K05.jsp?ab=AAAdkxAAHAAAGLiAAD&bc=101&cd=%AA%6B%B5%6E%AA%C0++++++++++++++&de=000018&ef=CHD&fg=1"
"510","社團法人彰化縣秀水鄉頭前社區發展協會","http://cdcb.judicial.gov.tw/abbs/wkw/WHD6K05.jsp?ab=AAAdkxAAHAAAGM6AAG&bc=101&cd=%AA%6B%B5%6E%AA%C0++++++++++++++&de=000019&ef=CHD&fg=1"
"509","社團法人彰化縣農漁村生態體驗協會","http://cdcb.judicial.gov.tw/abbs/wkw/WHD6K05.jsp?ab=AAAdkxAAHAAAGM5AAJ&bc=101&cd=%AA%6B%B5%6E%AA%C0++++++++++++++&de=000020&ef=CHD&fg=1"
"511","社團法人中華世紀佳人婚姻媒合協會","http://cdcb.judicial.gov.tw/abbs/wkw/WHD6K05.jsp?ab=AAAdkxAAHAAAGNSAAA&bc=101&cd=%AA%6B%B5%6E%AA%C0++++++++++++++&de=000021&ef=CHD&fg=1"
"512","社團法人彰化縣故鄉關懷發展協會","http://cdcb.judicial.gov.tw/abbs/wkw/WHD6K05.jsp?ab=AAAdkxAAHAAAGN6AAI&bc=101&cd=%AA%6B%B5%6E%AA%C0++++++++++++++&de=000023&ef=CHD&fg=1"
"513","社團法人彰化縣彰化市安溪社區發展協會","http://cdcb.judicial.gov.tw/abbs/wkw/WHD6K05.jsp?ab=AAAdkxAAHAAAGMMAAH&bc=101&cd=%AA%6B%B5%6E%AA%C0++++++++++++++&de=000024&ef=CHD&fg=1"
"527","社團法人彰化縣捏塑學會","http://cdcb.judicial.gov.tw/abbs/wkw/WHD6K05.jsp?ab=AAAdkxAAHAAAGhWAAB&bc=101&cd=%AA%6B%B5%6E%AA%C0++++++++++++++&de=000025&ef=CHD&fg=1"
"514","社團法人彰化縣無底廟鎮南宮老大媽會","http://cdcb.judicial.gov.tw/abbs/wkw/WHD6K05.jsp?ab=AAAdkxAAHAAAGgfAAE&bc=101&cd=%AA%6B%B5%6E%AA%C0++++++++++++++&de=000026&ef=CHD&fg=1"
"494","社團法人彰化縣蕭金鈞慈善會","http://cdcb.judicial.gov.tw/abbs/wkw/WHD6K05.jsp?ab=AAAdkxAAHAAAGAoAAA&bc=101&cd=%AA%6B%B5%6E%AA%C0++++++++++++++&de=000006&ef=CHD&fg=1"
"496","社團法人彰化縣溪州鄉陳魚宗親會","http://cdcb.judicial.gov.tw/abbs/wkw/WHD6K05.jsp?ab=AAAdkxAAHAAAGB9AAA&bc=101&cd=%AA%6B%B5%6E%AA%C0++++++++++++++&de=000007&ef=CHD&fg=1"
"495","社團法人彰化縣人力資源教育協會","http://cdcb.judicial.gov.tw/abbs/wkw/WHD6K05.jsp?ab=AAAdkxAAHAAAGAlAAF&bc=101&cd=%AA%6B%B5%6E%AA%C0++++++++++++++&de=000008&ef=CHD&fg=1"
"498","社團法人彰化縣失智症協會","http://cdcb.judicial.gov.tw/abbs/wkw/WHD6K05.jsp?ab=AAAdkxAAHAAAGBRAAB&bc=101&cd=%AA%6B%B5%6E%AA%C0++++++++++++++&de=000010&ef=CHD&fg=1"
"499","社團法人彰化縣福茂國際婚姻輔導協會","http://cdcb.judicial.gov.tw/abbs/wkw/WHD6K05.jsp?ab=AAAdkxAAHAAAGFGAAB&bc=101&cd=%AA%6B%B5%6E%AA%C0++++++++++++++&de=000011&ef=CHD&fg=1"
"501","社團法人彰化縣尼希米品格教育協會","http://cdcb.judicial.gov.tw/abbs/wkw/WHD6K05.jsp?ab=AAAdkxAAHAAAGEOAAJ&bc=101&cd=%AA%6B%B5%6E%AA%C0++++++++++++++&de=000012&ef=CHD&fg=1"
"500","社團法人彰化縣永靖鄉瑚璉社區發展協會","http://cdcb.judicial.gov.tw/abbs/wkw/WHD6K05.jsp?ab=AAAdkxAAHAAAGFFAAK&bc=101&cd=%AA%6B%B5%6E%AA%C0++++++++++++++&de=000013&ef=CHD&fg=1"
"461","財團法人維豐文化藝術基金會","http://cdcb.judicial.gov.tw/abbs/wkw/WHD6K05.jsp?ab=AAAdkxAAHAAAGN%2BAAK&bc=101&cd=%AA%6B%B5%6E%A5%4C++++++++++++++&de=000102&ef=CHD&fg=1"
"341","社團法人中華民國綠色能源科技協會","http://cdcb.judicial.gov.tw/abbs/wkw/WHD6K05.jsp?ab=AAAdkxAAHAAAGMMAAI&bc=101&cd=%AA%6B%B5%6E%A5%4C++++++++++++++&de=000103&ef=CHD&fg=1"
"373","社團法人彰化縣儒林社區文教協會","http://cdcb.judicial.gov.tw/abbs/wkw/WHD6K05.jsp?ab=AAAdkxAAHAAAGNPAAA&bc=101&cd=%AA%6B%B5%6E%A5%4C++++++++++++++&de=000104&ef=CHD&fg=1"
"473","社團法人彰化縣溫暖社會福利協會","http://cdcb.judicial.gov.tw/abbs/wkw/WHD6K05.jsp?ab=AAAdkxAAHAAAGNcAAA&bc=101&cd=%AA%6B%B5%6E%A5%4C++++++++++++++&de=000105&ef=CHD&fg=1"
"484","社團法人彰化縣彰邑關帝廟聖帝會","http://cdcb.judicial.gov.tw/abbs/wkw/WHD6K05.jsp?ab=AAAdkxAAHAAAF6pAAD&bc=101&cd=%AA%6B%B5%6E%AA%C0++++++++++++++&de=000001&ef=CHD&fg=1"
"488","社團法人彰化縣願濟慈善會","http://cdcb.judicial.gov.tw/abbs/wkw/WHD6K05.jsp?ab=AAAdkxAAHAAAF62AAE&bc=101&cd=%AA%6B%B5%6E%AA%C0++++++++++++++&de=000002&ef=CHD&fg=1"
"485","社團法人彰化縣和美糖聖宮媽祖會","http://cdcb.judicial.gov.tw/abbs/wkw/WHD6K05.jsp?ab=AAAdkxAAHAAAF6pAAF&bc=101&cd=%AA%6B%B5%6E%AA%C0++++++++++++++&de=000003&ef=CHD&fg=1"
"492","社團法人台灣日正三寶佛學會","http://cdcb.judicial.gov.tw/abbs/wkw/WHD6K05.jsp?ab=AAAdkxAAHAAAF72AAI&bc=101&cd=%AA%6B%B5%6E%AA%C0++++++++++++++&de=000004&ef=CHD&fg=1"
"491","社團法人台灣顯密圓通準提學會","http://cdcb.judicial.gov.tw/abbs/wkw/WHD6K05.jsp?ab=AAAdkxAAHAAAF7gAAH&bc=101&cd=%AA%6B%B5%6E%AA%C0++++++++++++++&de=000005&ef=CHD&fg=1"
"5","財團法人彰化縣武聖宮","http://cdcb.judicial.gov.tw/abbs/wkw/WHD6K05.jsp?ab=AAAdkxAAHAAAGMBAAD&bc=101&cd=%AA%6B%B5%6E%A5%4C++++++++++++++&de=000093&ef=CHD&fg=1"
"39","財團法人彰化縣私立賴樹旺社會福利慈善事業基金會","http://cdcb.judicial.gov.tw/abbs/wkw/WHD6K05.jsp?ab=AAAdkxAAHAAAGMrAAA&bc=101&cd=%AA%6B%B5%6E%A5%4C++++++++++++++&de=000094&ef=CHD&fg=1"
"419","社團法人中華職業災害防止協會","http://cdcb.judicial.gov.tw/abbs/wkw/WHD6K05.jsp?ab=AAAdkxAAHAAAGMtAAD&bc=101&cd=%AA%6B%B5%6E%A5%4C++++++++++++++&de=000096&ef=CHD&fg=1"
"479","社團法人彰化縣田尾公路花園發展協會","http://cdcb.judicial.gov.tw/abbs/wkw/WHD6K05.jsp?ab=AAAdkxAAHAAAGMqAAE&bc=101&cd=%AA%6B%B5%6E%A5%4C++++++++++++++&de=000099&ef=CHD&fg=1"
"280","財團法人彰化縣私立茉莉園社會福利慈善事業基金會","http://cdcb.judicial.gov.tw/abbs/wkw/WHD6K05.jsp?ab=AAAdkxAAHAAAGNNAAB&bc=101&cd=%AA%6B%B5%6E%A5%4C++++++++++++++&de=000100&ef=CHD&fg=1"
"182","財團法人溪州國中文教基金會","http://cdcb.judicial.gov.tw/abbs/wkw/WHD6K05.jsp?ab=AAAdkxAAHAAAGN%2BAAJ&bc=101&cd=%AA%6B%B5%6E%A5%4C++++++++++++++&de=000101&ef=CHD&fg=1"
"242","財團法人台灣兒童暨家庭扶助基金會","http://cdcb.judicial.gov.tw/abbs/wkw/WHD6K05.jsp?ab=AAAdkxAAHAAAGL3AAI&bc=101&cd=%AA%6B%B5%6E%A5%4C++++++++++++++&de=000083&ef=CHD&fg=1"
"164","財團法人彰化縣洪掛昆仲文教基金會","http://cdcb.judicial.gov.tw/abbs/wkw/WHD6K05.jsp?ab=AAAdkxAAHAAAGLVAAH&bc=101&cd=%AA%6B%B5%6E%A5%4C++++++++++++++&de=000084&ef=CHD&fg=1"
"174","財團法人國立二林高級工商職業學校文教基金會","http://cdcb.judicial.gov.tw/abbs/wkw/WHD6K05.jsp?ab=AAAdkxAAHAAAGgfAAC&bc=101&cd=%AA%6B%B5%6E%A5%4C++++++++++++++&de=000085&ef=CHD&fg=1"
"16","財團法人彰化縣私立鹿港民俗文物館","http://cdcb.judicial.gov.tw/abbs/wkw/WHD6K05.jsp?ab=AAAdkxAAHAAAGLtAAK&bc=101&cd=%AA%6B%B5%6E%A5%4C++++++++++++++&de=000086&ef=CHD&fg=1"
"51","財團法人彰化生活美學基金會","http://cdcb.judicial.gov.tw/abbs/wkw/WHD6K05.jsp?ab=AAAdkxAAHAAAGMIAAK&bc=101&cd=%AA%6B%B5%6E%A5%4C++++++++++++++&de=000087&ef=CHD&fg=1"
"41","財團法人鹿港文教基金會","http://cdcb.judicial.gov.tw/abbs/wkw/WHD6K05.jsp?ab=AAAdkxAAHAAAGM5AAI&bc=101&cd=%AA%6B%B5%6E%A5%4C++++++++++++++&de=000088&ef=CHD&fg=1"
"296","社團法人彰化縣愛加倍社區服務協會","http://cdcb.judicial.gov.tw/abbs/wkw/WHD6K05.jsp?ab=AAAdkxAAHAAAGMqAAB&bc=101&cd=%AA%6B%B5%6E%A5%4C++++++++++++++&de=000089&ef=CHD&fg=1"
"44","財團法人彰化縣平安學術文教基金會","http://cdcb.judicial.gov.tw/abbs/wkw/WHD6K05.jsp?ab=AAAdkxAAHAAAGgfAAD&bc=101&cd=%AA%6B%B5%6E%A5%4C++++++++++++++&de=000090&ef=CHD&fg=1"
"200","財團法人熱愛生命文教基金會","http://cdcb.judicial.gov.tw/abbs/wkw/WHD6K05.jsp?ab=AAAdkxAAHAAAGKyAAD&bc=101&cd=%AA%6B%B5%6E%A5%4C++++++++++++++&de=000072&ef=CHD&fg=1"
"53","財團法人溪湖佛教蓮社文教基金會","http://cdcb.judicial.gov.tw/abbs/wkw/WHD6K05.jsp?ab=AAAdkxAAHAAAGLbAAC&bc=101&cd=%AA%6B%B5%6E%A5%4C++++++++++++++&de=000073&ef=CHD&fg=1"
"434","社團法人世界紅卍字會彰化縣分會","http://cdcb.judicial.gov.tw/abbs/wkw/WHD6K05.jsp?ab=AAAdkxAAHAAAGKVAAA&bc=101&cd=%AA%6B%B5%6E%A5%4C++++++++++++++&de=000075&ef=CHD&fg=1"
"208","財團法人元勉工商發展基金會","http://cdcb.judicial.gov.tw/abbs/wkw/WHD6K05.jsp?ab=AAAdkxAAHAAAGLbAAD&bc=101&cd=%AA%6B%B5%6E%A5%4C++++++++++++++&de=000076&ef=CHD&fg=1"
"45","財團法人彰化縣私立廣成社會福利慈善事業基金會","http://cdcb.judicial.gov.tw/abbs/wkw/WHD6K05.jsp?ab=AAAdkxAAHAAAGKyAAE&bc=101&cd=%AA%6B%B5%6E%A5%4C++++++++++++++&de=000078&ef=CHD&fg=1"
"24","","http://cdcb.judicial.gov.tw/abbs/wkw/WHD6K05.jsp?ab=AAAdkxAAHAAAGLuAAH&bc=101&cd=%AA%6B%B5%6E%A5%4C++++++++++++++&de=000079&ef=CHD&fg=1"
"318","社團法人中華民國手藝藝術發展協會","http://cdcb.judicial.gov.tw/abbs/wkw/WHD6K05.jsp?ab=AAAdkxAAHAAAGLbAAB&bc=101&cd=%AA%6B%B5%6E%A5%4C++++++++++++++&de=000080&ef=CHD&fg=1"
"222","財團法人源埤文教基金會","http://cdcb.judicial.gov.tw/abbs/wkw/WHD6K05.jsp?ab=AAAdkxAAHAAAGhSAAH&bc=101&cd=%AA%6B%B5%6E%A5%4C++++++++++++++&de=000081&ef=CHD&fg=1"
"180","財團法人晴光文教基金會","http://cdcb.judicial.gov.tw/abbs/wkw/WHD6K05.jsp?ab=AAAdkxAAHAAAGF0AAD&bc=101&cd=%AA%6B%B5%6E%A5%4C++++++++++++++&de=000063&ef=CHD&fg=1"
"273","財團法人切膚之愛社會福利慈善事業基金會","http://cdcb.judicial.gov.tw/abbs/wkw/WHD6K05.jsp?ab=AAAdkxAAHAAAGGIAAC&bc=101&cd=%AA%6B%B5%6E%A5%4C++++++++++++++&de=000067&ef=CHD&fg=1"
"194","財團法人鄉土藝術文教基金會","http://cdcb.judicial.gov.tw/abbs/wkw/WHD6K05.jsp?ab=AAAdkxAAHAAAGFeAAJ&bc=101&cd=%AA%6B%B5%6E%A5%4C++++++++++++++&de=000068&ef=CHD&fg=1"
"406","社團法人彰化縣社頭織襪產業發展協會","http://cdcb.judicial.gov.tw/abbs/wkw/WHD6K05.jsp?ab=AAAdkxAAHAAAGKvAAD&bc=101&cd=%AA%6B%B5%6E%A5%4C++++++++++++++&de=000070&ef=CHD&fg=1"
"367","財團法人彰化縣私立基督教新寶教會社會福利慈善事業基金會","http://cdcb.judicial.gov.tw/abbs/wkw/WHD6K05.jsp?ab=AAAdkxAAHAAAGEOAAA&bc=101&cd=%AA%6B%B5%6E%A5%4C++++++++++++++&de=000052&ef=CHD&fg=1"
"375","財團法人彰化縣私立童庭社會福利慈善事業基金會","http://cdcb.judicial.gov.tw/abbs/wkw/WHD6K05.jsp?ab=AAAdkxAAHAAAGEaAAB&bc=101&cd=%AA%6B%B5%6E%A5%4C++++++++++++++&de=000054&ef=CHD&fg=1"
"59","財團法人中華杏林基金會","http://cdcb.judicial.gov.tw/abbs/wkw/WHD6K05.jsp?ab=AAAdkxAAHAAAGEaAAC&bc=101&cd=%AA%6B%B5%6E%A5%4C++++++++++++++&de=000056&ef=CHD&fg=1"
"46","財團法人私立小天才幼稚園","http://cdcb.judicial.gov.tw/abbs/wkw/WHD6K05.jsp?ab=AAAdkxAAHAAAGEQAAH&bc=101&cd=%AA%6B%B5%6E%A5%4C++++++++++++++&de=000058&ef=CHD&fg=1"
"212","財團法人吳善奇教育文化藝術基金會","http://cdcb.judicial.gov.tw/abbs/wkw/WHD6K05.jsp?ab=AAAdkxAAHAAAGFfAAG&bc=101&cd=%AA%6B%B5%6E%A5%4C++++++++++++++&de=000059&ef=CHD&fg=1"
"114","財團法人賴和文教基金會","http://cdcb.judicial.gov.tw/abbs/wkw/WHD6K05.jsp?ab=AAAdkxAAHAAAGF0AAG&bc=101&cd=%AA%6B%B5%6E%A5%4C++++++++++++++&de=000060&ef=CHD&fg=1"
"168","財團法人關懷文教基金會","http://cdcb.judicial.gov.tw/abbs/wkw/WHD6K05.jsp?ab=AAAdkxAAHAAAGB9AAB&bc=101&cd=%AA%6B%B5%6E%A5%4C++++++++++++++&de=000043&ef=CHD&fg=1"
"42","財團法人彰化縣員林寺","http://cdcb.judicial.gov.tw/abbs/wkw/WHD6K05.jsp?ab=AAAdkxAAHAAAGErAAH&bc=101&cd=%AA%6B%B5%6E%A5%4C++++++++++++++&de=000045&ef=CHD&fg=1"
"245","財團法人鹿江文化藝術基金會","http://cdcb.judicial.gov.tw/abbs/wkw/WHD6K05.jsp?ab=AAAdkxAAHAAAGBVAAG&bc=101&cd=%AA%6B%B5%6E%A5%4C++++++++++++++&de=000047&ef=CHD&fg=1"
"463","社團法人彰化縣非洲之心協會","http://cdcb.judicial.gov.tw/abbs/wkw/WHD6K05.jsp?ab=AAAdkxAAHAAAGA7AAK&bc=101&cd=%AA%6B%B5%6E%A5%4C++++++++++++++&de=000034&ef=CHD&fg=1"
"23","財團法人彰化縣私立武聖宮慈善事業基金會","http://cdcb.judicial.gov.tw/abbs/wkw/WHD6K05.jsp?ab=AAAdkxAAHAAAGAcAAL&bc=101&cd=%AA%6B%B5%6E%A5%4C++++++++++++++&de=000037&ef=CHD&fg=1"
"213","財團法人博觀致遠文教基金會","http://cdcb.judicial.gov.tw/abbs/wkw/WHD6K05.jsp?ab=AAAdkxAAHAAAGAlAAG&bc=101&cd=%AA%6B%B5%6E%A5%4C++++++++++++++&de=000038&ef=CHD&fg=1"
"344","財團法人鴻茂園祭祀公業","http://cdcb.judicial.gov.tw/abbs/wkw/WHD6K05.jsp?ab=AAAdkxAAHAAAGBkAAA&bc=101&cd=%AA%6B%B5%6E%A5%4C++++++++++++++&de=000039&ef=CHD&fg=1"
"26","財團法人台灣省彰化鄭成功廟(全台鄭姓大宗祠)","http://cdcb.judicial.gov.tw/abbs/wkw/WHD6K05.jsp?ab=AAAdkxAAHAAAGANAAI&bc=101&cd=%AA%6B%B5%6E%A5%4C++++++++++++++&de=000040&ef=CHD&fg=1"
"105","財團法人彰化縣施俊哲紀念文教基金會","http://cdcb.judicial.gov.tw/abbs/wkw/WHD6K05.jsp?ab=AAAdkxAAHAAAF6XAAK&bc=101&cd=%AA%6B%B5%6E%A5%4C++++++++++++++&de=000022&ef=CHD&fg=1"
"62","社團法人彰化縣社會保健福利協進會","http://cdcb.judicial.gov.tw/abbs/wkw/WHD6K05.jsp?ab=AAAdkxAAHAAAF7vAAH&bc=101&cd=%AA%6B%B5%6E%A5%4C++++++++++++++&de=000030&ef=CHD&fg=1"
"380","社團法人彰化縣慈愛同心老人福利會","http://cdcb.judicial.gov.tw/abbs/wkw/WHD6K05.jsp?ab=AAAdkxAAHAAAF5VAAK&bc=101&cd=%AA%6B%B5%6E%A5%4C++++++++++++++&de=000008&ef=CHD&fg=1"
"396","社團法人彰化縣結核病關懷協會","http://cdcb.judicial.gov.tw/abbs/wkw/WHD6K05.jsp?ab=AAAdkxAAHAAAF6XAAL&bc=101&cd=%AA%6B%B5%6E%A5%4C++++++++++++++&de=000019&ef=CHD&fg=1"
"424","社團法人彰化縣餐飲協會","http://cdcb.judicial.gov.tw/abbs/wkw/WHD6K05.jsp?ab=AAAdkxAAHAAAF5UAAK&bc=101&cd=%AA%6B%B5%6E%A5%4C++++++++++++++&de=000001&ef=CHD&fg=1"
"191","財團法人天倫文教基金會","http://cdcb.judicial.gov.tw/abbs/wkw/WHD6K05.jsp?ab=AAAdkxAAHAAAF5JAAG&bc=101&cd=%AA%6B%B5%6E%A5%4C++++++++++++++&de=000004&ef=CHD&fg=1"
"372","財團法人彰化縣私立美家堡社會福利慈善事業基金會","http://cdcb.judicial.gov.tw/abbs/wkw/WHD6K05.jsp?ab=AAAdkxAAHAAAF6pAAE&bc=101&cd=%AA%6B%B5%6E%A5%4C++++++++++++++&de=000005&ef=CHD&fg=1"
"474","社團法人彰化縣樂意社會福利協會","http://cdcb.judicial.gov.tw/abbs/wkw/WHD6K05.jsp?ab=AAAdkxAAHAAAF4fAAE&bc=100&cd=%AA%6B%B5%6E%AA%C0++++++++++++++&de=000039&ef=CHD&fg=1"
"481","社團法人彰化縣社區福利發展協會","http://cdcb.judicial.gov.tw/abbs/wkw/WHD6K05.jsp?ab=AAAdkxAAHAAAF5dAAB&bc=100&cd=%AA%6B%B5%6E%AA%C0++++++++++++++&de=000040&ef=CHD&fg=1"
"482","社團法人彰化縣梅鑒霧全人關懷協會","http://cdcb.judicial.gov.tw/abbs/wkw/WHD6K05.jsp?ab=AAAdkxAAHAAAF5wAAH&bc=100&cd=%AA%6B%B5%6E%AA%C0++++++++++++++&de=000041&ef=CHD&fg=1"
"490","社團法人中華民國天心聖德行善功德會","http://cdcb.judicial.gov.tw/abbs/wkw/WHD6K05.jsp?ab=AAAdkxAAHAAAF7cAAF&bc=100&cd=%AA%6B%B5%6E%AA%C0++++++++++++++&de=000045&ef=CHD&fg=1"
"451","財團法人汪堯舜文化藝術基金會","http://cdcb.judicial.gov.tw/abbs/wkw/WHD6K05.jsp?ab=AAAdkxAAHAAAMYoAAD&bc=100&cd=%AA%6B%B5%6E%B0%5D++++++++++++++&de=000002&ef=CHD&fg=1"
"478","社團法人台灣新移民發展與交流協會","http://cdcb.judicial.gov.tw/abbs/wkw/WHD6K05.jsp?ab=AAAdkxAAHAAAF5CAAI&bc=100&cd=%AA%6B%B5%6E%AA%C0++++++++++++++&de=000027&ef=CHD&fg=1"
"476","社團法人彰化縣善園行善團","http://cdcb.judicial.gov.tw/abbs/wkw/WHD6K05.jsp?ab=AAAdkxAAHAAAF4dAAC&bc=100&cd=%AA%6B%B5%6E%AA%C0++++++++++++++&de=000028&ef=CHD&fg=1"
"480","社團法人彰化縣秀光慈善會","http://cdcb.judicial.gov.tw/abbs/wkw/WHD6K05.jsp?ab=AAAdkxAAHAAAF4TAAH&bc=100&cd=%AA%6B%B5%6E%AA%C0++++++++++++++&de=000029&ef=CHD&fg=1"
"467","社團法人彰化縣理傳社會福利協會","http://cdcb.judicial.gov.tw/abbs/wkw/WHD6K05.jsp?ab=AAAdkxAAHAAABeEAAA&bc=100&cd=%AA%6B%B5%6E%AA%C0++++++++++++++&de=000031&ef=CHD&fg=1"
"466","社團法人彰化縣秀水主恩社會福利協會","http://cdcb.judicial.gov.tw/abbs/wkw/WHD6K05.jsp?ab=AAAdkxAAHAAABeAAAJ&bc=100&cd=%AA%6B%B5%6E%AA%C0++++++++++++++&de=000032&ef=CHD&fg=1"
"468","社團法人彰化縣睦鄰社會福利協會","http://cdcb.judicial.gov.tw/abbs/wkw/WHD6K05.jsp?ab=AAAdkxAAHAAABeAAAG&bc=100&cd=%AA%6B%B5%6E%AA%C0++++++++++++++&de=000033&ef=CHD&fg=1"
"470","社團法人彰化縣鹽光社會福利協會","http://cdcb.judicial.gov.tw/abbs/wkw/WHD6K05.jsp?ab=AAAdkxAAHAAAF4fAAA&bc=100&cd=%AA%6B%B5%6E%AA%C0++++++++++++++&de=000034&ef=CHD&fg=1"
"471","社團法人彰化縣和美美門社會福利協會","http://cdcb.judicial.gov.tw/abbs/wkw/WHD6K05.jsp?ab=AAAdkxAAHAAAF4fAAB&bc=100&cd=%AA%6B%B5%6E%AA%C0++++++++++++++&de=000035&ef=CHD&fg=1"
"472","社團法人疼厝邊社會福利協會","http://cdcb.judicial.gov.tw/abbs/wkw/WHD6K05.jsp?ab=AAAdkxAAHAAAF4fAAC&bc=100&cd=%AA%6B%B5%6E%AA%C0++++++++++++++&de=000037&ef=CHD&fg=1"
"455","社團法人彰化縣紫微堂慈善會","http://cdcb.judicial.gov.tw/abbs/wkw/WHD6K05.jsp?ab=AAAdkxAAHAAABddAAF&bc=100&cd=%AA%6B%B5%6E%AA%C0++++++++++++++&de=000016&ef=CHD&fg=1"
"454","社團法人彰化縣中巡府民俗文化推廣協會","http://cdcb.judicial.gov.tw/abbs/wkw/WHD6K05.jsp?ab=AAAdkxAAHAAAIn8AAM&bc=100&cd=%AA%6B%B5%6E%AA%C0++++++++++++++&de=000017&ef=CHD&fg=1"
"459","社團法人彰化縣宇宙光弘揚學會","http://cdcb.judicial.gov.tw/abbs/wkw/WHD6K05.jsp?ab=AAAdkxAAHAAAOR0AAK&bc=100&cd=%AA%6B%B5%6E%AA%C0++++++++++++++&de=000019&ef=CHD&fg=1"
"460","社團法人彰化縣金豐關懷協會","http://cdcb.judicial.gov.tw/abbs/wkw/WHD6K05.jsp?ab=AAAdkxAAHAAAOz0AAF&bc=100&cd=%AA%6B%B5%6E%AA%C0++++++++++++++&de=000021&ef=CHD&fg=1"
"462","社團法人中華媽祖聯合會","http://cdcb.judicial.gov.tw/abbs/wkw/WHD6K05.jsp?ab=AAAdkxAAHAAAOSIAAJ&bc=100&cd=%AA%6B%B5%6E%AA%C0++++++++++++++&de=000022&ef=CHD&fg=1"
"493","社團法人中華國際幼兒文教聯合總會","http://cdcb.judicial.gov.tw/abbs/wkw/WHD6K05.jsp?ab=AAAdkxAAHAAAF7wAAB&bc=100&cd=%AA%6B%B5%6E%AA%C0++++++++++++++&de=000024&ef=CHD&fg=1"
"464","社團法人彰化縣星光八卦團單車協會","http://cdcb.judicial.gov.tw/abbs/wkw/WHD6K05.jsp?ab=AAAdkxAAHAAADv%2FAAL&bc=100&cd=%AA%6B%B5%6E%AA%C0++++++++++++++&de=000025&ef=CHD&fg=1"
"475","社團法人彰化縣天義彌勒慈善會","http://cdcb.judicial.gov.tw/abbs/wkw/WHD6K05.jsp?ab=AAAdkxAAHAAAF4%2FAAI&bc=100&cd=%AA%6B%B5%6E%AA%C0++++++++++++++&de=000026&ef=CHD&fg=1"
"439","社團法人中華企業創新應用暨職業訓練發展協會","http://cdcb.judicial.gov.tw/abbs/wkw/WHD6K05.jsp?ab=AAAdkxAAHAAAGwyAAG&bc=100&cd=%AA%6B%B5%6E%AA%C0++++++++++++++&de=000004&ef=CHD&fg=1"
"452","社團法人彰化縣社頭鄉東興社區發展協會","http://cdcb.judicial.gov.tw/abbs/wkw/WHD6K05.jsp?ab=AAAdkxAAHAAAJcAAAH&bc=100&cd=%AA%6B%B5%6E%AA%C0++++++++++++++&de=000005&ef=CHD&fg=1"
"440","社團法人彰化縣襪子毛巾文化產業發展協會","http://cdcb.judicial.gov.tw/abbs/wkw/WHD6K05.jsp?ab=AAAdkxAAHAAAGw%2BAAE&bc=100&cd=%AA%6B%B5%6E%AA%C0++++++++++++++&de=000007&ef=CHD&fg=1"
"441","社團法人彰化縣建寶觀音佛祖宗教文化協會","http://cdcb.judicial.gov.tw/abbs/wkw/WHD6K05.jsp?ab=AAAdkxAAHAAAHGSAAE&bc=100&cd=%AA%6B%B5%6E%AA%C0++++++++++++++&de=000008&ef=CHD&fg=1"
"446","社團法人彰化縣清虛功德會","http://cdcb.judicial.gov.tw/abbs/wkw/WHD6K05.jsp?ab=AAAdkxAAHAAAIm3AAE&bc=100&cd=%AA%6B%B5%6E%AA%C0++++++++++++++&de=000009&ef=CHD&fg=1"
"449","社團法人彰化縣牙醫助理協會","http://cdcb.judicial.gov.tw/abbs/wkw/WHD6K05.jsp?ab=AAAdkxAAHAAAJ%2F7AAG&bc=100&cd=%AA%6B%B5%6E%AA%C0++++++++++++++&de=000010&ef=CHD&fg=1"
"456","中華就業技能發展協會","http://cdcb.judicial.gov.tw/abbs/wkw/WHD6K05.jsp?ab=AAAdkxAAHAAAJ%2BeAAJ&bc=100&cd=%AA%6B%B5%6E%AA%C0++++++++++++++&de=000011&ef=CHD&fg=1"
"453","社團法人彰化縣中華花藝設計協會","http://cdcb.judicial.gov.tw/abbs/wkw/WHD6K05.jsp?ab=AAAdkxAAHAAAL2nAAH&bc=100&cd=%AA%6B%B5%6E%AA%C0++++++++++++++&de=000012&ef=CHD&fg=1"
"457","社團法人彰化縣溪州鄉同心慈善會","http://cdcb.judicial.gov.tw/abbs/wkw/WHD6K05.jsp?ab=AAAdkxAAHAAABdtAAA&bc=100&cd=%AA%6B%B5%6E%AA%C0++++++++++++++&de=000014&ef=CHD&fg=1"
"349","社團法人台灣道教門派聯合總會","http://cdcb.judicial.gov.tw/abbs/wkw/WHD6K05.jsp?ab=AAAdkxAAHAAAF4bAAK&bc=100&cd=%AA%6B%B5%6E%A5%4C++++++++++++++&de=000090&ef=CHD&fg=1"
"204","財團法人林耀東葉金鳳文教基金會","http://cdcb.judicial.gov.tw/abbs/wkw/WHD6K05.jsp?ab=AAAdkxAAHAAAF4TAAI&bc=100&cd=%AA%6B%B5%6E%A5%4C++++++++++++++&de=000094&ef=CHD&fg=1"
"324","財團法人彰化縣私立尚欽社會福利慈善事業基金會","http://cdcb.judicial.gov.tw/abbs/wkw/WHD6K05.jsp?ab=AAAdkxAAHAAAF5zAAJ&bc=100&cd=%AA%6B%B5%6E%A5%4C++++++++++++++&de=000095&ef=CHD&fg=1"
"442","社團法人中華道光會","http://cdcb.judicial.gov.tw/abbs/wkw/WHD6K05.jsp?ab=AAAdkxAAHAAAINrAAA&bc=100&cd=%AA%6B%B5%6E%AA%C0++++++++++++++&de=000002&ef=CHD&fg=1"
"443","社團法人台灣九蓮佛教會","http://cdcb.judicial.gov.tw/abbs/wkw/WHD6K05.jsp?ab=AAAdkxAAHAAAINnAAF&bc=100&cd=%AA%6B%B5%6E%AA%C0++++++++++++++&de=000003&ef=CHD&fg=1"
"239","財團法人帝寶教育基金會","http://cdcb.judicial.gov.tw/abbs/wkw/WHD6K05.jsp?ab=AAAdkxAAHAAAF4PAAC&bc=100&cd=%AA%6B%B5%6E%A5%4C++++++++++++++&de=000085&ef=CHD&fg=1"
"282","社團法人彰化縣愛鄰社會福利協會","http://cdcb.judicial.gov.tw/abbs/wkw/WHD6K05.jsp?ab=AAAdkxAAHAAAF5dAAA&bc=100&cd=%AA%6B%B5%6E%A5%4C++++++++++++++&de=000087&ef=CHD&fg=1"
"369","社團法人彰化縣福興鄉西勢社區發展協會","http://cdcb.judicial.gov.tw/abbs/wkw/WHD6K05.jsp?ab=AAAdkxAAHAAAF5aAAF&bc=100&cd=%AA%6B%B5%6E%A5%4C++++++++++++++&de=000089&ef=CHD&fg=1"
"268","財團法人台灣基督長老教會彰化中會","http://cdcb.judicial.gov.tw/abbs/wkw/WHD6K05.jsp?ab=AAAdkxAAHAAAORPAAA&bc=100&cd=%AA%6B%B5%6E%A5%4C++++++++++++++&de=000071&ef=CHD&fg=1"
"7","財團法人中華基督教浸信宣道會員林教會","http://cdcb.judicial.gov.tw/abbs/wkw/WHD6K05.jsp?ab=AAAdkxAAHAAAOz9AAH&bc=100&cd=%AA%6B%B5%6E%A5%4C++++++++++++++&de=000073&ef=CHD&fg=1"
"58","財團法人新約教會彰化教會","http://cdcb.judicial.gov.tw/abbs/wkw/WHD6K05.jsp?ab=AAAdkxAAHAAABdeAAF&bc=100&cd=%AA%6B%B5%6E%A5%4C++++++++++++++&de=000078&ef=CHD&fg=1"
"371","社團法人台灣自行車協進會","http://cdcb.judicial.gov.tw/abbs/wkw/WHD6K05.jsp?ab=AAAdkxAAHAAABdqAAI&bc=100&cd=%AA%6B%B5%6E%A5%4C++++++++++++++&de=000079&ef=CHD&fg=1"
"368","社團法人彰化縣音樂河社會福利協會","http://cdcb.judicial.gov.tw/abbs/wkw/WHD6K05.jsp?ab=AAAdkxAAHAAAORBAAI&bc=100&cd=%AA%6B%B5%6E%A5%4C++++++++++++++&de=000058&ef=CHD&fg=1"
"263","社團法人彰化縣隆恩慈善會","http://cdcb.judicial.gov.tw/abbs/wkw/WHD6K05.jsp?ab=AAAdkxAAHAAANtNAAC&bc=100&cd=%AA%6B%B5%6E%A5%4C++++++++++++++&de=000060&ef=CHD&fg=1"
"151","財團法人白沙文教基金會","http://cdcb.judicial.gov.tw/abbs/wkw/WHD6K05.jsp?ab=AAAdkxAAHAAADuhAAE&bc=100&cd=%AA%6B%B5%6E%A5%4C++++++++++++++&de=000064&ef=CHD&fg=1"
"192","社團法人彰化縣慈心慈善會","http://cdcb.judicial.gov.tw/abbs/wkw/WHD6K05.jsp?ab=AAAdkxAAHAAANtNAAB&bc=100&cd=%AA%6B%B5%6E%A5%4C++++++++++++++&de=000055&ef=CHD&fg=1"
"215","社團法人彰化縣濟陽柯蔡宗親會","http://cdcb.judicial.gov.tw/abbs/wkw/WHD6K05.jsp?ab=AAAdkxAAHAAAJa8AAB&bc=100&cd=%AA%6B%B5%6E%A5%4C++++++++++++++&de=000029&ef=CHD&fg=1"
"428","社團法人彰化縣環境保護聯盟","http://cdcb.judicial.gov.tw/abbs/wkw/WHD6K05.jsp?ab=AAAdkxAAHAAAJ%2BqAAF&bc=100&cd=%AA%6B%B5%6E%A5%4C++++++++++++++&de=000035&ef=CHD&fg=1"
"435","財團法人彰化縣樂活休閒學習協會","http://cdcb.judicial.gov.tw/abbs/wkw/WHD6K05.jsp?ab=AAAdkxAAHAAAE5aAAA&bc=099&cd=%AA%6B%B5%6E%AA%C0++++++++++++++&de=000024&ef=CHD&fg=1"
"444","社團法人台灣省國際獅子會第七聯合會","http://cdcb.judicial.gov.tw/abbs/wkw/WHD6K05.jsp?ab=AAAdkxAAHAAAIpiAAA&bc=099&cd=%AA%6B%B5%6E%AA%C0++++++++++++++&de=000025&ef=CHD&fg=1"
"417","財團法人聯米文化基金會","http://cdcb.judicial.gov.tw/abbs/wkw/WHD6K05.jsp?ab=AAAdkxAAHAAAJaOAAA&bc=099&cd=%AA%6B%B5%6E%B0%5D++++++++++++++&de=000002&ef=CHD&fg=1"
"423","台灣布之道文化創意產業發展協會","http://cdcb.judicial.gov.tw/abbs/wkw/WHD6K05.jsp?ab=AAAdkxAAHAAAJbIAAJ&bc=099&cd=%AA%6B%B5%6E%AA%C0++++++++++++++&de=000013&ef=CHD&fg=1"
"426","台灣社區棒球協會","http://cdcb.judicial.gov.tw/abbs/wkw/WHD6K05.jsp?ab=AAAdkxAAHAAAJa5AAE&bc=099&cd=%AA%6B%B5%6E%AA%C0++++++++++++++&de=000014&ef=CHD&fg=1"
"427","彰化縣鹿港玉鳳宮文教協進會","http://cdcb.judicial.gov.tw/abbs/wkw/WHD6K05.jsp?ab=AAAdkxAAHAAACecAAL&bc=099&cd=%AA%6B%B5%6E%AA%C0++++++++++++++&de=000017&ef=CHD&fg=1"
"431","社團法人彰化縣愛家社會福利協會","http://cdcb.judicial.gov.tw/abbs/wkw/WHD6K05.jsp?ab=AAAdkxAAHAAAEazAAF&bc=099&cd=%AA%6B%B5%6E%AA%C0++++++++++++++&de=000018&ef=CHD&fg=1"
"432","社團法人彰化縣職訓教育協會","http://cdcb.judicial.gov.tw/abbs/wkw/WHD6K05.jsp?ab=AAAdkxAAHAAACmyAAC&bc=099&cd=%AA%6B%B5%6E%AA%C0++++++++++++++&de=000020&ef=CHD&fg=1"
"436","財團法人彰化縣世紀佳人婚姻協會","http://cdcb.judicial.gov.tw/abbs/wkw/WHD6K05.jsp?ab=AAAdkxAAHAAAE56AAL&bc=099&cd=%AA%6B%B5%6E%AA%C0++++++++++++++&de=000022&ef=CHD&fg=1"
"433","社團法人中華民國政義慈善會","http://cdcb.judicial.gov.tw/abbs/wkw/WHD6K05.jsp?ab=AAAdkxAAHAAAE4xAAI&bc=099&cd=%AA%6B%B5%6E%AA%C0++++++++++++++&de=000023&ef=CHD&fg=1"
"412","社團法人彰化縣就業能力教育協會","http://cdcb.judicial.gov.tw/abbs/wkw/WHD6K05.jsp?ab=AAAdkxAAHAAAJbeAAF&bc=099&cd=%AA%6B%B5%6E%AA%C0++++++++++++++&de=000002&ef=CHD&fg=1"
"414","社團法人彰化縣集奉社慈善會","http://cdcb.judicial.gov.tw/abbs/wkw/WHD6K05.jsp?ab=AAAdkxAAHAAAJbeAAH&bc=099&cd=%AA%6B%B5%6E%AA%C0++++++++++++++&de=000004&ef=CHD&fg=1"
"416","社團法人彰化縣社會福利協會","http://cdcb.judicial.gov.tw/abbs/wkw/WHD6K05.jsp?ab=AAAdkxAAHAAAJa8AAJ&bc=099&cd=%AA%6B%B5%6E%AA%C0++++++++++++++&de=000005&ef=CHD&fg=1"
"420","社團法人彰化縣野生動物生態關懷協會","http://cdcb.judicial.gov.tw/abbs/wkw/WHD6K05.jsp?ab=AAAdkxAAHAAAJaOAAF&bc=099&cd=%AA%6B%B5%6E%AA%C0++++++++++++++&de=000009&ef=CHD&fg=1"
"425","社團法人彰化縣藝馨美容教育協會","http://cdcb.judicial.gov.tw/abbs/wkw/WHD6K05.jsp?ab=AAAdkxAAHAAAJbaAAH&bc=099&cd=%AA%6B%B5%6E%AA%C0++++++++++++++&de=000010&ef=CHD&fg=1"
"421","社團法人彰化縣勞資關係協進會","http://cdcb.judicial.gov.tw/abbs/wkw/WHD6K05.jsp?ab=AAAdkxAAHAAAJaNAAG&bc=099&cd=%AA%6B%B5%6E%AA%C0++++++++++++++&de=000012&ef=CHD&fg=1"
"312","社團法人彰化縣鹿港鎮洋厝社區發展協會","http://cdcb.judicial.gov.tw/abbs/wkw/WHD6K05.jsp?ab=AAAdkxAAHAAAE7LAAH&bc=099&cd=%AA%6B%B5%6E%A5%4C++++++++++++++&de=000076&ef=CHD&fg=1"
"359","社團法人彰化縣記帳士公會","http://cdcb.judicial.gov.tw/abbs/wkw/WHD6K05.jsp?ab=AAAdkxAAHAAACniAAD&bc=099&cd=%AA%6B%B5%6E%A5%4C++++++++++++++&de=000078&ef=CHD&fg=1"
"333","財團法人台灣基督長老教會彰化教會","http://cdcb.judicial.gov.tw/abbs/wkw/WHD6K05.jsp?ab=AAAdkxAAHAAAE0MAAF&bc=099&cd=%AA%6B%B5%6E%A5%4C++++++++++++++&de=000080&ef=CHD&fg=1"
"50","財團法人大葉文教基金會","http://cdcb.judicial.gov.tw/abbs/wkw/WHD6K05.jsp?ab=AAAdkxAAHAAAE%2BpAAG&bc=099&cd=%AA%6B%B5%6E%A5%4C++++++++++++++&de=000083&ef=CHD&fg=1"
"158","財團法人中華宗教文教基金會","http://cdcb.judicial.gov.tw/abbs/wkw/WHD6K05.jsp?ab=AAAdkxAAHAAAEjJAAH&bc=099&cd=%AA%6B%B5%6E%A5%4C++++++++++++++&de=000068&ef=CHD&fg=1"
"31","財團法人鹿港黃氏江夏堂大宗祠","http://cdcb.judicial.gov.tw/abbs/wkw/WHD6K05.jsp?ab=AAAdkxAAHAAAE9rAAE&bc=099&cd=%AA%6B%B5%6E%A5%4C++++++++++++++&de=000075&ef=CHD&fg=1"
"319","社團法人臺灣靈寶道教會","http://cdcb.judicial.gov.tw/abbs/wkw/WHD6K05.jsp?ab=AAAdkxAAHAAACmuAAJ&bc=099&cd=%AA%6B%B5%6E%A5%4C++++++++++++++&de=000058&ef=CHD&fg=1"
"325","社團法人彰化縣關懷弱勢社會服務協會","http://cdcb.judicial.gov.tw/abbs/wkw/WHD6K05.jsp?ab=AAAdkxAAHAAACuEAAE&bc=099&cd=%AA%6B%B5%6E%A5%4C++++++++++++++&de=000064&ef=CHD&fg=1"
"246","社團法人彰化縣公害防治協會","http://cdcb.judicial.gov.tw/abbs/wkw/WHD6K05.jsp?ab=AAAdkxAAHAAAJapAAF&bc=099&cd=%AA%6B%B5%6E%A5%4C++++++++++++++&de=000013&ef=CHD&fg=1"
"409","社團法人彰化縣南彰化生活美學協會","http://cdcb.judicial.gov.tw/abbs/wkw/WHD6K05.jsp?ab=AAAdkxAAHAAAJapAAB&bc=098&cd=%AA%6B%B5%6E%AA%C0++++++++++++++&de=000029&ef=CHD&fg=1"
"400","財團法人佛教十方學舍","http://cdcb.judicial.gov.tw/abbs/wkw/WHD6K05.jsp?ab=AAAdkxAAHAAAJbdAAL&bc=098&cd=%AA%6B%B5%6E%B0%5D++++++++++++++&de=000002&ef=CHD&fg=1"
"398","社團法人彰化縣向陽社會服務協會","http://cdcb.judicial.gov.tw/abbs/wkw/WHD6K05.jsp?ab=AAAdkxAAHAAAJagAAJ&bc=098&cd=%AA%6B%B5%6E%AA%C0++++++++++++++&de=000019&ef=CHD&fg=1"
"402","社團法人彰化縣二林天人國際獅子會","http://cdcb.judicial.gov.tw/abbs/wkw/WHD6K05.jsp?ab=AAAdkxAAHAAAJbZAAL&bc=098&cd=%AA%6B%B5%6E%AA%C0++++++++++++++&de=000021&ef=CHD&fg=1"
"403","社團法人台灣居家安全協會","http://cdcb.judicial.gov.tw/abbs/wkw/WHD6K05.jsp?ab=AAAdkxAAHAAAJbdAAD&bc=098&cd=%AA%6B%B5%6E%AA%C0++++++++++++++&de=000022&ef=CHD&fg=1"
"404","","http://cdcb.judicial.gov.tw/abbs/wkw/WHD6K05.jsp?ab=AAAdkxAAHAAAJbtAAH&bc=098&cd=%AA%6B%B5%6E%AA%C0++++++++++++++&de=000023&ef=CHD&fg=1"
"407","社團法人彰化縣幼兒音樂教育協會","http://cdcb.judicial.gov.tw/abbs/wkw/WHD6K05.jsp?ab=AAAdkxAAHAAAJapAAL&bc=098&cd=%AA%6B%B5%6E%AA%C0++++++++++++++&de=000026&ef=CHD&fg=1"
"410","社團法人彰化縣美學才藝發展協會","http://cdcb.judicial.gov.tw/abbs/wkw/WHD6K05.jsp?ab=AAAdkxAAHAAAJakAAE&bc=098&cd=%AA%6B%B5%6E%AA%C0++++++++++++++&de=000028&ef=CHD&fg=1"
"388","社團法人彰化縣員林誼真扶輪社","http://cdcb.judicial.gov.tw/abbs/wkw/WHD6K05.jsp?ab=AAAdkxAAHAAAJasAAJ&bc=098&cd=%AA%6B%B5%6E%AA%C0++++++++++++++&de=000007&ef=CHD&fg=1"
"387","社團法人彰化縣聖芳宮玄天上帝慈善會","http://cdcb.judicial.gov.tw/abbs/wkw/WHD6K05.jsp?ab=AAAdkxAAHAAAJasAAK&bc=098&cd=%AA%6B%B5%6E%AA%C0++++++++++++++&de=000008&ef=CHD&fg=1"
"390","社團法人彰化縣基督教生命泉協會","http://cdcb.judicial.gov.tw/abbs/wkw/WHD6K05.jsp?ab=AAAdkxAAHAAAJaYAAI&bc=098&cd=%AA%6B%B5%6E%AA%C0++++++++++++++&de=000010&ef=CHD&fg=1"
"391","社團法人彰化縣中高齡就業促進協會","http://cdcb.judicial.gov.tw/abbs/wkw/WHD6K05.jsp?ab=AAAdkxAAHAAAJaYAAK&bc=098&cd=%AA%6B%B5%6E%AA%C0++++++++++++++&de=000011&ef=CHD&fg=1"
"397","社團法人彰化縣外銷洋桔梗策略聯盟協會","http://cdcb.judicial.gov.tw/abbs/wkw/WHD6K05.jsp?ab=AAAdkxAAHAAAJbYAAB&bc=098&cd=%AA%6B%B5%6E%AA%C0++++++++++++++&de=000013&ef=CHD&fg=1"
"394","社團法人中華國際觀音禪密佛教會","http://cdcb.judicial.gov.tw/abbs/wkw/WHD6K05.jsp?ab=AAAdkxAAHAAAJbYAAC&bc=098&cd=%AA%6B%B5%6E%AA%C0++++++++++++++&de=000014&ef=CHD&fg=1"
"395","社團法人彰化縣降龍慈善會","http://cdcb.judicial.gov.tw/abbs/wkw/WHD6K05.jsp?ab=AAAdkxAAHAAAJaxAAE&bc=098&cd=%AA%6B%B5%6E%AA%C0++++++++++++++&de=000015&ef=CHD&fg=1"
"173","財團法人花壇北玄宮","http://cdcb.judicial.gov.tw/abbs/wkw/WHD6K05.jsp?ab=AAAdkxAAHAAAJakAAH&bc=098&cd=%AA%6B%B5%6E%A5%4C++++++++++++++&de=000104&ef=CHD&fg=1"
"393","社團法人彰化縣物理治療師公會","http://cdcb.judicial.gov.tw/abbs/wkw/WHD6K05.jsp?ab=AAAdkxAAHAAAJaZAAI&bc=098&cd=%AA%6B%B5%6E%AA%C0++++++++++++++&de=000001&ef=CHD&fg=1"
"383","社團法人彰化縣生活教育美學協會","http://cdcb.judicial.gov.tw/abbs/wkw/WHD6K05.jsp?ab=AAAdkxAAHAAAJaZAAK&bc=098&cd=%AA%6B%B5%6E%AA%C0++++++++++++++&de=000003&ef=CHD&fg=1"
"382","社團法人彰化縣彰安宮媽祖文化慈善會","http://cdcb.judicial.gov.tw/abbs/wkw/WHD6K05.jsp?ab=AAAdkxAAHAAAJaZAAL&bc=098&cd=%AA%6B%B5%6E%AA%C0++++++++++++++&de=000004&ef=CHD&fg=1"
"386","社團法人彰化縣人師教育協會","http://cdcb.judicial.gov.tw/abbs/wkw/WHD6K05.jsp?ab=AAAdkxAAHAAAJblAAI&bc=098&cd=%AA%6B%B5%6E%AA%C0++++++++++++++&de=000005&ef=CHD&fg=1"
"12","財團法人彰化縣員林教會聚會所","http://cdcb.judicial.gov.tw/abbs/wkw/WHD6K05.jsp?ab=AAAdkxAAHAAAJbgAAF&bc=098&cd=%AA%6B%B5%6E%A5%4C++++++++++++++&de=000091&ef=CHD&fg=1"
"243","財團法人臺灣樹木種源保育基金會","http://cdcb.judicial.gov.tw/abbs/wkw/WHD6K05.jsp?ab=AAAdkxAAHAAAJakAAD&bc=098&cd=%AA%6B%B5%6E%A5%4C++++++++++++++&de=000101&ef=CHD&fg=1"
"108","社團法人彰化縣彰化市福山社區發展協會","http://cdcb.judicial.gov.tw/abbs/wkw/WHD6K05.jsp?ab=AAAdkxAAHAAAJbhAAC&bc=098&cd=%AA%6B%B5%6E%A5%4C++++++++++++++&de=000079&ef=CHD&fg=1"
"292","社團法人彰化縣社區健康發展服務協會","http://cdcb.judicial.gov.tw/abbs/wkw/WHD6K05.jsp?ab=AAAdkxAAHAAAJbZAAJ&bc=098&cd=%AA%6B%B5%6E%A5%4C++++++++++++++&de=000062&ef=CHD&fg=1"
"265","社團法人彰化縣幼兒福利協會","http://cdcb.judicial.gov.tw/abbs/wkw/WHD6K05.jsp?ab=AAAdkxAAHAAAJbdAAK&bc=098&cd=%AA%6B%B5%6E%A5%4C++++++++++++++&de=000066&ef=CHD&fg=1"
"238","財團法人蓮池山四眾寺關懷文教基金會","http://cdcb.judicial.gov.tw/abbs/wkw/WHD6K05.jsp?ab=AAAdkxAAHAAAJaQAAE&bc=098&cd=%AA%6B%B5%6E%A5%4C++++++++++++++&de=000053&ef=CHD&fg=1"
"64","社團法人彰化縣和美一心慈善會","http://cdcb.judicial.gov.tw/abbs/wkw/WHD6K05.jsp?ab=AAAdkxAAHAAAJaxAAA&bc=098&cd=%AA%6B%B5%6E%A5%4C++++++++++++++&de=000041&ef=CHD&fg=1"
"193","社團法人彰化縣關懷志願服務協會","http://cdcb.judicial.gov.tw/abbs/wkw/WHD6K05.jsp?ab=AAAdkxAAHAAAJaYAAG&bc=098&cd=%AA%6B%B5%6E%A5%4C++++++++++++++&de=000032&ef=CHD&fg=1"
"381","社團法人彰化縣文化教育協會","http://cdcb.judicial.gov.tw/abbs/wkw/WHD6K05.jsp?ab=AAAdkxAAHAAAIpOAAA&bc=097&cd=%AA%6B%B5%6E%AA%C0++++++++++++++&de=000032&ef=CHD&fg=1"
"101","財團法人彰化縣鹿港紫極殿文教基金會","http://cdcb.judicial.gov.tw/abbs/wkw/WHD6K05.jsp?ab=AAAdkxAAHAAAIpOAAD&bc=098&cd=%AA%6B%B5%6E%A5%4C++++++++++++++&de=000001&ef=CHD&fg=1"
"320","社團法人彰化縣道陵天師慈善會","http://cdcb.judicial.gov.tw/abbs/wkw/WHD6K05.jsp?ab=AAAdkxAAHAAAIpOAAE&bc=098&cd=%AA%6B%B5%6E%A5%4C++++++++++++++&de=000002&ef=CHD&fg=1"
"363","社團法人彰化縣鹿港鎮萬興社區發展協會","http://cdcb.judicial.gov.tw/abbs/wkw/WHD6K05.jsp?ab=AAAdkxAAHAAAJbaAAF&bc=097&cd=%AA%6B%B5%6E%AA%C0++++++++++++++&de=000017&ef=CHD&fg=1"
"366","社團法人彰化縣人文教育發展協會","http://cdcb.judicial.gov.tw/abbs/wkw/WHD6K05.jsp?ab=AAAdkxAAHAAAJaMAAJ&bc=097&cd=%AA%6B%B5%6E%AA%C0++++++++++++++&de=000018&ef=CHD&fg=1"
"370","社團法人彰化縣生活文化美學學會","http://cdcb.judicial.gov.tw/abbs/wkw/WHD6K05.jsp?ab=AAAdkxAAHAAAJalAAB&bc=097&cd=%AA%6B%B5%6E%AA%C0++++++++++++++&de=000023&ef=CHD&fg=1"
"377","社團法人彰化縣逢甲大學校友會","http://cdcb.judicial.gov.tw/abbs/wkw/WHD6K05.jsp?ab=AAAdkxAAHAAAJcAAAB&bc=097&cd=%AA%6B%B5%6E%AA%C0++++++++++++++&de=000026&ef=CHD&fg=1"
"374","社團法人彰化縣東林精舍念佛會","http://cdcb.judicial.gov.tw/abbs/wkw/WHD6K05.jsp?ab=AAAdkxAAHAAAJcAAAC&bc=097&cd=%AA%6B%B5%6E%AA%C0++++++++++++++&de=000027&ef=CHD&fg=1"
"355","社團法人彰化縣嬰幼兒保育學會","http://cdcb.judicial.gov.tw/abbs/wkw/WHD6K05.jsp?ab=AAAdkxAAHAAAJbKAAJ&bc=097&cd=%AA%6B%B5%6E%AA%C0++++++++++++++&de=000003&ef=CHD&fg=1"
"356","社團法人台灣二林蔗農事件文化協會","http://cdcb.judicial.gov.tw/abbs/wkw/WHD6K05.jsp?ab=AAAdkxAAHAAAJbOAAA&bc=097&cd=%AA%6B%B5%6E%AA%C0++++++++++++++&de=000004&ef=CHD&fg=1"
"360","社團法人彰化縣藍鵲社會服務協會","http://cdcb.judicial.gov.tw/abbs/wkw/WHD6K05.jsp?ab=AAAdkxAAHAAAJaWAAJ&bc=097&cd=%AA%6B%B5%6E%AA%C0++++++++++++++&de=000008&ef=CHD&fg=1"
"361","社團法人中華民國社區處遇協會","http://cdcb.judicial.gov.tw/abbs/wkw/WHD6K05.jsp?ab=AAAdkxAAHAAAJaXAAA&bc=097&cd=%AA%6B%B5%6E%AA%C0++++++++++++++&de=000010&ef=CHD&fg=1"
"362","社團法人彰化縣員林西南扶輪社","http://cdcb.judicial.gov.tw/abbs/wkw/WHD6K05.jsp?ab=AAAdkxAAHAAAJbYAAG&bc=097&cd=%AA%6B%B5%6E%AA%C0++++++++++++++&de=000012&ef=CHD&fg=1"
"364","社團法人彰化縣新興關懷協會","http://cdcb.judicial.gov.tw/abbs/wkw/WHD6K05.jsp?ab=AAAdkxAAHAAAJbOAAJ&bc=097&cd=%AA%6B%B5%6E%AA%C0++++++++++++++&de=000015&ef=CHD&fg=1"
"365","社團法人彰化縣各級學校家長協會","http://cdcb.judicial.gov.tw/abbs/wkw/WHD6K05.jsp?ab=AAAdkxAAHAAAJbaAAD&bc=097&cd=%AA%6B%B5%6E%AA%C0++++++++++++++&de=000016&ef=CHD&fg=1"
"315","社團法人中華民國國立彰化師範大學校友總會","http://cdcb.judicial.gov.tw/abbs/wkw/WHD6K05.jsp?ab=AAAdkxAAHAAAJaQAAI&bc=097&cd=%AA%6B%B5%6E%A5%4C++++++++++++++&de=000081&ef=CHD&fg=1"
"354","社團法人彰化縣春夏文教慈善會","http://cdcb.judicial.gov.tw/abbs/wkw/WHD6K05.jsp?ab=AAAdkxAAHAAAJcEAAI&bc=097&cd=%AA%6B%B5%6E%AA%C0++++++++++++++&de=000001&ef=CHD&fg=1"
"353","社團法人中華職涯發展促進協會","http://cdcb.judicial.gov.tw/abbs/wkw/WHD6K05.jsp?ab=AAAdkxAAHAAAJcEAAK&bc=097&cd=%AA%6B%B5%6E%AA%C0++++++++++++++&de=000002&ef=CHD&fg=1"
"219","財團法人彰化縣私立儒林社會福利慈善事業基金會","http://cdcb.judicial.gov.tw/abbs/wkw/WHD6K05.jsp?ab=AAAdkxAAHAAAJbJAAK&bc=097&cd=%AA%6B%B5%6E%A5%4C++++++++++++++&de=000076&ef=CHD&fg=1"
"342","社團法人彰化縣王功蚵藝文化協會","http://cdcb.judicial.gov.tw/abbs/wkw/WHD6K05.jsp?ab=AAAdkxAAHAAAJaRAAD&bc=097&cd=%AA%6B%B5%6E%A5%4C++++++++++++++&de=000065&ef=CHD&fg=1"
"316","社團法人彰化縣二林鎮老人會","http://cdcb.judicial.gov.tw/abbs/wkw/WHD6K05.jsp?ab=AAAdkxAAHAAAJbJAAD&bc=097&cd=%AA%6B%B5%6E%A5%4C++++++++++++++&de=000044&ef=CHD&fg=1"
"3","財團法人彰化縣私立基督教喜樂保育院","http://cdcb.judicial.gov.tw/abbs/wkw/WHD6K05.jsp?ab=AAAdkxAAHAAAJadAAJ&bc=097&cd=%AA%6B%B5%6E%A5%4C++++++++++++++&de=000021&ef=CHD&fg=1"
"141","財團法人和美教會聚會所","http://cdcb.judicial.gov.tw/abbs/wkw/WHD6K05.jsp?ab=AAAdkxAAHAAAJcIAAB&bc=097&cd=%AA%6B%B5%6E%A5%4C++++++++++++++&de=000009&ef=CHD&fg=1"
"340","社團法人彰化縣員林百果山國際獅子會","http://cdcb.judicial.gov.tw/abbs/wkw/WHD6K05.jsp?ab=AAAdkxAAHAAAJb8AAH&bc=096&cd=%AA%6B%B5%6E%AA%C0++++++++++++++&de=000004&ef=CHD&fg=1"
"343","社團法人彰化縣北斗四季游泳協會","http://cdcb.judicial.gov.tw/abbs/wkw/WHD6K05.jsp?ab=AAAdkxAAHAAAIpdAAA&bc=096&cd=%AA%6B%B5%6E%AA%C0++++++++++++++&de=000008&ef=CHD&fg=1"
"346","社團法人彰化縣瑜伽協會","http://cdcb.judicial.gov.tw/abbs/wkw/WHD6K05.jsp?ab=AAAdkxAAHAAAJcFAAL&bc=096&cd=%AA%6B%B5%6E%AA%C0++++++++++++++&de=000010&ef=CHD&fg=1"
"345","社團法人彰化縣陶笛協會","http://cdcb.judicial.gov.tw/abbs/wkw/WHD6K05.jsp?ab=AAAdkxAAHAAAJbKAAF&bc=096&cd=%AA%6B%B5%6E%AA%C0++++++++++++++&de=000012&ef=CHD&fg=1"
"351","社團法人彰化縣陽光弱勢團體關懷協會","http://cdcb.judicial.gov.tw/abbs/wkw/WHD6K05.jsp?ab=AAAdkxAAHAAAJadAAF&bc=096&cd=%AA%6B%B5%6E%AA%C0++++++++++++++&de=000016&ef=CHD&fg=1"
"350","社團法人彰化縣長期照護發展協會","http://cdcb.judicial.gov.tw/abbs/wkw/WHD6K05.jsp?ab=AAAdkxAAHAAAJaSAAF&bc=096&cd=%AA%6B%B5%6E%AA%C0++++++++++++++&de=000017&ef=CHD&fg=1"
"6","財團法人彰化縣妙化堂","http://cdcb.judicial.gov.tw/abbs/wkw/WHD6K05.jsp?ab=AAAdkxAAHAAAJaWAAA&bc=096&cd=%AA%6B%B5%6E%A5%4C++++++++++++++&de=000079&ef=CHD&fg=1"
"338","社團法人彰化縣員林東北扶輪社","http://cdcb.judicial.gov.tw/abbs/wkw/WHD6K05.jsp?ab=AAAdkxAAHAAAJbsAAD&bc=096&cd=%AA%6B%B5%6E%AA%C0++++++++++++++&de=000003&ef=CHD&fg=1"
"130","社團法人彰化縣企業經營研究協會","http://cdcb.judicial.gov.tw/abbs/wkw/WHD6K05.jsp?ab=AAAdkxAAHAAAJbKAAB&bc=096&cd=%AA%6B%B5%6E%A5%4C++++++++++++++&de=000063&ef=CHD&fg=1"
"294","社團法人臺灣產業文化觀光推展協會","http://cdcb.judicial.gov.tw/abbs/wkw/WHD6K05.jsp?ab=AAAdkxAAHAAAJcEAAD&bc=096&cd=%AA%6B%B5%6E%A5%4C++++++++++++++&de=000056&ef=CHD&fg=1"
"271","社團法人彰化縣千高台文化協會","http://cdcb.judicial.gov.tw/abbs/wkw/WHD6K05.jsp?ab=AAAdkxAAHAAAJaUAAG&bc=096&cd=%AA%6B%B5%6E%A5%4C++++++++++++++&de=000007&ef=CHD&fg=1"
"142","財團法人和美天佑宮","http://cdcb.judicial.gov.tw/abbs/wkw/WHD6K05.jsp?ab=AAAdkxAAHAAAJaUAAH&bc=096&cd=%AA%6B%B5%6E%A5%4C++++++++++++++&de=000008&ef=CHD&fg=1"
"4","財團法人彰化縣警化堂","http://cdcb.judicial.gov.tw/abbs/wkw/WHD6K05.jsp?ab=AAAdkxAAHAAAJaUAAK&bc=096&cd=%AA%6B%B5%6E%A5%4C++++++++++++++&de=000011&ef=CHD&fg=1"
"313","社團法人中華民國傑出農民協會","http://cdcb.judicial.gov.tw/abbs/wkw/WHD6K05.jsp?ab=AAAdkxAAHAAAJb8AAJ&bc=096&cd=%AA%6B%B5%6E%A5%4C++++++++++++++&de=000014&ef=CHD&fg=1"
"322","社團法人彰化縣意外事故受害人保護協會","http://cdcb.judicial.gov.tw/abbs/wkw/WHD6K05.jsp?ab=AAAdkxAAHAAAJaSAAC&bc=095&cd=%AA%6B%B5%6E%AA%C0++++++++++++++&de=000003&ef=CHD&fg=1"
"321","社團法人彰化縣芙蓉兩性關懷成長協會","http://cdcb.judicial.gov.tw/abbs/wkw/WHD6K05.jsp?ab=AAAdkxAAHAAAJboAAG&bc=095&cd=%AA%6B%B5%6E%AA%C0++++++++++++++&de=000004&ef=CHD&fg=1"
"327","社團法人彰化縣老人福利推展協會","http://cdcb.judicial.gov.tw/abbs/wkw/WHD6K05.jsp?ab=AAAdkxAAHAAAJb5AAJ&bc=095&cd=%AA%6B%B5%6E%AA%C0++++++++++++++&de=000006&ef=CHD&fg=1"
"330","社團法人彰化縣聖賢行善會","http://cdcb.judicial.gov.tw/abbs/wkw/WHD6K05.jsp?ab=AAAdkxAAHAAAJaUAAC&bc=095&cd=%AA%6B%B5%6E%AA%C0++++++++++++++&de=000012&ef=CHD&fg=1"
"328","社團法人彰化縣永靖國際獅子會","http://cdcb.judicial.gov.tw/abbs/wkw/WHD6K05.jsp?ab=AAAdkxAAHAAAJb4AAM&bc=095&cd=%AA%6B%B5%6E%AA%C0++++++++++++++&de=000013&ef=CHD&fg=1"
"329","社團法人中華民國勞資文教協會","http://cdcb.judicial.gov.tw/abbs/wkw/WHD6K05.jsp?ab=AAAdkxAAHAAAJb8AAC&bc=095&cd=%AA%6B%B5%6E%AA%C0++++++++++++++&de=000014&ef=CHD&fg=1"
"155","社團法人彰化縣忠義慈善會","http://cdcb.judicial.gov.tw/abbs/wkw/WHD6K05.jsp?ab=AAAdkxAAHAAAJa4AAE&bc=095&cd=%AA%6B%B5%6E%A5%4C++++++++++++++&de=000068&ef=CHD&fg=1"
"317","社團法人彰化縣十全社會服務協會","http://cdcb.judicial.gov.tw/abbs/wkw/WHD6K05.jsp?ab=AAAdkxAAHAAAJagAAH&bc=094&cd=%AA%6B%B5%6E%AA%C0++++++++++++++&de=000018&ef=CHD&fg=1"
"306","社團法人彰化縣呼吸治療師公會","http://cdcb.judicial.gov.tw/abbs/wkw/WHD6K05.jsp?ab=AAAdkxAAHAAAJbBAAI&bc=094&cd=%AA%6B%B5%6E%AA%C0++++++++++++++&de=000001&ef=CHD&fg=1"
"307","社團法人彰化縣員林螢光慈善會","http://cdcb.judicial.gov.tw/abbs/wkw/WHD6K05.jsp?ab=AAAdkxAAHAAAJbcAAD&bc=094&cd=%AA%6B%B5%6E%AA%C0++++++++++++++&de=000003&ef=CHD&fg=1"
"305","社團法人彰化縣芬園鄉寶山社區發展協會","http://cdcb.judicial.gov.tw/abbs/wkw/WHD6K05.jsp?ab=AAAdkxAAHAAAJbcAAE&bc=094&cd=%AA%6B%B5%6E%AA%C0++++++++++++++&de=000004&ef=CHD&fg=1"
"308","社團法人中華國際婦幼福利發展學會","http://cdcb.judicial.gov.tw/abbs/wkw/WHD6K05.jsp?ab=AAAdkxAAHAAAJbsAAB&bc=094&cd=%AA%6B%B5%6E%AA%C0++++++++++++++&de=000007&ef=CHD&fg=1"
"309","社團法人彰化縣薪傳永續協會","http://cdcb.judicial.gov.tw/abbs/wkw/WHD6K05.jsp?ab=AAAdkxAAHAAAJblAAD&bc=094&cd=%AA%6B%B5%6E%AA%C0++++++++++++++&de=000008&ef=CHD&fg=1"
"310","社團法人彰化縣企業高階管理研究發展協會","http://cdcb.judicial.gov.tw/abbs/wkw/WHD6K05.jsp?ab=AAAdkxAAHAAAJblAAE&bc=094&cd=%AA%6B%B5%6E%AA%C0++++++++++++++&de=000009&ef=CHD&fg=1"
"181","財團法人洪宗玉文教基金會","http://cdcb.judicial.gov.tw/abbs/wkw/WHD6K05.jsp?ab=AAAdkxAAHAAAJb0AAF&bc=094&cd=%AA%6B%B5%6E%A5%4C++++++++++++++&de=000071&ef=CHD&fg=1"
"217","社團法人彰化縣全人教育協會","http://cdcb.judicial.gov.tw/abbs/wkw/WHD6K05.jsp?ab=AAAdkxAAHAAAIqIAAG&bc=094&cd=%AA%6B%B5%6E%A5%4C++++++++++++++&de=000048&ef=CHD&fg=1"
"13","財團法人彰化縣天理教真明彰化教會","http://cdcb.judicial.gov.tw/abbs/wkw/WHD6K05.jsp?ab=AAAdkxAAHAAAIqEAAL&bc=094&cd=%AA%6B%B5%6E%A5%4C++++++++++++++&de=000041&ef=CHD&fg=1"
"198","社團法人彰化縣身心障礙者就業促進協會","http://cdcb.judicial.gov.tw/abbs/wkw/WHD6K05.jsp?ab=AAAdkxAAHAAAJbsAAA&bc=094&cd=%AA%6B%B5%6E%A5%4C++++++++++++++&de=000014&ef=CHD&fg=1"
"300","社團法人彰化縣園藝花卉業職業工會","http://cdcb.judicial.gov.tw/abbs/wkw/WHD6K05.jsp?ab=AAAdkxAAHAAAJaoAAD&bc=093&cd=%AA%6B%B5%6E%AA%C0++++++++++++++&de=000024&ef=CHD&fg=1"
"304","社團法人彰化縣故事閱讀協會","http://cdcb.judicial.gov.tw/abbs/wkw/WHD6K05.jsp?ab=AAAdkxAAHAAAJaoAAE&bc=093&cd=%AA%6B%B5%6E%AA%C0++++++++++++++&de=000025&ef=CHD&fg=1"
"301","社團法人彰化縣烘焙美食推廣協會","http://cdcb.judicial.gov.tw/abbs/wkw/WHD6K05.jsp?ab=AAAdkxAAHAAAJaoAAF&bc=093&cd=%AA%6B%B5%6E%AA%C0++++++++++++++&de=000026&ef=CHD&fg=1"
"302","社團法人彰化縣婦幼成長協會","http://cdcb.judicial.gov.tw/abbs/wkw/WHD6K05.jsp?ab=AAAdkxAAHAAAJa0AAJ&bc=093&cd=%AA%6B%B5%6E%AA%C0++++++++++++++&de=000027&ef=CHD&fg=1"
"288","財團法人老五老基金會","http://cdcb.judicial.gov.tw/abbs/wkw/WHD6K05.jsp?ab=AAAdkxAAHAAAJa0AAG&bc=093&cd=%AA%6B%B5%6E%B0%5D++++++++++++++&de=000001&ef=CHD&fg=1"
"286","社團法人彰化縣基督教青少年福利促進協會","http://cdcb.judicial.gov.tw/abbs/wkw/WHD6K05.jsp?ab=AAAdkxAAHAAAJbpAAM&bc=093&cd=%AA%6B%B5%6E%AA%C0++++++++++++++&de=000007&ef=CHD&fg=1"
"289","社團法人彰化縣自然生態永續協會","http://cdcb.judicial.gov.tw/abbs/wkw/WHD6K05.jsp?ab=AAAdkxAAHAAAJa0AAF&bc=093&cd=%AA%6B%B5%6E%AA%C0++++++++++++++&de=000010&ef=CHD&fg=1"
"290","社團法人彰化縣優良鬥雞品種選拔協會","http://cdcb.judicial.gov.tw/abbs/wkw/WHD6K05.jsp?ab=AAAdkxAAHAAAJa9AAM&bc=093&cd=%AA%6B%B5%6E%AA%C0++++++++++++++&de=000011&ef=CHD&fg=1"
"291","社團法人彰化縣手藝藝術協會","http://cdcb.judicial.gov.tw/abbs/wkw/WHD6K05.jsp?ab=AAAdkxAAHAAAJbBAAD&bc=093&cd=%AA%6B%B5%6E%AA%C0++++++++++++++&de=000013&ef=CHD&fg=1"
"293","社團法人彰化縣埔鹽鄉埔南社區發展協會","http://cdcb.judicial.gov.tw/abbs/wkw/WHD6K05.jsp?ab=AAAdkxAAHAAAJbwAAC&bc=093&cd=%AA%6B%B5%6E%AA%C0++++++++++++++&de=000015&ef=CHD&fg=1"
"299","社團法人彰化縣基督教新寶社會關懷協會","http://cdcb.judicial.gov.tw/abbs/wkw/WHD6K05.jsp?ab=AAAdkxAAHAAAJbxAAF&bc=093&cd=%AA%6B%B5%6E%AA%C0++++++++++++++&de=000020&ef=CHD&fg=1"
"284","社團法人彰化縣社區營造協會","http://cdcb.judicial.gov.tw/abbs/wkw/WHD6K05.jsp?ab=AAAdkxAAHAAAJa5AAI&bc=093&cd=%AA%6B%B5%6E%AA%C0++++++++++++++&de=000001&ef=CHD&fg=1"
"283","社團法人彰化縣林四福堂宗親會","http://cdcb.judicial.gov.tw/abbs/wkw/WHD6K05.jsp?ab=AAAdkxAAHAAAJa9AAE&bc=093&cd=%AA%6B%B5%6E%AA%C0++++++++++++++&de=000003&ef=CHD&fg=1"
"285","社團法人彰化縣鹿港教會社區關懷協會","http://cdcb.judicial.gov.tw/abbs/wkw/WHD6K05.jsp?ab=AAAdkxAAHAAAJboAAB&bc=093&cd=%AA%6B%B5%6E%AA%C0++++++++++++++&de=000006&ef=CHD&fg=1"
"36","財團法人台灣省彰化縣基督教中華福音道路德會甘露堂","http://cdcb.judicial.gov.tw/abbs/wkw/WHD6K05.jsp?ab=AAAdkxAAHAAAJbxAAE&bc=093&cd=%AA%6B%B5%6E%A5%4C++++++++++++++&de=000063&ef=CHD&fg=1"
"276","財團法人彰化縣私立慈林社會福利慈善事業基金會","http://cdcb.judicial.gov.tw/abbs/wkw/WHD6K05.jsp?ab=AAAdkxAAHAAAJb9AAJ&bc=093&cd=%AA%6B%B5%6E%A5%4C++++++++++++++&de=000066&ef=CHD&fg=1"
"255","社團法人中華民國啟智協會","http://cdcb.judicial.gov.tw/abbs/wkw/WHD6K05.jsp?ab=AAAdkxAAHAAAJbBAAE&bc=093&cd=%AA%6B%B5%6E%A5%4C++++++++++++++&de=000048&ef=CHD&fg=1"
"274","社團法人彰化縣安溪玄德廟慈善會","http://cdcb.judicial.gov.tw/abbs/wkw/WHD6K05.jsp?ab=AAAdkxAAHAAAJbNAAH&bc=092&cd=%AA%6B%B5%6E%AA%C0++++++++++++++&de=000012&ef=CHD&fg=1"
"275","社團法人彰化縣社會福利促進會","http://cdcb.judicial.gov.tw/abbs/wkw/WHD6K05.jsp?ab=AAAdkxAAHAAAJbNAAI&bc=092&cd=%AA%6B%B5%6E%AA%C0++++++++++++++&de=000015&ef=CHD&fg=1"
"278","社團法人彰化縣員林錦龍國際獅子會","http://cdcb.judicial.gov.tw/abbs/wkw/WHD6K05.jsp?ab=AAAdkxAAHAAAJbNAAJ&bc=092&cd=%AA%6B%B5%6E%AA%C0++++++++++++++&de=000016&ef=CHD&fg=1"
"277","社團法人彰化縣關懷兒童服務協會","http://cdcb.judicial.gov.tw/abbs/wkw/WHD6K05.jsp?ab=AAAdkxAAHAAAJbNAAK&bc=092&cd=%AA%6B%B5%6E%AA%C0++++++++++++++&de=000017&ef=CHD&fg=1"
"279","社團法人彰化縣寧瑪巴圓滿法輪佛學會","http://cdcb.judicial.gov.tw/abbs/wkw/WHD6K05.jsp?ab=AAAdkxAAHAAAJbNAAL&bc=092&cd=%AA%6B%B5%6E%AA%C0++++++++++++++&de=000019&ef=CHD&fg=1"
"270","財團法人遠哲科學教育基金會","http://cdcb.judicial.gov.tw/abbs/wkw/WHD6K05.jsp?ab=AAAdkxAAHAAAJbZAAB&bc=092&cd=%AA%6B%B5%6E%B0%5D++++++++++++++&de=000002&ef=CHD&fg=1"
"264","社團法人彰化縣和平鴿競翔協會","http://cdcb.judicial.gov.tw/abbs/wkw/WHD6K05.jsp?ab=AAAdkxAAHAAAJbkAAB&bc=092&cd=%AA%6B%B5%6E%AA%C0++++++++++++++&de=000001&ef=CHD&fg=1"
"266","社團法人彰化縣居家關懷服務協會","http://cdcb.judicial.gov.tw/abbs/wkw/WHD6K05.jsp?ab=AAAdkxAAHAAAJbkAAD&bc=092&cd=%AA%6B%B5%6E%AA%C0++++++++++++++&de=000003&ef=CHD&fg=1"
"267","社團法人彰化縣祥和志願服務協會","http://cdcb.judicial.gov.tw/abbs/wkw/WHD6K05.jsp?ab=AAAdkxAAHAAAJbkAAE&bc=092&cd=%AA%6B%B5%6E%AA%C0++++++++++++++&de=000004&ef=CHD&fg=1"
"269","社團法人彰化縣家樂福人文生活關懷協進會","http://cdcb.judicial.gov.tw/abbs/wkw/WHD6K05.jsp?ab=AAAdkxAAHAAAJbkAAF&bc=092&cd=%AA%6B%B5%6E%AA%C0++++++++++++++&de=000005&ef=CHD&fg=1"
"272","社團法人彰化縣人文風情關懷協會","http://cdcb.judicial.gov.tw/abbs/wkw/WHD6K05.jsp?ab=AAAdkxAAHAAAJbNAAG&bc=092&cd=%AA%6B%B5%6E%AA%C0++++++++++++++&de=000010&ef=CHD&fg=1"
"196","財團法人彰邑文教基金會","http://cdcb.judicial.gov.tw/abbs/wkw/WHD6K05.jsp?ab=AAAdkxAAHAAAJbcAAH&bc=092&cd=%AA%6B%B5%6E%A5%4C++++++++++++++&de=000056&ef=CHD&fg=1"
"257","社團法人彰化縣私立文興高級中學校友會","http://cdcb.judicial.gov.tw/abbs/wkw/WHD6K05.jsp?ab=AAAdkxAAHAAAJalAAD&bc=091&cd=%AA%6B%B5%6E%AA%C0++++++++++++++&de=000014&ef=CHD&fg=1"
"258","社團法人中華民國生命教育推動協會","http://cdcb.judicial.gov.tw/abbs/wkw/WHD6K05.jsp?ab=AAAdkxAAHAAAJalAAE&bc=091&cd=%AA%6B%B5%6E%AA%C0++++++++++++++&de=000015&ef=CHD&fg=1"
"259","社團法人彰化縣溪湖扶輪社","http://cdcb.judicial.gov.tw/abbs/wkw/WHD6K05.jsp?ab=AAAdkxAAHAAAJalAAF&bc=091&cd=%AA%6B%B5%6E%AA%C0++++++++++++++&de=000018&ef=CHD&fg=1"
"262","社團法人彰化縣社區大眾社會服務推廣協會","http://cdcb.judicial.gov.tw/abbs/wkw/WHD6K05.jsp?ab=AAAdkxAAHAAAJalAAG&bc=091&cd=%AA%6B%B5%6E%AA%C0++++++++++++++&de=000019&ef=CHD&fg=1"
"261","社團法人彰化縣皇家藝術教育學會","http://cdcb.judicial.gov.tw/abbs/wkw/WHD6K05.jsp?ab=AAAdkxAAHAAAJaxAAI&bc=091&cd=%AA%6B%B5%6E%AA%C0++++++++++++++&de=000021&ef=CHD&fg=1"
"253","社團法人彰化縣彌勒大道弘慈會","http://cdcb.judicial.gov.tw/abbs/wkw/WHD6K05.jsp?ab=AAAdkxAAHAAAIpJAAF&bc=091&cd=%AA%6B%B5%6E%AA%C0++++++++++++++&de=000007&ef=CHD&fg=1"
"249","社團法人彰化縣影劇協會","http://cdcb.judicial.gov.tw/abbs/wkw/WHD6K05.jsp?ab=AAAdkxAAHAAAIpJAAG&bc=091&cd=%AA%6B%B5%6E%AA%C0++++++++++++++&de=000008&ef=CHD&fg=1"
"250","社團法人中華民國水上芭蕾舞協會","http://cdcb.judicial.gov.tw/abbs/wkw/WHD6K05.jsp?ab=AAAdkxAAHAAAIpJAAH&bc=091&cd=%AA%6B%B5%6E%AA%C0++++++++++++++&de=000009&ef=CHD&fg=1"
"252","社團法人彰化縣中華社區品質促進會","http://cdcb.judicial.gov.tw/abbs/wkw/WHD6K05.jsp?ab=AAAdkxAAHAAAIpJAAI&bc=091&cd=%AA%6B%B5%6E%AA%C0++++++++++++++&de=000010&ef=CHD&fg=1"
"254","社團法人彰化縣家庭關懷服務協會","http://cdcb.judicial.gov.tw/abbs/wkw/WHD6K05.jsp?ab=AAAdkxAAHAAAIpJAAJ&bc=091&cd=%AA%6B%B5%6E%AA%C0++++++++++++++&de=000011&ef=CHD&fg=1"
"27","財團法人臺灣省彰化縣私立培元高級中學","http://cdcb.judicial.gov.tw/abbs/wkw/WHD6K05.jsp?ab=AAAdkxAAHAAAIpeAAJ&bc=091&cd=%AA%6B%B5%6E%A5%4C++++++++++++++&de=000050&ef=CHD&fg=1"
"117","財團法人彰化縣教育基金會","http://cdcb.judicial.gov.tw/abbs/wkw/WHD6K05.jsp?ab=AAAdkxAAHAAAJamAAA&bc=091&cd=%AA%6B%B5%6E%A5%4C++++++++++++++&de=000053&ef=CHD&fg=1"
"35","","http://cdcb.judicial.gov.tw/abbs/wkw/WHD6K05.jsp?ab=AAAdkxAAHAAAIp0AAB&bc=091&cd=%AA%6B%B5%6E%A5%4C++++++++++++++&de=000025&ef=CHD&fg=1"
"233","社團法人彰化縣陸軍軍士教導總隊退伍人員協會","http://cdcb.judicial.gov.tw/abbs/wkw/WHD6K05.jsp?ab=AAAdkxAAHAAAIpkAAI&bc=091&cd=%AA%6B%B5%6E%A5%4C++++++++++++++&de=000020&ef=CHD&fg=1"
"237","社團法人彰化縣和美體育運動舞蹈協會","http://cdcb.judicial.gov.tw/abbs/wkw/WHD6K05.jsp?ab=AAAdkxAAHAAAIpRAAD&bc=090&cd=%AA%6B%B5%6E%AA%C0++++++++++++++&de=000011&ef=CHD&fg=1"
"241","社團法人彰化縣青年文教活動推廣協會","http://cdcb.judicial.gov.tw/abbs/wkw/WHD6K05.jsp?ab=AAAdkxAAHAAAIpRAAE&bc=090&cd=%AA%6B%B5%6E%AA%C0++++++++++++++&de=000012&ef=CHD&fg=1"
"240","社團法人彰化縣富麗慈善會","http://cdcb.judicial.gov.tw/abbs/wkw/WHD6K05.jsp?ab=AAAdkxAAHAAAIpRAAF&bc=090&cd=%AA%6B%B5%6E%AA%C0++++++++++++++&de=000013&ef=CHD&fg=1"
"226","財團法人彰化縣私立福興社會福利慈善事業基金會","http://cdcb.judicial.gov.tw/abbs/wkw/WHD6K05.jsp?ab=AAAdkxAAHAAAIpRAAG&bc=090&cd=%AA%6B%B5%6E%B0%5D++++++++++++++&de=000001&ef=CHD&fg=1"
"227","財團法人秋荷健康福利基金會","http://cdcb.judicial.gov.tw/abbs/wkw/WHD6K05.jsp?ab=AAAdkxAAHAAAIpRAAH&bc=090&cd=%AA%6B%B5%6E%B0%5D++++++++++++++&de=000002&ef=CHD&fg=1"
"225","社團法人彰化縣障礙者就業協會","http://cdcb.judicial.gov.tw/abbs/wkw/WHD6K05.jsp?ab=AAAdkxAAHAAAJauAAC&bc=090&cd=%AA%6B%B5%6E%AA%C0++++++++++++++&de=000001&ef=CHD&fg=1"
"229","社團法人彰化縣員林中區扶輪社","http://cdcb.judicial.gov.tw/abbs/wkw/WHD6K05.jsp?ab=AAAdkxAAHAAAJauAAD&bc=090&cd=%AA%6B%B5%6E%AA%C0++++++++++++++&de=000002&ef=CHD&fg=1"
"230","社團法人台灣障礙者理解學會","http://cdcb.judicial.gov.tw/abbs/wkw/WHD6K05.jsp?ab=AAAdkxAAHAAAJauAAE&bc=090&cd=%AA%6B%B5%6E%AA%C0++++++++++++++&de=000003&ef=CHD&fg=1"
"234","社團法人彰化縣員林扶輪社","http://cdcb.judicial.gov.tw/abbs/wkw/WHD6K05.jsp?ab=AAAdkxAAHAAAIpRAAA&bc=090&cd=%AA%6B%B5%6E%AA%C0++++++++++++++&de=000007&ef=CHD&fg=1"
"236","社團法人中華民國大葉大學校友總會","http://cdcb.judicial.gov.tw/abbs/wkw/WHD6K05.jsp?ab=AAAdkxAAHAAAIpRAAB&bc=090&cd=%AA%6B%B5%6E%AA%C0++++++++++++++&de=000009&ef=CHD&fg=1"
"223","財團法人四重恩教育文化藝術基金會","http://cdcb.judicial.gov.tw/abbs/wkw/WHD6K05.jsp?ab=AAAdkxAAHAAAIp4AAE&bc=089&cd=%AA%6B%B5%6E%B0%5D++++++++++++++&de=000015&ef=CHD&fg=1"
"109","財團法人施金山文教基金會","http://cdcb.judicial.gov.tw/abbs/wkw/WHD6K05.jsp?ab=AAAdkxAAHAAAIp4AAG&bc=090&cd=%AA%6B%B5%6E%A5%4C++++++++++++++&de=000001&ef=CHD&fg=1"
"231","社團法人彰化縣天聖慈善會","http://cdcb.judicial.gov.tw/abbs/wkw/WHD6K05.jsp?ab=AAAdkxAAHAAAJafAAC&bc=089&cd=%AA%6B%B5%6E%AA%C0++++++++++++++&de=000018&ef=CHD&fg=1"
"206","社團法人彰化縣國樂學會","http://cdcb.judicial.gov.tw/abbs/wkw/WHD6K05.jsp?ab=AAAdkxAAHAAAJabAAI&bc=089&cd=%AA%6B%B5%6E%AA%C0++++++++++++++&de=000001&ef=CHD&fg=1"
"210","社團法人中國玉清覺修協會","http://cdcb.judicial.gov.tw/abbs/wkw/WHD6K05.jsp?ab=AAAdkxAAHAAAJabAAJ&bc=089&cd=%AA%6B%B5%6E%AA%C0++++++++++++++&de=000002&ef=CHD&fg=1"
"209","社團法人彰化縣彰友慈善會","http://cdcb.judicial.gov.tw/abbs/wkw/WHD6K05.jsp?ab=AAAdkxAAHAAAJabAAK&bc=089&cd=%AA%6B%B5%6E%AA%C0++++++++++++++&de=000003&ef=CHD&fg=1"
"201","社團法人彰化縣彰化中區扶輪社","http://cdcb.judicial.gov.tw/abbs/wkw/WHD6K05.jsp?ab=AAAdkxAAHAAAIpZAAF&bc=089&cd=%AA%6B%B5%6E%A5%4C++++++++++++++&de=000019&ef=CHD&fg=1"
"207","社團法人彰化縣永靖鄉福興社區發展協會","http://cdcb.judicial.gov.tw/abbs/wkw/WHD6K05.jsp?ab=AAAdkxAAHAAAJbGAAD&bc=088&cd=%AA%6B%B5%6E%AA%C0++++++++++++++&de=000017&ef=CHD&fg=1"
"189","社團法人彰化縣佛教居士會","http://cdcb.judicial.gov.tw/abbs/wkw/WHD6K05.jsp?ab=AAAdkxAAHAAAIpSAAH&bc=088&cd=%AA%6B%B5%6E%AA%C0++++++++++++++&de=000001&ef=CHD&fg=1"
"190","社團法人彰化縣大地保護協會－重新申請","http://cdcb.judicial.gov.tw/abbs/wkw/WHD6K05.jsp?ab=AAAdkxAAHAAAIpSAAI&bc=088&cd=%AA%6B%B5%6E%AA%C0++++++++++++++&de=000002&ef=CHD&fg=1"
"1","財團法人彰化縣八卦山大佛風景協會","http://cdcb.judicial.gov.tw/abbs/wkw/WHD6K05.jsp?ab=AAAdkxAAHAAAIphAAI&bc=088&cd=%AA%6B%B5%6E%A5%4C++++++++++++++&de=000037&ef=CHD&fg=1"
"104","財團法人彰化縣私立仁愛社會福利慈善事業基金會","http://cdcb.judicial.gov.tw/abbs/wkw/WHD6K05.jsp?ab=AAAdkxAAHAAAIpNAAC&bc=088&cd=%AA%6B%B5%6E%A5%4C++++++++++++++&de=000025&ef=CHD&fg=1"
"186","財團法人彰化縣黃金春文教基金會","http://cdcb.judicial.gov.tw/abbs/wkw/WHD6K05.jsp?ab=AAAdkxAAHAAAJayAAD&bc=087&cd=%AA%6B%B5%6E%B0%5D++++++++++++++&de=000004&ef=CHD&fg=1"
"169","財團法人海頓公園環境保護基金會","http://cdcb.judicial.gov.tw/abbs/wkw/WHD6K05.jsp?ab=AAAdkxAAHAAAJaPAAL&bc=087&cd=%AA%6B%B5%6E%A5%4C++++++++++++++&de=000004&ef=CHD&fg=1"
"160","社團法人彰化縣田尾鄉新興社區發展協會","http://cdcb.judicial.gov.tw/abbs/wkw/WHD6K05.jsp?ab=AAAdkxAAHAAAIpoAAB&bc=086&cd=%AA%6B%B5%6E%AA%C0++++++++++++++&de=000002&ef=CHD&fg=1"
"170","社團法人彰化縣埔鹽鄉角樹社區發展協會","http://cdcb.judicial.gov.tw/abbs/wkw/WHD6K05.jsp?ab=AAAdkxAAHAAAIpoAAD&bc=086&cd=%AA%6B%B5%6E%AA%C0++++++++++++++&de=000004&ef=CHD&fg=1"
"175","社團法人中華民國救難協會","http://cdcb.judicial.gov.tw/abbs/wkw/WHD6K05.jsp?ab=AAAdkxAAHAAAIpoAAE&bc=086&cd=%AA%6B%B5%6E%AA%C0++++++++++++++&de=000005&ef=CHD&fg=1"
"159","財團法人保險傳播基金會","http://cdcb.judicial.gov.tw/abbs/wkw/WHD6K05.jsp?ab=AAAdkxAAHAAAJaaAAL&bc=086&cd=%AA%6B%B5%6E%B0%5D++++++++++++++&de=000001&ef=CHD&fg=1"
"126","社團法人臺灣省企業人力資源發展學會","http://cdcb.judicial.gov.tw/abbs/wkw/WHD6K05.jsp?ab=AAAdkxAAHAAAJaPAAD&bc=086&cd=%AA%6B%B5%6E%A5%4C++++++++++++++&de=000033&ef=CHD&fg=1"
"93","社團法人彰化縣天靈慈善會","http://cdcb.judicial.gov.tw/abbs/wkw/WHD6K05.jsp?ab=AAAdkxAAHAAAIpSAAL&bc=086&cd=%AA%6B%B5%6E%A5%4C++++++++++++++&de=000014&ef=CHD&fg=1"
"156","財團法人彰化縣社頭教會聚會所","http://cdcb.judicial.gov.tw/abbs/wkw/WHD6K05.jsp?ab=AAAdkxAAHAAAIqEAAI&bc=085&cd=%AA%6B%B5%6E%B0%5D++++++++++++++&de=000012&ef=CHD&fg=1"
"146","社團法人彰化縣統一早泳會","http://cdcb.judicial.gov.tw/abbs/wkw/WHD6K05.jsp?ab=AAAdkxAAHAAAJbGAAB&bc=085&cd=%AA%6B%B5%6E%AA%C0++++++++++++++&de=000003&ef=CHD&fg=1"
"147","社團法人彰化縣員林鎮浮圳社區發展協會","http://cdcb.judicial.gov.tw/abbs/wkw/WHD6K05.jsp?ab=AAAdkxAAHAAAJbGAAC&bc=085&cd=%AA%6B%B5%6E%AA%C0++++++++++++++&de=000004&ef=CHD&fg=1"
"150","社團法人中華民國聾啞資源協會","http://cdcb.judicial.gov.tw/abbs/wkw/WHD6K05.jsp?ab=AAAdkxAAHAAAJa7AAI&bc=085&cd=%AA%6B%B5%6E%AA%C0++++++++++++++&de=000010&ef=CHD&fg=1"
"154","社團法人中華民國健康人生協進會","http://cdcb.judicial.gov.tw/abbs/wkw/WHD6K05.jsp?ab=AAAdkxAAHAAAJbHAAK&bc=085&cd=%AA%6B%B5%6E%AA%C0++++++++++++++&de=000013&ef=CHD&fg=1"
"25","","http://cdcb.judicial.gov.tw/abbs/wkw/WHD6K05.jsp?ab=AAAdkxAAHAAAJa2AAI&bc=085&cd=%AA%6B%B5%6E%A5%4C++++++++++++++&de=000026&ef=CHD&fg=1"
"111","財團法人臺灣省彰化縣彰化市教會聚會所","http://cdcb.judicial.gov.tw/abbs/wkw/WHD6K05.jsp?ab=AAAdkxAAHAAAIqFAAH&bc=085&cd=%AA%6B%B5%6E%A5%4C++++++++++++++&de=000012&ef=CHD&fg=1"
"131","財團法人彰化縣波蜜文教基金會","http://cdcb.judicial.gov.tw/abbs/wkw/WHD6K05.jsp?ab=AAAdkxAAHAAAJanAAD&bc=084&cd=%AA%6B%B5%6E%B0%5D++++++++++++++&de=000021&ef=CHD&fg=1"
"132","財團法人彰化縣私立長青老人養護中心","http://cdcb.judicial.gov.tw/abbs/wkw/WHD6K05.jsp?ab=AAAdkxAAHAAAJanAAF&bc=084&cd=%AA%6B%B5%6E%B0%5D++++++++++++++&de=000023&ef=CHD&fg=1"
"133","財團法人謝許英文教基金會","http://cdcb.judicial.gov.tw/abbs/wkw/WHD6K05.jsp?ab=AAAdkxAAHAAAJanAAH&bc=084&cd=%AA%6B%B5%6E%B0%5D++++++++++++++&de=000026&ef=CHD&fg=1"
"129","財團法人彰化縣私立西台社會福利慈善事業基金會","http://cdcb.judicial.gov.tw/abbs/wkw/WHD6K05.jsp?ab=AAAdkxAAHAAAJaqAAK&bc=084&cd=%AA%6B%B5%6E%B0%5D++++++++++++++&de=000014&ef=CHD&fg=1"
"127","社團法人彰化縣溪湖奉天宮慈惠堂愛心慈善會","http://cdcb.judicial.gov.tw/abbs/wkw/WHD6K05.jsp?ab=AAAdkxAAHAAAIphAAF&bc=084&cd=%AA%6B%B5%6E%AA%C0++++++++++++++&de=000003&ef=CHD&fg=1"
"137","社團法人彰化縣退休警察人員協會","http://cdcb.judicial.gov.tw/abbs/wkw/WHD6K05.jsp?ab=AAAdkxAAHAAAJaeAAL&bc=084&cd=%AA%6B%B5%6E%AA%C0++++++++++++++&de=000007&ef=CHD&fg=1"
"138","社團法人彰化縣國立台灣師範大學校友會","http://cdcb.judicial.gov.tw/abbs/wkw/WHD6K05.jsp?ab=AAAdkxAAHAAAJaeAAM&bc=084&cd=%AA%6B%B5%6E%AA%C0++++++++++++++&de=000008&ef=CHD&fg=1"
"125","社團法人彰化縣私立淡江大學校友會","http://cdcb.judicial.gov.tw/abbs/wkw/WHD6K05.jsp?ab=AAAdkxAAHAAAIpdAAK&bc=083&cd=%AA%6B%B5%6E++++++++++++++++&de=000037&ef=CHD&fg=1"
"118","社團法人彰化縣溪湖博愛慈善會","http://cdcb.judicial.gov.tw/abbs/wkw/WHD6K05.jsp?ab=AAAdkxAAHAAAIp4AAL&bc=083&cd=%AA%6B%B5%6E++++++++++++++++&de=000014&ef=CHD&fg=1"
"116","社團法人彰化縣員林鎮西東社區發展協會","http://cdcb.judicial.gov.tw/abbs/wkw/WHD6K05.jsp?ab=AAAdkxAAHAAAJajAAD&bc=083&cd=%AA%6B%B5%6E++++++++++++++++&de=000004&ef=CHD&fg=1"
"113","財團法人彰化縣私立聖天慈心社會福利慈善事業基金會","http://cdcb.judicial.gov.tw/abbs/wkw/WHD6K05.jsp?ab=AAAdkxAAHAAAJafAAM&bc=082&cd=%AA%6B%B5%6E++++++++++++++++&de=000047&ef=CHD&fg=1"
"112","財團法人彰化縣私立三興社會福利慈善事業基金會","http://cdcb.judicial.gov.tw/abbs/wkw/WHD6K05.jsp?ab=AAAdkxAAHAAAJajAAA&bc=082&cd=%AA%6B%B5%6E++++++++++++++++&de=000048&ef=CHD&fg=1"
"103","社團法人彰化縣大村鄉南勢社區發展協會","http://cdcb.judicial.gov.tw/abbs/wkw/WHD6K05.jsp?ab=AAAdkxAAHAAAIpVAAL&bc=082&cd=%AA%6B%B5%6E++++++++++++++++&de=000028&ef=CHD&fg=1"
"102","社團法人彰化縣大村鄉美港社區發展協會","http://cdcb.judicial.gov.tw/abbs/wkw/WHD6K05.jsp?ab=AAAdkxAAHAAAIpVAAM&bc=082&cd=%AA%6B%B5%6E++++++++++++++++&de=000029&ef=CHD&fg=1"
"106","社團法人彰化縣埔心鄉瓦北社區發展協會","http://cdcb.judicial.gov.tw/abbs/wkw/WHD6K05.jsp?ab=AAAdkxAAHAAAIpWAAE&bc=082&cd=%AA%6B%B5%6E++++++++++++++++&de=000034&ef=CHD&fg=1"
"110","社團法人彰化縣巧聖先師技藝協進會","http://cdcb.judicial.gov.tw/abbs/wkw/WHD6K05.jsp?ab=AAAdkxAAHAAAIpWAAF&bc=082&cd=%AA%6B%B5%6E++++++++++++++++&de=000035&ef=CHD&fg=1"
"107","社團法人彰化縣埔心鄉埔心社區發展協會","http://cdcb.judicial.gov.tw/abbs/wkw/WHD6K05.jsp?ab=AAAdkxAAHAAAIpWAAG&bc=082&cd=%AA%6B%B5%6E++++++++++++++++&de=000036&ef=CHD&fg=1"
"97","財團法人彰化縣楊春木文教基金會","http://cdcb.judicial.gov.tw/abbs/wkw/WHD6K05.jsp?ab=AAAdkxAAHAAAJa7AAJ&bc=082&cd=%AA%6B%B5%6E++++++++++++++++&de=000015&ef=CHD&fg=1"
"98","財團法人彰化縣私立蕭清源先生社會福利慈善事業基金","http://cdcb.judicial.gov.tw/abbs/wkw/WHD6K05.jsp?ab=AAAdkxAAHAAAJa7AAN&bc=082&cd=%AA%6B%B5%6E++++++++++++++++&de=000019&ef=CHD&fg=1"
"99","社團法人彰化縣大村鄉大橋社區發展協會","http://cdcb.judicial.gov.tw/abbs/wkw/WHD6K05.jsp?ab=AAAdkxAAHAAAJa%2FAAA&bc=082&cd=%AA%6B%B5%6E++++++++++++++++&de=000020&ef=CHD&fg=1"
"100","社團法人彰化縣大村鄉茄苳社區發展協會","http://cdcb.judicial.gov.tw/abbs/wkw/WHD6K05.jsp?ab=AAAdkxAAHAAAJa%2FAAB&bc=082&cd=%AA%6B%B5%6E++++++++++++++++&de=000021&ef=CHD&fg=1"
"95","社團法人彰化縣業餘無線電學會","http://cdcb.judicial.gov.tw/abbs/wkw/WHD6K05.jsp?ab=AAAdkxAAHAAAJa%2BAAA&bc=081&cd=%AA%6B%B5%6E++++++++++++++++&de=000044&ef=CHD&fg=1"
"91","社團法人彰化縣大村鄉黃厝社區發展協會","http://cdcb.judicial.gov.tw/abbs/wkw/WHD6K05.jsp?ab=AAAdkxAAHAAAJa%2BAAD&bc=082&cd=%AA%6B%B5%6E++++++++++++++++&de=000004&ef=CHD&fg=1"
"92","社團法人彰化縣大村鄉加錫社區發展協會","http://cdcb.judicial.gov.tw/abbs/wkw/WHD6K05.jsp?ab=AAAdkxAAHAAAJa%2BAAE&bc=082&cd=%AA%6B%B5%6E++++++++++++++++&de=000005&ef=CHD&fg=1"
"85","社團法人彰化縣大村鄉大村社區發展協會","http://cdcb.judicial.gov.tw/abbs/wkw/WHD6K05.jsp?ab=AAAdkxAAHAAAIpKAAG&bc=081&cd=%AA%6B%B5%6E++++++++++++++++&de=000034&ef=CHD&fg=1"
"84","社團法人彰化縣和美鎮新庄社區發展協會","http://cdcb.judicial.gov.tw/abbs/wkw/WHD6K05.jsp?ab=AAAdkxAAHAAAIpKAAH&bc=081&cd=%AA%6B%B5%6E++++++++++++++++&de=000035&ef=CHD&fg=1"
"89","社團法人彰化縣大村鄉平和社區發展協會","http://cdcb.judicial.gov.tw/abbs/wkw/WHD6K05.jsp?ab=AAAdkxAAHAAAJauAAG&bc=081&cd=%AA%6B%B5%6E++++++++++++++++&de=000036&ef=CHD&fg=1"
"86","社團法人彰化縣大村鄉頁旗社區發展協會","http://cdcb.judicial.gov.tw/abbs/wkw/WHD6K05.jsp?ab=AAAdkxAAHAAAJauAAH&bc=081&cd=%AA%6B%B5%6E++++++++++++++++&de=000037&ef=CHD&fg=1"
"87","社團法人彰化縣和美鎮四張社區發展協會","http://cdcb.judicial.gov.tw/abbs/wkw/WHD6K05.jsp?ab=AAAdkxAAHAAAJauAAI&bc=081&cd=%AA%6B%B5%6E++++++++++++++++&de=000038&ef=CHD&fg=1"
"94","社團法人彰化縣中央國際獅子會","http://cdcb.judicial.gov.tw/abbs/wkw/WHD6K05.jsp?ab=AAAdkxAAHAAAJa2AAL&bc=081&cd=%AA%6B%B5%6E++++++++++++++++&de=000040&ef=CHD&fg=1"
"88","社團法人彰化縣大村鄉村上社區發展協會","http://cdcb.judicial.gov.tw/abbs/wkw/WHD6K05.jsp?ab=AAAdkxAAHAAAJa2AAM&bc=081&cd=%AA%6B%B5%6E++++++++++++++++&de=000041&ef=CHD&fg=1"
"96","社團法人彰化縣蘭花協會","http://cdcb.judicial.gov.tw/abbs/wkw/WHD6K05.jsp?ab=AAAdkxAAHAAAJa2AAN&bc=081&cd=%AA%6B%B5%6E++++++++++++++++&de=000043&ef=CHD&fg=1"
"78","社團法人彰化縣田尾鄉南曾社區發展協會","http://cdcb.judicial.gov.tw/abbs/wkw/WHD6K05.jsp?ab=AAAdkxAAHAAAIp5AAH&bc=081&cd=%AA%6B%B5%6E++++++++++++++++&de=000024&ef=CHD&fg=1"
"83","社團法人台灣省土狗協進會","http://cdcb.judicial.gov.tw/abbs/wkw/WHD6K05.jsp?ab=AAAdkxAAHAAAIqFAAL&bc=081&cd=%AA%6B%B5%6E++++++++++++++++&de=000026&ef=CHD&fg=1"
"79","社團法人彰化縣田尾鄉饒平社區發展協會","http://cdcb.judicial.gov.tw/abbs/wkw/WHD6K05.jsp?ab=AAAdkxAAHAAAIpKAAA&bc=081&cd=%AA%6B%B5%6E++++++++++++++++&de=000027&ef=CHD&fg=1"
"80","社團法人彰化縣信德慈善會","http://cdcb.judicial.gov.tw/abbs/wkw/WHD6K05.jsp?ab=AAAdkxAAHAAAIpKAAC&bc=081&cd=%AA%6B%B5%6E++++++++++++++++&de=000029&ef=CHD&fg=1"
"82","社團法人彰化縣田尾鄉新生社區發展協會","http://cdcb.judicial.gov.tw/abbs/wkw/WHD6K05.jsp?ab=AAAdkxAAHAAAIpKAAD&bc=081&cd=%AA%6B%B5%6E++++++++++++++++&de=000030&ef=CHD&fg=1"
"81","社團法人彰化縣和美鎮嘉寶里社區發展協會","http://cdcb.judicial.gov.tw/abbs/wkw/WHD6K05.jsp?ab=AAAdkxAAHAAAIpKAAE&bc=081&cd=%AA%6B%B5%6E++++++++++++++++&de=000031&ef=CHD&fg=1"
"73","社團法人彰化縣和美鎮竹營社區發展協會","http://cdcb.judicial.gov.tw/abbs/wkw/WHD6K05.jsp?ab=AAAdkxAAHAAAIqAAAL&bc=081&cd=%AA%6B%B5%6E++++++++++++++++&de=000014&ef=CHD&fg=1"
"72","社團法人彰化縣埤頭鄉興農村社區發展協會","http://cdcb.judicial.gov.tw/abbs/wkw/WHD6K05.jsp?ab=AAAdkxAAHAAAIqAAAM&bc=081&cd=%AA%6B%B5%6E++++++++++++++++&de=000015&ef=CHD&fg=1"
"74","社團法人彰化縣鬥雞品種改良研究協會","http://cdcb.judicial.gov.tw/abbs/wkw/WHD6K05.jsp?ab=AAAdkxAAHAAAIqEAAA&bc=081&cd=%AA%6B%B5%6E++++++++++++++++&de=000016&ef=CHD&fg=1"
"76","社團法人彰化縣大村鄉福興社區發展協會","http://cdcb.judicial.gov.tw/abbs/wkw/WHD6K05.jsp?ab=AAAdkxAAHAAAIqEAAD&bc=081&cd=%AA%6B%B5%6E++++++++++++++++&de=000019&ef=CHD&fg=1"
"75","社團法人彰化縣富友慈善會","http://cdcb.judicial.gov.tw/abbs/wkw/WHD6K05.jsp?ab=AAAdkxAAHAAAIqEAAE&bc=081&cd=%AA%6B%B5%6E++++++++++++++++&de=000021&ef=CHD&fg=1"
"66","財團法人社團法人彰化縣洋蘭協會","http://cdcb.judicial.gov.tw/abbs/wkw/WHD6K05.jsp?ab=AAAdkxAAHAAAJa7AAB&bc=081&cd=%AA%6B%B5%6E++++++++++++++++&de=000004&ef=CHD&fg=1"
"67","社團法人彰化縣員彰國際同濟會","http://cdcb.judicial.gov.tw/abbs/wkw/WHD6K05.jsp?ab=AAAdkxAAHAAAIp0AAF&bc=081&cd=%AA%6B%B5%6E++++++++++++++++&de=000007&ef=CHD&fg=1"
"68","社團法人彰化縣松柏長青協進會","http://cdcb.judicial.gov.tw/abbs/wkw/WHD6K05.jsp?ab=AAAdkxAAHAAAIp0AAG&bc=081&cd=%AA%6B%B5%6E++++++++++++++++&de=000008&ef=CHD&fg=1"
"61","社團法人彰化縣關愛慈善會","http://cdcb.judicial.gov.tw/abbs/wkw/WHD6K05.jsp?ab=AAAdkxAAHAAAJarAAG&bc=080&cd=%AA%6B%B5%6E++++++++++++++++&de=000011&ef=CHD&fg=1"
"63","社團法人彰化縣湖南同鄉會","http://cdcb.judicial.gov.tw/abbs/wkw/WHD6K05.jsp?ab=AAAdkxAAHAAAJarAAI&bc=080&cd=%AA%6B%B5%6E++++++++++++++++&de=000013&ef=CHD&fg=1"
"52","財團法人中國青年服務事業文教基金會","http://cdcb.judicial.gov.tw/abbs/wkw/WHD6K05.jsp?ab=AAAdkxAAHAAAIpwAAG&bc=078&cd=%AA%6B%B5%6E++++++++++++++++&de=000016&ef=CHD&fg=1"
"55","財團法人中華民國退伍軍人協會彰化縣分會","http://cdcb.judicial.gov.tw/abbs/wkw/WHD6K05.jsp?ab=AAAdkxAAHAAAIp8AAK&bc=078&cd=%AA%6B%B5%6E++++++++++++++++&de=000020&ef=CHD&fg=1"
"47","財團法人邱烋公祭祀公業","http://cdcb.judicial.gov.tw/abbs/wkw/WHD6K05.jsp?ab=AAAdkxAAHAAAIpsAAM&bc=078&cd=%AA%6B%B5%6E++++++++++++++++&de=000007&ef=CHD&fg=1"
"32","財團法人社團法人彰化市八卦禪寺能仁慈善會","http://cdcb.judicial.gov.tw/abbs/wkw/WHD6K05.jsp?ab=AAAdkxAAHAAAIpxAAG&bc=073&cd=%AA%6B%B5%6E++++++++++++++++&de=000011&ef=CHD&fg=1"
"28","","http://cdcb.judicial.gov.tw/abbs/wkw/WHD6K05.jsp?ab=AAAdkxAAHAAAJa6AAI&bc=071&cd=%AA%6B%B5%6E++++++++++++++++&de=000007&ef=CHD&fg=1"
"29","財團法人台灣省彰化縣黃姓宗親會","http://cdcb.judicial.gov.tw/abbs/wkw/WHD6K05.jsp?ab=AAAdkxAAHAAAIptAAJ&bc=071&cd=%AA%6B%B5%6E++++++++++++++++&de=000012&ef=CHD&fg=1"
"17","","http://cdcb.judicial.gov.tw/abbs/wkw/WHD6K05.jsp?ab=AAAdkxAAHAAAJa%2FAAM&bc=063&cd=%AA%6B%B5%6E++++++++++++++++&de=000003&ef=CHD&fg=1"
"18","財團法人台灣更生保護會彰化區公會","http://cdcb.judicial.gov.tw/abbs/wkw/WHD6K05.jsp?ab=AAAdkxAAHAAAJbDAAA&bc=063&cd=%AA%6B%B5%6E++++++++++++++++&de=000004&ef=CHD&fg=1"
