"503","社團法人嘉義縣阿里山茶業協會","http://cdcb.judicial.gov.tw/abbs/wkw/WHD6K05.jsp?ab=AAAdkxAAHAAAGu%2BAAD&bc=103&cd=%AA%6B%B5%6E%AA%C0++++++++++++++&de=000009&ef=CYD&fg=1"
"199","社團法人嘉義市聲暉協進會","http://cdcb.judicial.gov.tw/abbs/wkw/WHD6K05.jsp?ab=AAAdkxAAHAAAGuDAAF&bc=103&cd=%AA%6B%B5%6E%A5%4C++++++++++++++&de=000070&ef=CYD&fg=1"
"356","財團法人嘉義市龍安宮","http://cdcb.judicial.gov.tw/abbs/wkw/WHD6K05.jsp?ab=AAAdkxAAHAAAGuDAAG&bc=103&cd=%AA%6B%B5%6E%A5%4C++++++++++++++&de=000071&ef=CYD&fg=1"
"468","社團法人中華民國南華大學校友總會","http://cdcb.judicial.gov.tw/abbs/wkw/WHD6K05.jsp?ab=AAAdkxAAHAAAGtkAAF&bc=103&cd=%AA%6B%B5%6E%A5%4C++++++++++++++&de=000072&ef=CYD&fg=1"
"496","社團法人中華技職教育推廣協會","http://cdcb.judicial.gov.tw/abbs/wkw/WHD6K05.jsp?ab=AAAdkxAAHAAAGpVAAI&bc=103&cd=%AA%6B%B5%6E%AA%C0++++++++++++++&de=000001&ef=CYD&fg=1"
"500","社團法人嘉義市經絡學研究協會","http://cdcb.judicial.gov.tw/abbs/wkw/WHD6K05.jsp?ab=AAAdkxAAHAAAGtPAAC&bc=103&cd=%AA%6B%B5%6E%AA%C0++++++++++++++&de=000002&ef=CYD&fg=1"
"497","社團法人嘉義縣鄉村永續發展協會","http://cdcb.judicial.gov.tw/abbs/wkw/WHD6K05.jsp?ab=AAAdkxAAHAAAGoUAAG&bc=103&cd=%AA%6B%B5%6E%AA%C0++++++++++++++&de=000004&ef=CYD&fg=1"
"499","社團法人中華民國大智慧養生協會","http://cdcb.judicial.gov.tw/abbs/wkw/WHD6K05.jsp?ab=AAAdkxAAHAAAGoUAAH&bc=103&cd=%AA%6B%B5%6E%AA%C0++++++++++++++&de=000005&ef=CYD&fg=1"
"498","社團法人嘉義市技職整體美容創業協會","http://cdcb.judicial.gov.tw/abbs/wkw/WHD6K05.jsp?ab=AAAdkxAAHAAAGoLAAF&bc=103&cd=%AA%6B%B5%6E%AA%C0++++++++++++++&de=000006&ef=CYD&fg=1"
"502","社團法人嘉義縣奇異恩典關懷協會","http://cdcb.judicial.gov.tw/abbs/wkw/WHD6K05.jsp?ab=AAAdkxAAHAAAGsxAAE&bc=103&cd=%AA%6B%B5%6E%AA%C0++++++++++++++&de=000007&ef=CYD&fg=1"
"501","社團法人台灣多元訓練推廣協會","http://cdcb.judicial.gov.tw/abbs/wkw/WHD6K05.jsp?ab=AAAdkxAAHAAAGtUAAA&bc=103&cd=%AA%6B%B5%6E%AA%C0++++++++++++++&de=000008&ef=CYD&fg=1"
"333","財團法人嘉義醫療廢棄物共同處理基金會","http://cdcb.judicial.gov.tw/abbs/wkw/WHD6K05.jsp?ab=AAAdkxAAHAAAGsyAAI&bc=103&cd=%AA%6B%B5%6E%A5%4C++++++++++++++&de=000058&ef=CYD&fg=1"
"113","財團法人臺灣省嘉義市基督徒聚會","http://cdcb.judicial.gov.tw/abbs/wkw/WHD6K05.jsp?ab=AAAdkxAAHAAAGtCAAK&bc=103&cd=%AA%6B%B5%6E%A5%4C++++++++++++++&de=000059&ef=CYD&fg=1"
"245","財團法人樊賜生文化藝術基金會","http://cdcb.judicial.gov.tw/abbs/wkw/WHD6K05.jsp?ab=AAAdkxAAHAAAGs9AAK&bc=103&cd=%AA%6B%B5%6E%A5%4C++++++++++++++&de=000060&ef=CYD&fg=1"
"417","社團法人嘉義縣梅山鄉老人會","http://cdcb.judicial.gov.tw/abbs/wkw/WHD6K05.jsp?ab=AAAdkxAAHAAAGtDAAH&bc=103&cd=%AA%6B%B5%6E%A5%4C++++++++++++++&de=000061&ef=CYD&fg=1"
"27","財團法人臺灣省嘉義市私立仁義高級中學","http://cdcb.judicial.gov.tw/abbs/wkw/WHD6K05.jsp?ab=AAAdkxAAHAAAGs9AAJ&bc=103&cd=%AA%6B%B5%6E%A5%4C++++++++++++++&de=000062&ef=CYD&fg=1"
"438","社團法人中華國際婚姻媒合家庭關懷協會","http://cdcb.judicial.gov.tw/abbs/wkw/WHD6K05.jsp?ab=AAAdkxAAHAAAGtNAAH&bc=103&cd=%AA%6B%B5%6E%A5%4C++++++++++++++&de=000064&ef=CYD&fg=1"
"344","財團法人台灣公益組織教育基金會","http://cdcb.judicial.gov.tw/abbs/wkw/WHD6K05.jsp?ab=AAAdkxAAHAAAGtMAAI&bc=103&cd=%AA%6B%B5%6E%A5%4C++++++++++++++&de=000065&ef=CYD&fg=1"
"390","財團法人嘉義市溫蘋社會福利慈善事業基金會","http://cdcb.judicial.gov.tw/abbs/wkw/WHD6K05.jsp?ab=AAAdkxAAHAAAGtNAAI&bc=103&cd=%AA%6B%B5%6E%A5%4C++++++++++++++&de=000066&ef=CYD&fg=1"
"248","財團法人竹崎文化藝術基金會","http://cdcb.judicial.gov.tw/abbs/wkw/WHD6K05.jsp?ab=AAAdkxAAHAAAGtkAAG&bc=103&cd=%AA%6B%B5%6E%A5%4C++++++++++++++&de=000068&ef=CYD&fg=1"
"297","社團法人嘉義市醫師公會","http://cdcb.judicial.gov.tw/abbs/wkw/WHD6K05.jsp?ab=AAAdkxAAHAAAGuDAAE&bc=103&cd=%AA%6B%B5%6E%A5%4C++++++++++++++&de=000069&ef=CYD&fg=1"
"150","財團法人嘉義縣私立福靈宮社會福利慈善基金會","http://cdcb.judicial.gov.tw/abbs/wkw/WHD6K05.jsp?ab=AAAdkxAAHAAAGsjAAG&bc=103&cd=%AA%6B%B5%6E%A5%4C++++++++++++++&de=000046&ef=CYD&fg=1"
"285","財團法人嘉義市私立善耕365社會福利慈善事業基金會","http://cdcb.judicial.gov.tw/abbs/wkw/WHD6K05.jsp?ab=AAAdkxAAHAAAGsiAAJ&bc=103&cd=%AA%6B%B5%6E%A5%4C++++++++++++++&de=000047&ef=CYD&fg=1"
"427","財團法人嘉義市鎮南聖神宮","http://cdcb.judicial.gov.tw/abbs/wkw/WHD6K05.jsp?ab=AAAdkxAAHAAAGsbAAH&bc=103&cd=%AA%6B%B5%6E%A5%4C++++++++++++++&de=000048&ef=CYD&fg=1"
"22","財團法人基督教台灣宣道福音會總會","http://cdcb.judicial.gov.tw/abbs/wkw/WHD6K05.jsp?ab=AAAdkxAAHAAAGoLAAG&bc=103&cd=%AA%6B%B5%6E%A5%4C++++++++++++++&de=000049&ef=CYD&fg=1"
"186","社團法人嘉義市殘障者服務協會","http://cdcb.judicial.gov.tw/abbs/wkw/WHD6K05.jsp?ab=AAAdkxAAHAAAGtUAAB&bc=103&cd=%AA%6B%B5%6E%A5%4C++++++++++++++&de=000050&ef=CYD&fg=1"
"265","財團法人稻江科技暨管理學院","http://cdcb.judicial.gov.tw/abbs/wkw/WHD6K05.jsp?ab=AAAdkxAAHAAAGteAAF&bc=103&cd=%AA%6B%B5%6E%A5%4C++++++++++++++&de=000051&ef=CYD&fg=1"
"57","財團法人臺灣省嘉義縣私立同濟高級中學","http://cdcb.judicial.gov.tw/abbs/wkw/WHD6K05.jsp?ab=AAAdkxAAHAAAGsyAAJ&bc=103&cd=%AA%6B%B5%6E%A5%4C++++++++++++++&de=000052&ef=CYD&fg=1"
"389","財團法人溪口國中教育基金會","http://cdcb.judicial.gov.tw/abbs/wkw/WHD6K05.jsp?ab=AAAdkxAAHAAAGsnAAI&bc=103&cd=%AA%6B%B5%6E%A5%4C++++++++++++++&de=000053&ef=CYD&fg=1"
"206","社團法人嘉義縣盲人福利協進會","http://cdcb.judicial.gov.tw/abbs/wkw/WHD6K05.jsp?ab=AAAdkxAAHAAAGtCAAL&bc=103&cd=%AA%6B%B5%6E%A5%4C++++++++++++++&de=000054&ef=CYD&fg=1"
"52","財團法人台灣省嘉義市先天玉虛宮","http://cdcb.judicial.gov.tw/abbs/wkw/WHD6K05.jsp?ab=AAAdkxAAHAAAGtPAAB&bc=103&cd=%AA%6B%B5%6E%A5%4C++++++++++++++&de=000057&ef=CYD&fg=1"
"136","財團法人九華山地藏庵","http://cdcb.judicial.gov.tw/abbs/wkw/WHD6K05.jsp?ab=AAAdkxAAHAAAGqyAAB&bc=103&cd=%AA%6B%B5%6E%A5%4C++++++++++++++&de=000036&ef=CYD&fg=1"
"209","財團法人嘉義頂六國小教育基金會","http://cdcb.judicial.gov.tw/abbs/wkw/WHD6K05.jsp?ab=AAAdkxAAHAAAGrVAAA&bc=103&cd=%AA%6B%B5%6E%A5%4C++++++++++++++&de=000037&ef=CYD&fg=1"
"63","財團法人臺灣省嘉義市私立大同高級商業職業學校","http://cdcb.judicial.gov.tw/abbs/wkw/WHD6K05.jsp?ab=AAAdkxAAHAAAGraAAD&bc=103&cd=%AA%6B%B5%6E%A5%4C++++++++++++++&de=000038&ef=CYD&fg=1"
"490","社團法人嘉義縣基督教月眉潭關懷協會","http://cdcb.judicial.gov.tw/abbs/wkw/WHD6K05.jsp?ab=AAAdkxAAHAAAGrzAAI&bc=103&cd=%AA%6B%B5%6E%A5%4C++++++++++++++&de=000039&ef=CYD&fg=1"
"163","財團法人台灣省嘉義市南嶽殿","http://cdcb.judicial.gov.tw/abbs/wkw/WHD6K05.jsp?ab=AAAdkxAAHAAAGrTAAE&bc=103&cd=%AA%6B%B5%6E%A5%4C++++++++++++++&de=000040&ef=CYD&fg=1"
"287","財團法人嘉義市私立瑞泰老人長期照護中心","http://cdcb.judicial.gov.tw/abbs/wkw/WHD6K05.jsp?ab=AAAdkxAAHAAAGsEAAD&bc=103&cd=%AA%6B%B5%6E%A5%4C++++++++++++++&de=000041&ef=CYD&fg=1"
"334","財團法人伊甸社會福利基金會","http://cdcb.judicial.gov.tw/abbs/wkw/WHD6K05.jsp?ab=AAAdkxAAHAAAGoUAAI&bc=103&cd=%AA%6B%B5%6E%A5%4C++++++++++++++&de=000042&ef=CYD&fg=1"
"323","社團法人嘉義縣志願服務協會","http://cdcb.judicial.gov.tw/abbs/wkw/WHD6K05.jsp?ab=AAAdkxAAHAAAGoVAAC&bc=103&cd=%AA%6B%B5%6E%A5%4C++++++++++++++&de=000043&ef=CYD&fg=1"
"351","社團法人嘉義市江蘇同鄉會","http://cdcb.judicial.gov.tw/abbs/wkw/WHD6K05.jsp?ab=AAAdkxAAHAAAGtYAAJ&bc=103&cd=%AA%6B%B5%6E%A5%4C++++++++++++++&de=000044&ef=CYD&fg=1"
"210","財團法人嘉義縣民雄保安宮騎虎王廟","http://cdcb.judicial.gov.tw/abbs/wkw/WHD6K05.jsp?ab=AAAdkxAAHAAAGoLAAH&bc=103&cd=%AA%6B%B5%6E%A5%4C++++++++++++++&de=000045&ef=CYD&fg=1"
"165","社團法人嘉義市智障福利協進會","http://cdcb.judicial.gov.tw/abbs/wkw/WHD6K05.jsp?ab=AAAdkxAAHAAAGrgAAE&bc=103&cd=%AA%6B%B5%6E%A5%4C++++++++++++++&de=000026&ef=CYD&fg=1"
"460","社團法人嘉義縣社會關懷協會","http://cdcb.judicial.gov.tw/abbs/wkw/WHD6K05.jsp?ab=AAAdkxAAHAAAGrmAAI&bc=103&cd=%AA%6B%B5%6E%A5%4C++++++++++++++&de=000027&ef=CYD&fg=1"
"143","財團法人錦繡文教基金會","http://cdcb.judicial.gov.tw/abbs/wkw/WHD6K05.jsp?ab=AAAdkxAAHAAAGrgAAF&bc=103&cd=%AA%6B%B5%6E%A5%4C++++++++++++++&de=000028&ef=CYD&fg=1"
"292","社團法人嘉義市社區大學發展協會","http://cdcb.judicial.gov.tw/abbs/wkw/WHD6K05.jsp?ab=AAAdkxAAHAAAGqHAAD&bc=103&cd=%AA%6B%B5%6E%A5%4C++++++++++++++&de=000029&ef=CYD&fg=1"
"221","財團法人青少年友愛教育事務基金會","http://cdcb.judicial.gov.tw/abbs/wkw/WHD6K05.jsp?ab=AAAdkxAAHAAAGoSAAD&bc=103&cd=%AA%6B%B5%6E%A5%4C++++++++++++++&de=000030&ef=CYD&fg=1"
"472","社團法人中華國際自然醫學學會","http://cdcb.judicial.gov.tw/abbs/wkw/WHD6K05.jsp?ab=AAAdkxAAHAAAGqxAAE&bc=103&cd=%AA%6B%B5%6E%A5%4C++++++++++++++&de=000031&ef=CYD&fg=1"
"339","社團法人嘉義市家庭關懷協會","http://cdcb.judicial.gov.tw/abbs/wkw/WHD6K05.jsp?ab=AAAdkxAAHAAAGqhAAG&bc=103&cd=%AA%6B%B5%6E%A5%4C++++++++++++++&de=000032&ef=CYD&fg=1"
"168","財團法人清誠教育事務基金會","http://cdcb.judicial.gov.tw/abbs/wkw/WHD6K05.jsp?ab=AAAdkxAAHAAAGoSAAG&bc=103&cd=%AA%6B%B5%6E%A5%4C++++++++++++++&de=000033&ef=CYD&fg=1"
"224","財團法人戴德森教育事務基金會","http://cdcb.judicial.gov.tw/abbs/wkw/WHD6K05.jsp?ab=AAAdkxAAHAAAGoSAAI&bc=103&cd=%AA%6B%B5%6E%A5%4C++++++++++++++&de=000035&ef=CYD&fg=1"
"201","財團法人嘉義市國立嘉義大學附小教育事務基金會","http://cdcb.judicial.gov.tw/abbs/wkw/WHD6K05.jsp?ab=AAAdkxAAHAAAGr%2BAAB&bc=103&cd=%AA%6B%B5%6E%A5%4C++++++++++++++&de=000013&ef=CYD&fg=1"
"266","財團法人楊世豪神父教育基金會","http://cdcb.judicial.gov.tw/abbs/wkw/WHD6K05.jsp?ab=AAAdkxAAHAAAGpwAAA&bc=103&cd=%AA%6B%B5%6E%A5%4C++++++++++++++&de=000014&ef=CYD&fg=1"
"61","財團法人台灣省嘉義市立仁高級中學","http://cdcb.judicial.gov.tw/abbs/wkw/WHD6K05.jsp?ab=AAAdkxAAHAAAGpvAAG&bc=103&cd=%AA%6B%B5%6E%A5%4C++++++++++++++&de=000016&ef=CYD&fg=1"
"74","財團法人嘉義市私立興華高級中學","http://cdcb.judicial.gov.tw/abbs/wkw/WHD6K05.jsp?ab=AAAdkxAAHAAAGq9AAL&bc=103&cd=%AA%6B%B5%6E%A5%4C++++++++++++++&de=000017&ef=CYD&fg=1"
"473","社團法人嘉義市太元聖道會","http://cdcb.judicial.gov.tw/abbs/wkw/WHD6K05.jsp?ab=AAAdkxAAHAAAGrNAAA&bc=103&cd=%AA%6B%B5%6E%A5%4C++++++++++++++&de=000018&ef=CYD&fg=1"
"84","財團法人台灣省嘉義市大天宮","http://cdcb.judicial.gov.tw/abbs/wkw/WHD6K05.jsp?ab=AAAdkxAAHAAAGpiAAE&bc=103&cd=%AA%6B%B5%6E%A5%4C++++++++++++++&de=000019&ef=CYD&fg=1"
"66","弘德學校財團法人","http://cdcb.judicial.gov.tw/abbs/wkw/WHD6K05.jsp?ab=AAAdkxAAHAAAGpqAAI&bc=103&cd=%AA%6B%B5%6E%A5%4C++++++++++++++&de=000023&ef=CYD&fg=1"
"452","社團法人嘉義市桃城婦女權益促進會","http://cdcb.judicial.gov.tw/abbs/wkw/WHD6K05.jsp?ab=AAAdkxAAHAAAGqmAAG&bc=103&cd=%AA%6B%B5%6E%A5%4C++++++++++++++&de=000024&ef=CYD&fg=1"
"62","財團法人崇仁醫護管理專科學校","http://cdcb.judicial.gov.tw/abbs/wkw/WHD6K05.jsp?ab=AAAdkxAAHAAAGphAAF&bc=103&cd=%AA%6B%B5%6E%A5%4C++++++++++++++&de=000025&ef=CYD&fg=1"
"336","財團法人嘉義縣私立嘉惠教養院","http://cdcb.judicial.gov.tw/abbs/wkw/WHD6K05.jsp?ab=AAAdkxAAHAAAGpSAAI&bc=103&cd=%AA%6B%B5%6E%A5%4C++++++++++++++&de=000002&ef=CYD&fg=1"
"225","天主教中華聖母修女會醫療財團法人","http://cdcb.judicial.gov.tw/abbs/wkw/WHD6K05.jsp?ab=AAAdkxAAHAAAGq%2BAAE&bc=103&cd=%AA%6B%B5%6E%A5%4C++++++++++++++&de=000003&ef=CYD&fg=1"
"130","財團法人南華大學","http://cdcb.judicial.gov.tw/abbs/wkw/WHD6K05.jsp?ab=AAAdkxAAHAAAGpCAAK&bc=103&cd=%AA%6B%B5%6E%A5%4C++++++++++++++&de=000004&ef=CYD&fg=1"
"33","財團法人台灣省嘉義市私立輔仁高級中學","http://cdcb.judicial.gov.tw/abbs/wkw/WHD6K05.jsp?ab=AAAdkxAAHAAAGpFAAB&bc=103&cd=%AA%6B%B5%6E%A5%4C++++++++++++++&de=000006&ef=CYD&fg=1"
"65","財團法人台灣省嘉義市城隍廟","http://cdcb.judicial.gov.tw/abbs/wkw/WHD6K05.jsp?ab=AAAdkxAAHAAAGp5AAC&bc=103&cd=%AA%6B%B5%6E%A5%4C++++++++++++++&de=000007&ef=CYD&fg=1"
"36","吳鳳學校財團法人","http://cdcb.judicial.gov.tw/abbs/wkw/WHD6K05.jsp?ab=AAAdkxAAHAAAGruAAA&bc=103&cd=%AA%6B%B5%6E%A5%4C++++++++++++++&de=000008&ef=CYD&fg=1"
"235","財團法人華濟醫學教育基金會","http://cdcb.judicial.gov.tw/abbs/wkw/WHD6K05.jsp?ab=AAAdkxAAHAAAGpSAAJ&bc=103&cd=%AA%6B%B5%6E%A5%4C++++++++++++++&de=000009&ef=CYD&fg=1"
"316","社團法人嘉義市東區嘉南社區發展協會","http://cdcb.judicial.gov.tw/abbs/wkw/WHD6K05.jsp?ab=AAAdkxAAHAAAGpSAAH&bc=103&cd=%AA%6B%B5%6E%A5%4C++++++++++++++&de=000010&ef=CYD&fg=1"
"46","財團法人台灣省嘉義市私立宏仁女子高級中學","http://cdcb.judicial.gov.tw/abbs/wkw/WHD6K05.jsp?ab=AAAdkxAAHAAAGp5AAB&bc=103&cd=%AA%6B%B5%6E%A5%4C++++++++++++++&de=000011&ef=CYD&fg=1"
"79","財團法人臺灣省嘉義市私立東吳高級工業家事職業學校","http://cdcb.judicial.gov.tw/abbs/wkw/WHD6K05.jsp?ab=AAAdkxAAHAAAGq9AAK&bc=103&cd=%AA%6B%B5%6E%A5%4C++++++++++++++&de=000012&ef=CYD&fg=1"
"489","社團法人台灣夢想之舟協會","http://cdcb.judicial.gov.tw/abbs/wkw/WHD6K05.jsp?ab=AAAdkxAAHAAAGowAAE&bc=102&cd=%AA%6B%B5%6E%AA%C0++++++++++++++&de=000005&ef=CYD&fg=1"
"494","社團法人中華如來慈善功德會","http://cdcb.judicial.gov.tw/abbs/wkw/WHD6K05.jsp?ab=AAAdkxAAHAAAGpBAAH&bc=102&cd=%AA%6B%B5%6E%AA%C0++++++++++++++&de=000006&ef=CYD&fg=1"
"495","社團法人嘉義市長榮大學校友會","http://cdcb.judicial.gov.tw/abbs/wkw/WHD6K05.jsp?ab=AAAdkxAAHAAAGq%2BAAD&bc=102&cd=%AA%6B%B5%6E%AA%C0++++++++++++++&de=000007&ef=CYD&fg=1"
"480","社團法人嘉義市朱氏宗親會","http://cdcb.judicial.gov.tw/abbs/wkw/WHD6K05.jsp?ab=AAAdkxAAHAAAGh0AAH&bc=102&cd=%AA%6B%B5%6E%B0%5D++++++++++++++&de=000001&ef=CYD&fg=1"
"481","財團法人歸宗福利慈善教育基金會","http://cdcb.judicial.gov.tw/abbs/wkw/WHD6K05.jsp?ab=AAAdkxAAHAAAGjyAAE&bc=102&cd=%AA%6B%B5%6E%B0%5D++++++++++++++&de=000002&ef=CYD&fg=1"
"482","財團法人永琦教育事務基金會","http://cdcb.judicial.gov.tw/abbs/wkw/WHD6K05.jsp?ab=AAAdkxAAHAAAGmLAAG&bc=102&cd=%AA%6B%B5%6E%B0%5D++++++++++++++&de=000003&ef=CYD&fg=1"
"491","財團法人嘉義市雙忠廟","http://cdcb.judicial.gov.tw/abbs/wkw/WHD6K05.jsp?ab=AAAdkxAAHAAAGp7AAF&bc=102&cd=%AA%6B%B5%6E%B0%5D++++++++++++++&de=000004&ef=CYD&fg=1"
"488","財團法人臺南市私立靜觀社會福利慈善事業基金會嘉義分會","http://cdcb.judicial.gov.tw/abbs/wkw/WHD6K05.jsp?ab=AAAdkxAAHAAAGnnAAE&bc=102&cd=%AA%6B%B5%6E%B0%5D++++++++++++++&de=000005&ef=CYD&fg=1"
"493","財團法人雨果文化教育基金會","http://cdcb.judicial.gov.tw/abbs/wkw/WHD6K05.jsp?ab=AAAdkxAAHAAAGolAAL&bc=102&cd=%AA%6B%B5%6E%B0%5D++++++++++++++&de=000006&ef=CYD&fg=1"
"4","財團法人台灣省私立嘉義仁愛之家","http://cdcb.judicial.gov.tw/abbs/wkw/WHD6K05.jsp?ab=AAAdkxAAHAAAGpfAAH&bc=103&cd=%AA%6B%B5%6E%A5%4C++++++++++++++&de=000001&ef=CYD&fg=1"
"232","社團法人嘉義縣生命線協會","http://cdcb.judicial.gov.tw/abbs/wkw/WHD6K05.jsp?ab=AAAdkxAAHAAAGo6AAG&bc=102&cd=%AA%6B%B5%6E%A5%4C++++++++++++++&de=000107&ef=CYD&fg=1"
"47","財團法人台灣省嘉義縣私立協同高級中學","http://cdcb.judicial.gov.tw/abbs/wkw/WHD6K05.jsp?ab=AAAdkxAAHAAAGpZAAB&bc=102&cd=%AA%6B%B5%6E%A5%4C++++++++++++++&de=000108&ef=CYD&fg=1"
"354","財團法人和高山教育基金會","http://cdcb.judicial.gov.tw/abbs/wkw/WHD6K05.jsp?ab=AAAdkxAAHAAAGpjAAD&bc=102&cd=%AA%6B%B5%6E%A5%4C++++++++++++++&de=000109&ef=CYD&fg=1"
"64","財團法人大同技術學院","http://cdcb.judicial.gov.tw/abbs/wkw/WHD6K05.jsp?ab=AAAdkxAAHAAAGquAAA&bc=102&cd=%AA%6B%B5%6E%A5%4C++++++++++++++&de=000110&ef=CYD&fg=1"
"319","財團法人嘉義縣私立瑞泰社會福利基金會","http://cdcb.judicial.gov.tw/abbs/wkw/WHD6K05.jsp?ab=AAAdkxAAHAAAGpBAAI&bc=102&cd=%AA%6B%B5%6E%A5%4C++++++++++++++&de=000111&ef=CYD&fg=1"
"137","財團法人嘉義市普濟寺","http://cdcb.judicial.gov.tw/abbs/wkw/WHD6K05.jsp?ab=AAAdkxAAHAAAGp0AAH&bc=102&cd=%AA%6B%B5%6E%A5%4C++++++++++++++&de=000112&ef=CYD&fg=1"
"484","社團法人台灣國際虹膜學學會","http://cdcb.judicial.gov.tw/abbs/wkw/WHD6K05.jsp?ab=AAAdkxAAHAAAGlCAAC&bc=102&cd=%AA%6B%B5%6E%AA%C0++++++++++++++&de=000001&ef=CYD&fg=1"
"483","社團法人中華民國養鴨協會","http://cdcb.judicial.gov.tw/abbs/wkw/WHD6K05.jsp?ab=AAAdkxAAHAAAGmbAAI&bc=102&cd=%AA%6B%B5%6E%AA%C0++++++++++++++&de=000002&ef=CYD&fg=1"
"485","社團法人中華大般若寺瑜伽禪修學會","http://cdcb.judicial.gov.tw/abbs/wkw/WHD6K05.jsp?ab=AAAdkxAAHAAAGm1AAE&bc=102&cd=%AA%6B%B5%6E%AA%C0++++++++++++++&de=000003&ef=CYD&fg=1"
"58","財團法人台灣省嘉義縣私立萬能高級工商職業學校","http://cdcb.judicial.gov.tw/abbs/wkw/WHD6K05.jsp?ab=AAAdkxAAHAAAGqGAAD&bc=102&cd=%AA%6B%B5%6E%A5%4C++++++++++++++&de=000097&ef=CYD&fg=1"
"492","社團法人中華民國賽鴿總會","http://cdcb.judicial.gov.tw/abbs/wkw/WHD6K05.jsp?ab=AAAdkxAAHAAAGq7AAA&bc=102&cd=%AA%6B%B5%6E%A5%4C++++++++++++++&de=000098&ef=CYD&fg=1"
"75","財團法人臺灣省嘉義市南天門太子行宮","http://cdcb.judicial.gov.tw/abbs/wkw/WHD6K05.jsp?ab=AAAdkxAAHAAAGqtAAB&bc=102&cd=%AA%6B%B5%6E%A5%4C++++++++++++++&de=000099&ef=CYD&fg=1"
"106","財團法人朴子基督教浸禮聖經會","http://cdcb.judicial.gov.tw/abbs/wkw/WHD6K05.jsp?ab=AAAdkxAAHAAAGo6AAF&bc=102&cd=%AA%6B%B5%6E%A5%4C++++++++++++++&de=000100&ef=CYD&fg=1"
"56","財團法人嘉義縣私立協志高級工商職業學校","http://cdcb.judicial.gov.tw/abbs/wkw/WHD6K05.jsp?ab=AAAdkxAAHAAAGpsAAH&bc=102&cd=%AA%6B%B5%6E%A5%4C++++++++++++++&de=000101&ef=CYD&fg=1"
"318","財團法人嘉義中學校友教育事務基金會","http://cdcb.judicial.gov.tw/abbs/wkw/WHD6K05.jsp?ab=AAAdkxAAHAAAGqtAAC&bc=102&cd=%AA%6B%B5%6E%A5%4C++++++++++++++&de=000102&ef=CYD&fg=1"
"444","財團法人新港國中教育基金會","http://cdcb.judicial.gov.tw/abbs/wkw/WHD6K05.jsp?ab=AAAdkxAAHAAAGpuAAE&bc=102&cd=%AA%6B%B5%6E%A5%4C++++++++++++++&de=000103&ef=CYD&fg=1"
"48","財團法人嘉義教會聚會所","http://cdcb.judicial.gov.tw/abbs/wkw/WHD6K05.jsp?ab=AAAdkxAAHAAAGo6AAH&bc=102&cd=%AA%6B%B5%6E%A5%4C++++++++++++++&de=000104&ef=CYD&fg=1"
"443","社團法人嘉義市建築師公會","http://cdcb.judicial.gov.tw/abbs/wkw/WHD6K05.jsp?ab=AAAdkxAAHAAAGp8AAI&bc=102&cd=%AA%6B%B5%6E%A5%4C++++++++++++++&de=000106&ef=CYD&fg=1"
"117","財團法人嘉義縣新港文教基金會","http://cdcb.judicial.gov.tw/abbs/wkw/WHD6K05.jsp?ab=AAAdkxAAHAAAGmVAAD&bc=102&cd=%AA%6B%B5%6E%A5%4C++++++++++++++&de=000084&ef=CYD&fg=1"
"187","財團法人民雄文教基金會","http://cdcb.judicial.gov.tw/abbs/wkw/WHD6K05.jsp?ab=AAAdkxAAHAAAGpGAAJ&bc=102&cd=%AA%6B%B5%6E%A5%4C++++++++++++++&de=000085&ef=CYD&fg=1"
"45","財團法人聖廟太元宮","http://cdcb.judicial.gov.tw/abbs/wkw/WHD6K05.jsp?ab=AAAdkxAAHAAAGpGAAI&bc=102&cd=%AA%6B%B5%6E%A5%4C++++++++++++++&de=000086&ef=CYD&fg=1"
"327","社團法人中華民國婦女福利暨就業協會","http://cdcb.judicial.gov.tw/abbs/wkw/WHD6K05.jsp?ab=AAAdkxAAHAAAGosAAI&bc=102&cd=%AA%6B%B5%6E%A5%4C++++++++++++++&de=000088&ef=CYD&fg=1"
"112","財團法人梅嶺美術文教基金會","http://cdcb.judicial.gov.tw/abbs/wkw/WHD6K05.jsp?ab=AAAdkxAAHAAAGprAAH&bc=102&cd=%AA%6B%B5%6E%A5%4C++++++++++++++&de=000090&ef=CYD&fg=1"
"370","社團法人嘉義市志願服務協會","http://cdcb.judicial.gov.tw/abbs/wkw/WHD6K05.jsp?ab=AAAdkxAAHAAAGonAAH&bc=102&cd=%AA%6B%B5%6E%A5%4C++++++++++++++&de=000091&ef=CYD&fg=1"
"295","社團法人嘉義市正德護生慈善會","http://cdcb.judicial.gov.tw/abbs/wkw/WHD6K05.jsp?ab=AAAdkxAAHAAAGo9AAG&bc=102&cd=%AA%6B%B5%6E%A5%4C++++++++++++++&de=000092&ef=CYD&fg=1"
"222","社團法人嘉義市脊髓損傷者協會","http://cdcb.judicial.gov.tw/abbs/wkw/WHD6K05.jsp?ab=AAAdkxAAHAAAGpQAAD&bc=102&cd=%AA%6B%B5%6E%A5%4C++++++++++++++&de=000093&ef=CYD&fg=1"
"114","財團法人嘉義高工校友教育事務基金會","http://cdcb.judicial.gov.tw/abbs/wkw/WHD6K05.jsp?ab=AAAdkxAAHAAAGrIAAG&bc=102&cd=%AA%6B%B5%6E%A5%4C++++++++++++++&de=000095&ef=CYD&fg=1"
"78","財團法人臺灣省嘉義市太元寺","http://cdcb.judicial.gov.tw/abbs/wkw/WHD6K05.jsp?ab=AAAdkxAAHAAAGnCAAB&bc=102&cd=%AA%6B%B5%6E%A5%4C++++++++++++++&de=000071&ef=CYD&fg=1"
"133","財團法人臺灣省嘉義縣布袋鎮過溝建德宮","http://cdcb.judicial.gov.tw/abbs/wkw/WHD6K05.jsp?ab=AAAdkxAAHAAAGnCAAC&bc=102&cd=%AA%6B%B5%6E%A5%4C++++++++++++++&de=000072&ef=CYD&fg=1"
"158","財團法人嘉義西區扶輪社教育事務基金會","http://cdcb.judicial.gov.tw/abbs/wkw/WHD6K05.jsp?ab=AAAdkxAAHAAAGn6AAD&bc=102&cd=%AA%6B%B5%6E%A5%4C++++++++++++++&de=000075&ef=CYD&fg=1"
"20","財團法人基督教會臺灣宣道長老會總會","http://cdcb.judicial.gov.tw/abbs/wkw/WHD6K05.jsp?ab=AAAdkxAAHAAAGoDAAD&bc=102&cd=%AA%6B%B5%6E%A5%4C++++++++++++++&de=000076&ef=CYD&fg=1"
"175","財團法人慧深佛教基金會","http://cdcb.judicial.gov.tw/abbs/wkw/WHD6K05.jsp?ab=AAAdkxAAHAAAGmjAAC&bc=102&cd=%AA%6B%B5%6E%A5%4C++++++++++++++&de=000077&ef=CYD&fg=1"
"477","社團法人嘉義縣養豬事業發展協會","http://cdcb.judicial.gov.tw/abbs/wkw/WHD6K05.jsp?ab=AAAdkxAAHAAAGkXAAA&bc=102&cd=%AA%6B%B5%6E%A5%4C++++++++++++++&de=000078&ef=CYD&fg=1"
"13","財團法人嘉義縣佛教會","http://cdcb.judicial.gov.tw/abbs/wkw/WHD6K05.jsp?ab=AAAdkxAAHAAAGoGAAK&bc=102&cd=%AA%6B%B5%6E%A5%4C++++++++++++++&de=000079&ef=CYD&fg=1"
"486","","http://cdcb.judicial.gov.tw/abbs/wkw/WHD6K05.jsp?ab=AAAdkxAAHAAAGl1AAG&bc=102&cd=%AA%6B%B5%6E%A5%4C++++++++++++++&de=000081&ef=CYD&fg=1"
"220","財團法人嘉義社區發展教育事務基金會","http://cdcb.judicial.gov.tw/abbs/wkw/WHD6K05.jsp?ab=AAAdkxAAHAAAGnUAAL&bc=102&cd=%AA%6B%B5%6E%A5%4C++++++++++++++&de=000083&ef=CYD&fg=1"
"108","財團法人嘉義市文化基金會","http://cdcb.judicial.gov.tw/abbs/wkw/WHD6K05.jsp?ab=AAAdkxAAHAAAGnbAAI&bc=102&cd=%AA%6B%B5%6E%A5%4C++++++++++++++&de=000053&ef=CYD&fg=1"
"169","財團法人菜脯根文教基金會","http://cdcb.judicial.gov.tw/abbs/wkw/WHD6K05.jsp?ab=AAAdkxAAHAAAGntAAG&bc=102&cd=%AA%6B%B5%6E%A5%4C++++++++++++++&de=000055&ef=CYD&fg=1"
"393","社團法人台灣嘉農校友會","http://cdcb.judicial.gov.tw/abbs/wkw/WHD6K05.jsp?ab=AAAdkxAAHAAAGkOAAH&bc=102&cd=%AA%6B%B5%6E%A5%4C++++++++++++++&de=000056&ef=CYD&fg=1"
"325","財團法人嘉義市私立嘉愛啟智發展中心","http://cdcb.judicial.gov.tw/abbs/wkw/WHD6K05.jsp?ab=AAAdkxAAHAAAGoDAAE&bc=102&cd=%AA%6B%B5%6E%A5%4C++++++++++++++&de=000063&ef=CYD&fg=1"
"487","財團法人民生展望廣播事業基金會","http://cdcb.judicial.gov.tw/abbs/wkw/WHD6K05.jsp?ab=AAAdkxAAHAAAGo2AAI&bc=102&cd=%AA%6B%B5%6E%A5%4C++++++++++++++&de=000065&ef=CYD&fg=1"
"185","財團法人陳期教育事務基金會","http://cdcb.judicial.gov.tw/abbs/wkw/WHD6K05.jsp?ab=AAAdkxAAHAAAGkOAAG&bc=102&cd=%AA%6B%B5%6E%A5%4C++++++++++++++&de=000068&ef=CYD&fg=1"
"85","財團法人台灣省嘉義縣義德寺","http://cdcb.judicial.gov.tw/abbs/wkw/WHD6K05.jsp?ab=AAAdkxAAHAAAGlCAAD&bc=102&cd=%AA%6B%B5%6E%A5%4C++++++++++++++&de=000069&ef=CYD&fg=1"
"213","社團法人嘉義縣脊髓損傷者協會","http://cdcb.judicial.gov.tw/abbs/wkw/WHD6K05.jsp?ab=AAAdkxAAHAAAGmSAAF&bc=102&cd=%AA%6B%B5%6E%A5%4C++++++++++++++&de=000070&ef=CYD&fg=1"
"34","財團法人台灣省嘉義市私立嘉華高級中學","http://cdcb.judicial.gov.tw/abbs/wkw/WHD6K05.jsp?ab=AAAdkxAAHAAAGl2AAJ&bc=102&cd=%AA%6B%B5%6E%A5%4C++++++++++++++&de=000041&ef=CYD&fg=1"
"288","財團法人嘉義縣私立游寅丑游吳變社會福利慈善事業基金會","http://cdcb.judicial.gov.tw/abbs/wkw/WHD6K05.jsp?ab=AAAdkxAAHAAAGmLAAF&bc=102&cd=%AA%6B%B5%6E%A5%4C++++++++++++++&de=000042&ef=CYD&fg=1"
"276","社團法人嘉義市保母協會","http://cdcb.judicial.gov.tw/abbs/wkw/WHD6K05.jsp?ab=AAAdkxAAHAAAGl7AAJ&bc=102&cd=%AA%6B%B5%6E%A5%4C++++++++++++++&de=000044&ef=CYD&fg=1"
"332","社團法人台灣幼教學術發展學會","http://cdcb.judicial.gov.tw/abbs/wkw/WHD6K05.jsp?ab=AAAdkxAAHAAAGmLAAH&bc=102&cd=%AA%6B%B5%6E%A5%4C++++++++++++++&de=000045&ef=CYD&fg=1"
"345","社團法人台灣農場經營協會","http://cdcb.judicial.gov.tw/abbs/wkw/WHD6K05.jsp?ab=AAAdkxAAHAAAGmLAAI&bc=102&cd=%AA%6B%B5%6E%A5%4C++++++++++++++&de=000047&ef=CYD&fg=1"
"228","財團法人嘉義市教育會教育事務基金會","http://cdcb.judicial.gov.tw/abbs/wkw/WHD6K05.jsp?ab=AAAdkxAAHAAAGk0AAA&bc=102&cd=%AA%6B%B5%6E%A5%4C++++++++++++++&de=000048&ef=CYD&fg=1"
"431","社團法人嘉義市物理治療師公會","http://cdcb.judicial.gov.tw/abbs/wkw/WHD6K05.jsp?ab=AAAdkxAAHAAAGnbAAH&bc=102&cd=%AA%6B%B5%6E%A5%4C++++++++++++++&de=000050&ef=CYD&fg=1"
"476","社團法人嘉義縣祭祀業公號牛稠山福德爺會","http://cdcb.judicial.gov.tw/abbs/wkw/WHD6K05.jsp?ab=AAAdkxAAHAAAGnbAAG&bc=102&cd=%AA%6B%B5%6E%A5%4C++++++++++++++&de=000051&ef=CYD&fg=1"
"102","財團法人嘉義後備軍人（子女）獎學教育基金會","http://cdcb.judicial.gov.tw/abbs/wkw/WHD6K05.jsp?ab=AAAdkxAAHAAAGlsAAE&bc=102&cd=%AA%6B%B5%6E%A5%4C++++++++++++++&de=000052&ef=CYD&fg=1"
"454","財團法人陽光社會福利基金會","http://cdcb.judicial.gov.tw/abbs/wkw/WHD6K05.jsp?ab=AAAdkxAAHAAAGlIAAI&bc=102&cd=%AA%6B%B5%6E%A5%4C++++++++++++++&de=000030&ef=CYD&fg=1"
"437","社團法人嘉義縣竹崎愛鄉同心會","http://cdcb.judicial.gov.tw/abbs/wkw/WHD6K05.jsp?ab=AAAdkxAAHAAAGlPAAD&bc=102&cd=%AA%6B%B5%6E%A5%4C++++++++++++++&de=000031&ef=CYD&fg=1"
"244","社團法人嘉義市嘉義國際青年商會","http://cdcb.judicial.gov.tw/abbs/wkw/WHD6K05.jsp?ab=AAAdkxAAHAAAGgbAAA&bc=102&cd=%AA%6B%B5%6E%A5%4C++++++++++++++&de=000032&ef=CYD&fg=1"
"416","社團法人中華民國外籍聯姻輔導協會","http://cdcb.judicial.gov.tw/abbs/wkw/WHD6K05.jsp?ab=AAAdkxAAHAAAGlPAAC&bc=102&cd=%AA%6B%B5%6E%A5%4C++++++++++++++&de=000034&ef=CYD&fg=1"
"358","財團法人進富文化教育基金會","http://cdcb.judicial.gov.tw/abbs/wkw/WHD6K05.jsp?ab=AAAdkxAAHAAAGkfAAA&bc=102&cd=%AA%6B%B5%6E%A5%4C++++++++++++++&de=000035&ef=CYD&fg=1"
"264","社團法人嘉義市腦性麻痺協會","http://cdcb.judicial.gov.tw/abbs/wkw/WHD6K05.jsp?ab=AAAdkxAAHAAAGl2AAL&bc=102&cd=%AA%6B%B5%6E%A5%4C++++++++++++++&de=000036&ef=CYD&fg=1"
"254","社團法人嘉義市生命線協會","http://cdcb.judicial.gov.tw/abbs/wkw/WHD6K05.jsp?ab=AAAdkxAAHAAAGlDAAK&bc=102&cd=%AA%6B%B5%6E%A5%4C++++++++++++++&de=000039&ef=CYD&fg=1"
"155","財團法人張進通許世賢教育事務基金會","http://cdcb.judicial.gov.tw/abbs/wkw/WHD6K05.jsp?ab=AAAdkxAAHAAAGl2AAK&bc=102&cd=%AA%6B%B5%6E%A5%4C++++++++++++++&de=000040&ef=CYD&fg=1"
"91","財團法人臺灣省嘉義縣新港鄉中洋村北極玄天宮","http://cdcb.judicial.gov.tw/abbs/wkw/WHD6K05.jsp?ab=AAAdkxAAHAAAGjZAAJ&bc=102&cd=%AA%6B%B5%6E%A5%4C++++++++++++++&de=000016&ef=CYD&fg=1"
"277","財團法人中寮安溪城隍文化藝術基金會","http://cdcb.judicial.gov.tw/abbs/wkw/WHD6K05.jsp?ab=AAAdkxAAHAAAGiQAAC&bc=102&cd=%AA%6B%B5%6E%A5%4C++++++++++++++&de=000018&ef=CYD&fg=1"
"93","財團法人臺灣省嘉義市湖內里水得寺觀音佛祖廟","http://cdcb.judicial.gov.tw/abbs/wkw/WHD6K05.jsp?ab=AAAdkxAAHAAAGiOAAG&bc=102&cd=%AA%6B%B5%6E%A5%4C++++++++++++++&de=000020&ef=CYD&fg=1"
"192","社團法人嘉義縣智障者家長協會","http://cdcb.judicial.gov.tw/abbs/wkw/WHD6K05.jsp?ab=AAAdkxAAHAAAGlIAAH&bc=102&cd=%AA%6B%B5%6E%A5%4C++++++++++++++&de=000021&ef=CYD&fg=1"
"302","財團法人嘉義縣私立一心教養院","http://cdcb.judicial.gov.tw/abbs/wkw/WHD6K05.jsp?ab=AAAdkxAAHAAAGgQAAK&bc=102&cd=%AA%6B%B5%6E%A5%4C++++++++++++++&de=000025&ef=CYD&fg=1"
"131","財團法人中正大學學術基金會","http://cdcb.judicial.gov.tw/abbs/wkw/WHD6K05.jsp?ab=AAAdkxAAHAAAGi1AAB&bc=102&cd=%AA%6B%B5%6E%A5%4C++++++++++++++&de=000029&ef=CYD&fg=1"
"162","財團法人嘉義市私立陳李月女慈善基金會","http://cdcb.judicial.gov.tw/abbs/wkw/WHD6K05.jsp?ab=AAAdkxAAHAAAGhxAAK&bc=102&cd=%AA%6B%B5%6E%A5%4C++++++++++++++&de=000004&ef=CYD&fg=1"
"123","財團法人幼獅童軍教育事務基金會","http://cdcb.judicial.gov.tw/abbs/wkw/WHD6K05.jsp?ab=AAAdkxAAHAAAGiBAAD&bc=102&cd=%AA%6B%B5%6E%A5%4C++++++++++++++&de=000006&ef=CYD&fg=1"
"59","財團法人台灣省嘉義縣何大宗(又名何堂記)會","http://cdcb.judicial.gov.tw/abbs/wkw/WHD6K05.jsp?ab=AAAdkxAAHAAAGjbAAK&bc=102&cd=%AA%6B%B5%6E%A5%4C++++++++++++++&de=000012&ef=CYD&fg=1"
"475","社團法人中華廈漳泉文化交流協會","http://cdcb.judicial.gov.tw/abbs/wkw/WHD6K05.jsp?ab=AAAdkxAAHAAAGNLAAJ&bc=101&cd=%AA%6B%B5%6E%AA%C0++++++++++++++&de=000013&ef=CYD&fg=1"
"474","社團法人嘉義市托育品質發展協會","http://cdcb.judicial.gov.tw/abbs/wkw/WHD6K05.jsp?ab=AAAdkxAAHAAAGMGAAC&bc=101&cd=%AA%6B%B5%6E%AA%C0++++++++++++++&de=000015&ef=CYD&fg=1"
"478","社團法人中華全真秘庭道教會","http://cdcb.judicial.gov.tw/abbs/wkw/WHD6K05.jsp?ab=AAAdkxAAHAAAGMYAAI&bc=101&cd=%AA%6B%B5%6E%AA%C0++++++++++++++&de=000019&ef=CYD&fg=1"
"467","財團法人聯發電氣研究發展教育基金會","http://cdcb.judicial.gov.tw/abbs/wkw/WHD6K05.jsp?ab=AAAdkxAAHAAAGKeAAE&bc=101&cd=%AA%6B%B5%6E%B0%5D++++++++++++++&de=000001&ef=CYD&fg=1"
"471","財團法人嘉義市雙忠廟","http://cdcb.judicial.gov.tw/abbs/wkw/WHD6K05.jsp?ab=AAAdkxAAHAAAGLfAAK&bc=101&cd=%AA%6B%B5%6E%B0%5D++++++++++++++&de=000002&ef=CYD&fg=1"
"479","財團法人陳定涫教育基金會","http://cdcb.judicial.gov.tw/abbs/wkw/WHD6K05.jsp?ab=AAAdkxAAHAAAGiQAAE&bc=101&cd=%AA%6B%B5%6E%B0%5D++++++++++++++&de=000003&ef=CYD&fg=1"
"324","財團法人嘉義縣私立開元殿福松老人養護中心","http://cdcb.judicial.gov.tw/abbs/wkw/WHD6K05.jsp?ab=AAAdkxAAHAAAGh5AAJ&bc=102&cd=%AA%6B%B5%6E%A5%4C++++++++++++++&de=000001&ef=CYD&fg=1"
"384","社團法人中華民國幸福仁愛社","http://cdcb.judicial.gov.tw/abbs/wkw/WHD6K05.jsp?ab=AAAdkxAAHAAAGg%2BAAL&bc=101&cd=%AA%6B%B5%6E%A5%4C++++++++++++++&de=000115&ef=CYD&fg=1"
"461","社團法人嘉義縣愛嘉慈善會","http://cdcb.judicial.gov.tw/abbs/wkw/WHD6K05.jsp?ab=AAAdkxAAHAAAGEuAAI&bc=101&cd=%AA%6B%B5%6E%AA%C0++++++++++++++&de=000001&ef=CYD&fg=1"
"462","社團法人嘉義縣慈善團體聯合協會","http://cdcb.judicial.gov.tw/abbs/wkw/WHD6K05.jsp?ab=AAAdkxAAHAAAGA0AAB&bc=101&cd=%AA%6B%B5%6E%AA%C0++++++++++++++&de=000002&ef=CYD&fg=1"
"464","社團法人嘉義市聽障人體育保健推廣協會","http://cdcb.judicial.gov.tw/abbs/wkw/WHD6K05.jsp?ab=AAAdkxAAHAAAGqgAAA&bc=101&cd=%AA%6B%B5%6E%AA%C0++++++++++++++&de=000003&ef=CYD&fg=1"
"463","社團法人嘉義縣飛雁創業育成協會","http://cdcb.judicial.gov.tw/abbs/wkw/WHD6K05.jsp?ab=AAAdkxAAHAAAGAwAAC&bc=101&cd=%AA%6B%B5%6E%AA%C0++++++++++++++&de=000004&ef=CYD&fg=1"
"465","社團法人台灣合樂外籍婚姻媒合服務協會","http://cdcb.judicial.gov.tw/abbs/wkw/WHD6K05.jsp?ab=AAAdkxAAHAAAGEdAAB&bc=101&cd=%AA%6B%B5%6E%AA%C0++++++++++++++&de=000005&ef=CYD&fg=1"
"466","社團法人嘉義市美髮美容產業發展協會","http://cdcb.judicial.gov.tw/abbs/wkw/WHD6K05.jsp?ab=AAAdkxAAHAAAGF%2FAAK&bc=101&cd=%AA%6B%B5%6E%AA%C0++++++++++++++&de=000006&ef=CYD&fg=1"
"469","社團法人台灣口腔照護協會","http://cdcb.judicial.gov.tw/abbs/wkw/WHD6K05.jsp?ab=AAAdkxAAHAAAGM3AAF&bc=101&cd=%AA%6B%B5%6E%AA%C0++++++++++++++&de=000007&ef=CYD&fg=1"
"405","財團法人齊慕博教育事務基金會","http://cdcb.judicial.gov.tw/abbs/wkw/WHD6K05.jsp?ab=AAAdkxAAHAAAGNuAAI&bc=101&cd=%AA%6B%B5%6E%A5%4C++++++++++++++&de=000097&ef=CYD&fg=1"
"156","財團法人梅山文教基金會","http://cdcb.judicial.gov.tw/abbs/wkw/WHD6K05.jsp?ab=AAAdkxAAHAAAGNaAAC&bc=101&cd=%AA%6B%B5%6E%A5%4C++++++++++++++&de=000100&ef=CYD&fg=1"
"166","社團法人嘉義市佛教會","http://cdcb.judicial.gov.tw/abbs/wkw/WHD6K05.jsp?ab=AAAdkxAAHAAAGMSAAC&bc=101&cd=%AA%6B%B5%6E%A5%4C++++++++++++++&de=000105&ef=CYD&fg=1"
"429","財團法人和線教育基金會","http://cdcb.judicial.gov.tw/abbs/wkw/WHD6K05.jsp?ab=AAAdkxAAHAAAGhqAAI&bc=101&cd=%AA%6B%B5%6E%A5%4C++++++++++++++&de=000114&ef=CYD&fg=1"
"255","財團法人朴子配天宮文教基金會","http://cdcb.judicial.gov.tw/abbs/wkw/WHD6K05.jsp?ab=AAAdkxAAHAAAGLjAAF&bc=101&cd=%AA%6B%B5%6E%A5%4C++++++++++++++&de=000085&ef=CYD&fg=1"
"109","財團法人嘉義縣文化基金會","http://cdcb.judicial.gov.tw/abbs/wkw/WHD6K05.jsp?ab=AAAdkxAAHAAAGLQAAC&bc=101&cd=%AA%6B%B5%6E%A5%4C++++++++++++++&de=000086&ef=CYD&fg=1"
"202","財團法人嘉義縣私立聖光幼兒園","http://cdcb.judicial.gov.tw/abbs/wkw/WHD6K05.jsp?ab=AAAdkxAAHAAAGMGAAA&bc=101&cd=%AA%6B%B5%6E%A5%4C++++++++++++++&de=000087&ef=CYD&fg=1"
"3","財團法人台灣省私立嘉義博愛仁愛之家","http://cdcb.judicial.gov.tw/abbs/wkw/WHD6K05.jsp?ab=AAAdkxAAHAAAGLjAAD&bc=101&cd=%AA%6B%B5%6E%A5%4C++++++++++++++&de=000090&ef=CYD&fg=1"
"428","社團法人嘉義市肢體障礙服務協會","http://cdcb.judicial.gov.tw/abbs/wkw/WHD6K05.jsp?ab=AAAdkxAAHAAAGNaAAB&bc=101&cd=%AA%6B%B5%6E%A5%4C++++++++++++++&de=000092&ef=CYD&fg=1"
"83","財團法人台灣省嘉義縣新港奉天宮","http://cdcb.judicial.gov.tw/abbs/wkw/WHD6K05.jsp?ab=AAAdkxAAHAAAGLQAAA&bc=101&cd=%AA%6B%B5%6E%A5%4C++++++++++++++&de=000094&ef=CYD&fg=1"
"293","財團法人台灣兒童暨家庭扶助基金會(嘉義分事務所)","http://cdcb.judicial.gov.tw/abbs/wkw/WHD6K05.jsp?ab=AAAdkxAAHAAAGMGAAB&bc=101&cd=%AA%6B%B5%6E%A5%4C++++++++++++++&de=000095&ef=CYD&fg=1"
"413","財團法人嘉義市私立福添福社會福利慈善事業基金會","http://cdcb.judicial.gov.tw/abbs/wkw/WHD6K05.jsp?ab=AAAdkxAAHAAAGLDAAI&bc=101&cd=%AA%6B%B5%6E%A5%4C++++++++++++++&de=000071&ef=CYD&fg=1"
"366","財團法人蕭登旺教育基金會","http://cdcb.judicial.gov.tw/abbs/wkw/WHD6K05.jsp?ab=AAAdkxAAHAAAGGDAAD&bc=101&cd=%AA%6B%B5%6E%A5%4C++++++++++++++&de=000072&ef=CYD&fg=1"
"94","財團法人台灣省嘉義縣梅山玉虛宮","http://cdcb.judicial.gov.tw/abbs/wkw/WHD6K05.jsp?ab=AAAdkxAAHAAAGGDAAE&bc=101&cd=%AA%6B%B5%6E%A5%4C++++++++++++++&de=000073&ef=CYD&fg=1"
"119","財團法人慈恩佛教教育事務基金會","http://cdcb.judicial.gov.tw/abbs/wkw/WHD6K05.jsp?ab=AAAdkxAAHAAAGKeAAF&bc=101&cd=%AA%6B%B5%6E%A5%4C++++++++++++++&de=000074&ef=CYD&fg=1"
"208","財團法人嘉農土木教育事務基金會","http://cdcb.judicial.gov.tw/abbs/wkw/WHD6K05.jsp?ab=AAAdkxAAHAAAGLoAAG&bc=101&cd=%AA%6B%B5%6E%A5%4C++++++++++++++&de=000078&ef=CYD&fg=1"
"40","財團法人台灣省嘉義縣民雄鄉大士爺廟","http://cdcb.judicial.gov.tw/abbs/wkw/WHD6K05.jsp?ab=AAAdkxAAHAAAGLHAAA&bc=101&cd=%AA%6B%B5%6E%A5%4C++++++++++++++&de=000081&ef=CYD&fg=1"
"411","社團法人嘉義縣福利社區化推動協會","http://cdcb.judicial.gov.tw/abbs/wkw/WHD6K05.jsp?ab=AAAdkxAAHAAAGL%2FAAJ&bc=101&cd=%AA%6B%B5%6E%A5%4C++++++++++++++&de=000082&ef=CYD&fg=1"
"50","財團法人台灣省嘉義市天主教會嘉義教區中華聖母會","http://cdcb.judicial.gov.tw/abbs/wkw/WHD6K05.jsp?ab=AAAdkxAAHAAAGLQAAB&bc=101&cd=%AA%6B%B5%6E%A5%4C++++++++++++++&de=000083&ef=CYD&fg=1"
"241","財團法人慈輝教育基金會","http://cdcb.judicial.gov.tw/abbs/wkw/WHD6K05.jsp?ab=AAAdkxAAHAAAGFaAAH&bc=101&cd=%AA%6B%B5%6E%A5%4C++++++++++++++&de=000060&ef=CYD&fg=1"
"173","財團法人臺灣省嘉邑鎮天宮","http://cdcb.judicial.gov.tw/abbs/wkw/WHD6K05.jsp?ab=AAAdkxAAHAAAGExAAG&bc=101&cd=%AA%6B%B5%6E%A5%4C++++++++++++++&de=000061&ef=CYD&fg=1"
"207","財團法人嘉義市二二八紀念文教基金會","http://cdcb.judicial.gov.tw/abbs/wkw/WHD6K05.jsp?ab=AAAdkxAAHAAAGF%2FAAJ&bc=101&cd=%AA%6B%B5%6E%A5%4C++++++++++++++&de=000064&ef=CYD&fg=1"
"420","社團法人嘉義縣基督教青年會","http://cdcb.judicial.gov.tw/abbs/wkw/WHD6K05.jsp?ab=AAAdkxAAHAAAGLDAAH&bc=101&cd=%AA%6B%B5%6E%A5%4C++++++++++++++&de=000067&ef=CYD&fg=1"
"147","財團法人嘉義市私立修緣育幼院","http://cdcb.judicial.gov.tw/abbs/wkw/WHD6K05.jsp?ab=AAAdkxAAHAAAGGDAAC&bc=101&cd=%AA%6B%B5%6E%A5%4C++++++++++++++&de=000068&ef=CYD&fg=1"
"353","財團法人嘉義市私立保康社會福利慈善事業基金會","http://cdcb.judicial.gov.tw/abbs/wkw/WHD6K05.jsp?ab=AAAdkxAAHAAAGLjAAE&bc=101&cd=%AA%6B%B5%6E%A5%4C++++++++++++++&de=000069&ef=CYD&fg=1"
"80","財團法人台灣省嘉義市增光寺","http://cdcb.judicial.gov.tw/abbs/wkw/WHD6K05.jsp?ab=AAAdkxAAHAAAGBeAAE&bc=101&cd=%AA%6B%B5%6E%A5%4C++++++++++++++&de=000049&ef=CYD&fg=1"
"193","財團法人嘉義市私立榮光幼兒園","http://cdcb.judicial.gov.tw/abbs/wkw/WHD6K05.jsp?ab=AAAdkxAAHAAAGExAAE&bc=101&cd=%AA%6B%B5%6E%A5%4C++++++++++++++&de=000052&ef=CYD&fg=1"
"404","社團法人嘉義市就業服務推廣協會","http://cdcb.judicial.gov.tw/abbs/wkw/WHD6K05.jsp?ab=AAAdkxAAHAAAGEdAAD&bc=101&cd=%AA%6B%B5%6E%A5%4C++++++++++++++&de=000053&ef=CYD&fg=1"
"204","財團法人方懷正教育事務基金會","http://cdcb.judicial.gov.tw/abbs/wkw/WHD6K05.jsp?ab=AAAdkxAAHAAAGFaAAG&bc=101&cd=%AA%6B%B5%6E%A5%4C++++++++++++++&de=000055&ef=CYD&fg=1"
"365","財團法人竹崎林姓懷德堂教育基金會","http://cdcb.judicial.gov.tw/abbs/wkw/WHD6K05.jsp?ab=AAAdkxAAHAAAGExAAD&bc=101&cd=%AA%6B%B5%6E%A5%4C++++++++++++++&de=000057&ef=CYD&fg=1"
"398","財團法人私立黃丁紀念社會福利慈善事業基金會","http://cdcb.judicial.gov.tw/abbs/wkw/WHD6K05.jsp?ab=AAAdkxAAHAAAGGDAAA&bc=101&cd=%AA%6B%B5%6E%A5%4C++++++++++++++&de=000058&ef=CYD&fg=1"
"350","財團法人私立天主教中華聖母社會福利慈善事業基金會","http://cdcb.judicial.gov.tw/abbs/wkw/WHD6K05.jsp?ab=AAAdkxAAHAAAGGDAAB&bc=101&cd=%AA%6B%B5%6E%A5%4C++++++++++++++&de=000059&ef=CYD&fg=1"
"182","社團法人嘉義市護理師護士公會","http://cdcb.judicial.gov.tw/abbs/wkw/WHD6K05.jsp?ab=AAAdkxAAHAAAGE3AAH&bc=101&cd=%AA%6B%B5%6E%A5%4C++++++++++++++&de=000042&ef=CYD&fg=1"
"14","社團法人嘉義縣醫師公會","http://cdcb.judicial.gov.tw/abbs/wkw/WHD6K05.jsp?ab=AAAdkxAAHAAAGEdAAC&bc=101&cd=%AA%6B%B5%6E%A5%4C++++++++++++++&de=000043&ef=CYD&fg=1"
"38","財團法人台灣省嘉義市天主教本篤教會中國傳教會","http://cdcb.judicial.gov.tw/abbs/wkw/WHD6K05.jsp?ab=AAAdkxAAHAAAGE3AAI&bc=101&cd=%AA%6B%B5%6E%A5%4C++++++++++++++&de=000044&ef=CYD&fg=1"
"268","財團法人私立嘉義市基督教社會福利慈善事業基金會","http://cdcb.judicial.gov.tw/abbs/wkw/WHD6K05.jsp?ab=AAAdkxAAHAAAGBeAAA&bc=101&cd=%AA%6B%B5%6E%A5%4C++++++++++++++&de=000046&ef=CYD&fg=1"
"161","財團法人嘉義市基督教墓園管理委員會","http://cdcb.judicial.gov.tw/abbs/wkw/WHD6K05.jsp?ab=AAAdkxAAHAAAGBeAAB&bc=101&cd=%AA%6B%B5%6E%A5%4C++++++++++++++&de=000047&ef=CYD&fg=1"
"313","財團法人嘉義市私立博愛社會福利慈善事業基金會","http://cdcb.judicial.gov.tw/abbs/wkw/WHD6K05.jsp?ab=AAAdkxAAHAAAGFbAAD&bc=101&cd=%AA%6B%B5%6E%A5%4C++++++++++++++&de=000048&ef=CYD&fg=1"
"261","財團法人陳鉛筆教育基金會","http://cdcb.judicial.gov.tw/abbs/wkw/WHD6K05.jsp?ab=AAAdkxAAHAAAF7UAAD&bc=101&cd=%AA%6B%B5%6E%A5%4C++++++++++++++&de=000029&ef=CYD&fg=1"
"337","社團法人嘉義市佛門文化佛學研究協會","http://cdcb.judicial.gov.tw/abbs/wkw/WHD6K05.jsp?ab=AAAdkxAAHAAAGEdAAA&bc=101&cd=%AA%6B%B5%6E%A5%4C++++++++++++++&de=000030&ef=CYD&fg=1"
"129","財團法人嘉義市安慧學苑教育事務基金會","http://cdcb.judicial.gov.tw/abbs/wkw/WHD6K05.jsp?ab=AAAdkxAAHAAAGAwAAK&bc=101&cd=%AA%6B%B5%6E%A5%4C++++++++++++++&de=000032&ef=CYD&fg=1"
"194","財團法人興中國民小學教育發展基金會","http://cdcb.judicial.gov.tw/abbs/wkw/WHD6K05.jsp?ab=AAAdkxAAHAAAGAwAAJ&bc=101&cd=%AA%6B%B5%6E%A5%4C++++++++++++++&de=000033&ef=CYD&fg=1"
"426","社團法人嘉義縣紫藤婦幼關懷協會","http://cdcb.judicial.gov.tw/abbs/wkw/WHD6K05.jsp?ab=AAAdkxAAHAAAGExAAH&bc=101&cd=%AA%6B%B5%6E%A5%4C++++++++++++++&de=000036&ef=CYD&fg=1"
"391","社團法人嘉義市父母成長協會","http://cdcb.judicial.gov.tw/abbs/wkw/WHD6K05.jsp?ab=AAAdkxAAHAAAGGDAAF&bc=101&cd=%AA%6B%B5%6E%A5%4C++++++++++++++&de=000038&ef=CYD&fg=1"
"141","財團法人國川美妙教育事務基金會","http://cdcb.judicial.gov.tw/abbs/wkw/WHD6K05.jsp?ab=AAAdkxAAHAAAGALAAH&bc=101&cd=%AA%6B%B5%6E%A5%4C++++++++++++++&de=000018&ef=CYD&fg=1"
"203","社團法人嘉義縣殘障自強協會","http://cdcb.judicial.gov.tw/abbs/wkw/WHD6K05.jsp?ab=AAAdkxAAHAAAGBeAAD&bc=101&cd=%AA%6B%B5%6E%A5%4C++++++++++++++&de=000021&ef=CYD&fg=1"
"263","社團法人嘉義縣肢體殘障福利協進會","http://cdcb.judicial.gov.tw/abbs/wkw/WHD6K05.jsp?ab=AAAdkxAAHAAAF7OAAB&bc=101&cd=%AA%6B%B5%6E%A5%4C++++++++++++++&de=000023&ef=CYD&fg=1"
"146","財團法人嘉義縣社口國小教育基金會","http://cdcb.judicial.gov.tw/abbs/wkw/WHD6K05.jsp?ab=AAAdkxAAHAAAF7UAAG&bc=101&cd=%AA%6B%B5%6E%A5%4C++++++++++++++&de=000024&ef=CYD&fg=1"
"217","戴德森醫療財團法人","http://cdcb.judicial.gov.tw/abbs/wkw/WHD6K05.jsp?ab=AAAdkxAAHAAAF7UAAE&bc=101&cd=%AA%6B%B5%6E%A5%4C++++++++++++++&de=000027&ef=CYD&fg=1"
"149","財團法人妙雲教育事務基金會","http://cdcb.judicial.gov.tw/abbs/wkw/WHD6K05.jsp?ab=AAAdkxAAHAAAGAwAAB&bc=101&cd=%AA%6B%B5%6E%A5%4C++++++++++++++&de=000028&ef=CYD&fg=1"
"303","社團法人嘉義縣身心障礙者聯合會","http://cdcb.judicial.gov.tw/abbs/wkw/WHD6K05.jsp?ab=AAAdkxAAHAAAF6LAAB&bc=101&cd=%AA%6B%B5%6E%A5%4C++++++++++++++&de=000009&ef=CYD&fg=1"
"435","社團法人台灣應用日語學會","http://cdcb.judicial.gov.tw/abbs/wkw/WHD6K05.jsp?ab=AAAdkxAAHAAAGKeAAJ&bc=101&cd=%AA%6B%B5%6E%A5%4C++++++++++++++&de=000011&ef=CYD&fg=1"
"234","社團法人嘉義市盲人福利協進會","http://cdcb.judicial.gov.tw/abbs/wkw/WHD6K05.jsp?ab=AAAdkxAAHAAAF7OAAA&bc=101&cd=%AA%6B%B5%6E%A5%4C++++++++++++++&de=000015&ef=CYD&fg=1"
"458","社團法人嘉義市多元產業推廣協會","http://cdcb.judicial.gov.tw/abbs/wkw/WHD6K05.jsp?ab=AAAdkxAAHAAAF4ZAAD&bc=100&cd=%AA%6B%B5%6E%AA%C0++++++++++++++&de=000014&ef=CYD&fg=1"
"","財團法人新港國中基金會","http://cdcb.judicial.gov.tw/abbs/wkw/WHD6K05.jsp?ab=AAAdkxAAHAAALSzAAG&bc=100&cd=%AA%6B%B5%6E%B0%5D++++++++++++++&de=000001&ef=CYD&fg=1"
"457","財團法人台灣鼻整型基金會","http://cdcb.judicial.gov.tw/abbs/wkw/WHD6K05.jsp?ab=AAAdkxAAHAAAF4ZAAF&bc=100&cd=%AA%6B%B5%6E%B0%5D++++++++++++++&de=000003&ef=CYD&fg=1"
"456","財團法人林業生社會福利慈善事業基金會","http://cdcb.judicial.gov.tw/abbs/wkw/WHD6K05.jsp?ab=AAAdkxAAHAAAF6FAAH&bc=100&cd=%AA%6B%B5%6E%B0%5D++++++++++++++&de=000004&ef=CYD&fg=1"
"152","財團法人台灣省私立王李社會福利慈善事業基金會","http://cdcb.judicial.gov.tw/abbs/wkw/WHD6K05.jsp?ab=AAAdkxAAHAAAF6zAAF&bc=101&cd=%AA%6B%B5%6E%A5%4C++++++++++++++&de=000005&ef=CYD&fg=1"
"445","嘉義市社會工作師公會","http://cdcb.judicial.gov.tw/abbs/wkw/WHD6K05.jsp?ab=AAAdkxAAHAAAPlxAAJ&bc=100&cd=%AA%6B%B5%6E%AA%C0++++++++++++++&de=000004&ef=CYD&fg=1"
"447","社團法人嘉義縣慈聖功德會","http://cdcb.judicial.gov.tw/abbs/wkw/WHD6K05.jsp?ab=AAAdkxAAHAAAOR%2BAAC&bc=100&cd=%AA%6B%B5%6E%AA%C0++++++++++++++&de=000005&ef=CYD&fg=1"
"450","台灣證券協會","http://cdcb.judicial.gov.tw/abbs/wkw/WHD6K05.jsp?ab=AAAdkxAAHAAAORXAAJ&bc=100&cd=%AA%6B%B5%6E%AA%C0++++++++++++++&de=000006&ef=CYD&fg=1"
"453","嘉義市關懷自閉症協會","http://cdcb.judicial.gov.tw/abbs/wkw/WHD6K05.jsp?ab=AAAdkxAAHAAAOzCAAA&bc=100&cd=%AA%6B%B5%6E%AA%C0++++++++++++++&de=000007&ef=CYD&fg=1"
"451","中華勞工職業災害防治協進會","http://cdcb.judicial.gov.tw/abbs/wkw/WHD6K05.jsp?ab=AAAdkxAAHAAAOyiAAD&bc=100&cd=%AA%6B%B5%6E%AA%C0++++++++++++++&de=000008&ef=CYD&fg=1"
"448","社團法人嘉義市生活美學協會","http://cdcb.judicial.gov.tw/abbs/wkw/WHD6K05.jsp?ab=AAAdkxAAHAAAORXAAI&bc=100&cd=%AA%6B%B5%6E%AA%C0++++++++++++++&de=000009&ef=CYD&fg=1"
"449","社團法人嘉義縣建築師公會","http://cdcb.judicial.gov.tw/abbs/wkw/WHD6K05.jsp?ab=AAAdkxAAHAAAORKAAC&bc=100&cd=%AA%6B%B5%6E%AA%C0++++++++++++++&de=000010&ef=CYD&fg=1"
"455","社團法人嘉義市健康瑜珈推廣協會","http://cdcb.judicial.gov.tw/abbs/wkw/WHD6K05.jsp?ab=AAAdkxAAHAAAORtAAL&bc=100&cd=%AA%6B%B5%6E%AA%C0++++++++++++++&de=000012&ef=CYD&fg=1"
"105","財團法人臺灣省嘉義縣朴子配天宮","http://cdcb.judicial.gov.tw/abbs/wkw/WHD6K05.jsp?ab=AAAdkxAAHAAAF5oAAI&bc=100&cd=%AA%6B%B5%6E%A5%4C++++++++++++++&de=000105&ef=CYD&fg=1"
"359","社團法人台灣地區國立嘉義高級商業職業學校校友會","http://cdcb.judicial.gov.tw/abbs/wkw/WHD6K05.jsp?ab=AAAdkxAAHAAAF5bAAE&bc=100&cd=%AA%6B%B5%6E%A5%4C++++++++++++++&de=000106&ef=CYD&fg=1"
"191","財團法人鄭秀英教育事務基金會","http://cdcb.judicial.gov.tw/abbs/wkw/WHD6K05.jsp?ab=AAAdkxAAHAAAF4ZAAC&bc=100&cd=%AA%6B%B5%6E%A5%4C++++++++++++++&de=000107&ef=CYD&fg=1"
"258","財團法人嘉義天玄宮","http://cdcb.judicial.gov.tw/abbs/wkw/WHD6K05.jsp?ab=AAAdkxAAHAAAF5aAAL&bc=100&cd=%AA%6B%B5%6E%A5%4C++++++++++++++&de=000110&ef=CYD&fg=1"
"144","財團法人妙法藏菩提教育事務基金會","http://cdcb.judicial.gov.tw/abbs/wkw/WHD6K05.jsp?ab=AAAdkxAAHAAAF6zAAG&bc=100&cd=%AA%6B%B5%6E%A5%4C++++++++++++++&de=000111&ef=CYD&fg=1"
"154","財團法人北港仔教育基金會","http://cdcb.judicial.gov.tw/abbs/wkw/WHD6K05.jsp?ab=AAAdkxAAHAAAF6zAAE&bc=100&cd=%AA%6B%B5%6E%A5%4C++++++++++++++&de=000112&ef=CYD&fg=1"
"446","嘉義縣仁義關懷協會","http://cdcb.judicial.gov.tw/abbs/wkw/WHD6K05.jsp?ab=AAAdkxAAHAAAOyzAAD&bc=100&cd=%AA%6B%B5%6E%AA%C0++++++++++++++&de=000003&ef=CYD&fg=1"
"195","財團法人太保祥和文化藝術基金會","http://cdcb.judicial.gov.tw/abbs/wkw/WHD6K05.jsp?ab=AAAdkxAAHAAAORtAAK&bc=100&cd=%AA%6B%B5%6E%A5%4C++++++++++++++&de=000095&ef=CYD&fg=1"
"309","社團法人台灣心靈志工協會","http://cdcb.judicial.gov.tw/abbs/wkw/WHD6K05.jsp?ab=AAAdkxAAHAAAF5PAAJ&bc=100&cd=%AA%6B%B5%6E%A5%4C++++++++++++++&de=000098&ef=CYD&fg=1"
"459","社團法人台灣顯密佛教教育功德會","http://cdcb.judicial.gov.tw/abbs/wkw/WHD6K05.jsp?ab=AAAdkxAAHAAAF5aAAK&bc=100&cd=%AA%6B%B5%6E%A5%4C++++++++++++++&de=000101&ef=CYD&fg=1"
"236","財團法人若竹兒教育基金會","http://cdcb.judicial.gov.tw/abbs/wkw/WHD6K05.jsp?ab=AAAdkxAAHAAAF5oAAH&bc=100&cd=%AA%6B%B5%6E%A5%4C++++++++++++++&de=000103&ef=CYD&fg=1"
"35","財團法人天主教聖言會","http://cdcb.judicial.gov.tw/abbs/wkw/WHD6K05.jsp?ab=AAAdkxAAHAAAPkmAAF&bc=100&cd=%AA%6B%B5%6E%A5%4C++++++++++++++&de=000085&ef=CYD&fg=1"
"397","社團法人中華民國基督教約書亞全人關懷協會","http://cdcb.judicial.gov.tw/abbs/wkw/WHD6K05.jsp?ab=AAAdkxAAHAAAF43AAI&bc=100&cd=%AA%6B%B5%6E%A5%4C++++++++++++++&de=000089&ef=CYD&fg=1"
"400","社團法人中華不搖怒士王佛學會","http://cdcb.judicial.gov.tw/abbs/wkw/WHD6K05.jsp?ab=AAAdkxAAHAAAF4wAAK&bc=100&cd=%AA%6B%B5%6E%A5%4C++++++++++++++&de=000091&ef=CYD&fg=1"
"260","財團法人台灣農業發展基金會","http://cdcb.judicial.gov.tw/abbs/wkw/WHD6K05.jsp?ab=AAAdkxAAHAAAF4wAAJ&bc=100&cd=%AA%6B%B5%6E%A5%4C++++++++++++++&de=000092&ef=CYD&fg=1"
"308","社團法人嘉義市牙醫師公會","http://cdcb.judicial.gov.tw/abbs/wkw/WHD6K05.jsp?ab=AAAdkxAAHAAAORKAAB&bc=100&cd=%AA%6B%B5%6E%A5%4C++++++++++++++&de=000074&ef=CYD&fg=1"
"347","社團法人嘉義縣扶緣服務協會","http://cdcb.judicial.gov.tw/abbs/wkw/WHD6K05.jsp?ab=AAAdkxAAHAAAOyiAAC&bc=100&cd=%AA%6B%B5%6E%A5%4C++++++++++++++&de=000077&ef=CYD&fg=1"
"100","財團法人滿榮醫護基金會","http://cdcb.judicial.gov.tw/abbs/wkw/WHD6K05.jsp?ab=AAAdkxAAHAAABdqAAH&bc=100&cd=%AA%6B%B5%6E%A5%4C++++++++++++++&de=000079&ef=CYD&fg=1"
"246","財團法人嘉義市南順宮","http://cdcb.judicial.gov.tw/abbs/wkw/WHD6K05.jsp?ab=AAAdkxAAHAAABdqAAG&bc=100&cd=%AA%6B%B5%6E%A5%4C++++++++++++++&de=000080&ef=CYD&fg=1"
"399","社團法人嘉義市林姓宗親會","http://cdcb.judicial.gov.tw/abbs/wkw/WHD6K05.jsp?ab=AAAdkxAAHAAABdqAAD&bc=100&cd=%AA%6B%B5%6E%A5%4C++++++++++++++&de=000082&ef=CYD&fg=1"
"346","社團法人嘉義縣阿里山休閒農業發展協會","http://cdcb.judicial.gov.tw/abbs/wkw/WHD6K05.jsp?ab=AAAdkxAAHAAAPkmAAK&bc=100&cd=%AA%6B%B5%6E%A5%4C++++++++++++++&de=000083&ef=CYD&fg=1"
"44","財團法人台灣省嘉義市保生大帝震安宮","http://cdcb.judicial.gov.tw/abbs/wkw/WHD6K05.jsp?ab=AAAdkxAAHAAAOR0AAG&bc=100&cd=%AA%6B%B5%6E%A5%4C++++++++++++++&de=000064&ef=CYD&fg=1"
"342","社團法人中華民國佛宗華巖山功德會","http://cdcb.judicial.gov.tw/abbs/wkw/WHD6K05.jsp?ab=AAAdkxAAHAAAOQPAAD&bc=100&cd=%AA%6B%B5%6E%A5%4C++++++++++++++&de=000069&ef=CYD&fg=1"
"433","社團法人中華民國高空作業安全協會","http://cdcb.judicial.gov.tw/abbs/wkw/WHD6K05.jsp?ab=AAAdkxAAHAAAOypAAC&bc=100&cd=%AA%6B%B5%6E%A5%4C++++++++++++++&de=000073&ef=CYD&fg=1"
"441","社團法人嘉義市植物園健康瑜珈發展協會","http://cdcb.judicial.gov.tw/abbs/wkw/WHD6K05.jsp?ab=AAAdkxAAHAAAORBAAL&bc=100&cd=%AA%6B%B5%6E%A5%4C++++++++++++++&de=000055&ef=CYD&fg=1"
"250","財團法人陳澄波文化基金會","http://cdcb.judicial.gov.tw/abbs/wkw/WHD6K05.jsp?ab=AAAdkxAAHAAACprAAK&bc=100&cd=%AA%6B%B5%6E%A5%4C++++++++++++++&de=000056&ef=CYD&fg=1"
"60","財團法人台灣省私立嘉義濟美仁愛之家","http://cdcb.judicial.gov.tw/abbs/wkw/WHD6K05.jsp?ab=AAAdkxAAHAAABdqAAC&bc=100&cd=%AA%6B%B5%6E%A5%4C++++++++++++++&de=000057&ef=CYD&fg=1"
"227","社團法人嘉義縣長壽會","http://cdcb.judicial.gov.tw/abbs/wkw/WHD6K05.jsp?ab=AAAdkxAAHAAAOR%2BAAA&bc=100&cd=%AA%6B%B5%6E%A5%4C++++++++++++++&de=000058&ef=CYD&fg=1"
"289","社團法人嘉義縣聲暉聽障協會","http://cdcb.judicial.gov.tw/abbs/wkw/WHD6K05.jsp?ab=AAAdkxAAHAAAOQbAAE&bc=100&cd=%AA%6B%B5%6E%A5%4C++++++++++++++&de=000061&ef=CYD&fg=1"
"41","財團法人台灣省嘉義縣朴子高明寺","http://cdcb.judicial.gov.tw/abbs/wkw/WHD6K05.jsp?ab=AAAdkxAAHAAABdbAAG&bc=100&cd=%AA%6B%B5%6E%A5%4C++++++++++++++&de=000062&ef=CYD&fg=1"
"282","財團法人嘉義縣私立子良社會福利慈善事業基金會","http://cdcb.judicial.gov.tw/abbs/wkw/WHD6K05.jsp?ab=AAAdkxAAHAAADvBAAD&bc=100&cd=%AA%6B%B5%6E%A5%4C++++++++++++++&de=000044&ef=CYD&fg=1"
"286","財團法人縣立竹崎高級中學教育事務基金會","http://cdcb.judicial.gov.tw/abbs/wkw/WHD6K05.jsp?ab=AAAdkxAAHAAAOR4AAG&bc=100&cd=%AA%6B%B5%6E%A5%4C++++++++++++++&de=000049&ef=CYD&fg=1"
"408","社團法人嘉義市失智症協會","http://cdcb.judicial.gov.tw/abbs/wkw/WHD6K05.jsp?ab=AAAdkxAAHAAADvhAAH&bc=100&cd=%AA%6B%B5%6E%A5%4C++++++++++++++&de=000050&ef=CYD&fg=1"
"55","財團法人嘉義市朝天宮","http://cdcb.judicial.gov.tw/abbs/wkw/WHD6K05.jsp?ab=AAAdkxAAHAAAIlyAAE&bc=100&cd=%AA%6B%B5%6E%A5%4C++++++++++++++&de=000034&ef=CYD&fg=1"
"373","社團法人台灣身心障礙福利商品推廣聯盟","http://cdcb.judicial.gov.tw/abbs/wkw/WHD6K05.jsp?ab=AAAdkxAAHAAANs3AAE&bc=100&cd=%AA%6B%B5%6E%A5%4C++++++++++++++&de=000038&ef=CYD&fg=1"
"382","社團法人嘉義市中醫師公會","http://cdcb.judicial.gov.tw/abbs/wkw/WHD6K05.jsp?ab=AAAdkxAAHAAAOQqAAA&bc=100&cd=%AA%6B%B5%6E%A5%4C++++++++++++++&de=000041&ef=CYD&fg=1"
"394","社團法人嘉義市希望種子兒童暨青少年成長協會","http://cdcb.judicial.gov.tw/abbs/wkw/WHD6K05.jsp?ab=AAAdkxAAHAAAJ%2BeAAM&bc=100&cd=%AA%6B%B5%6E%A5%4C++++++++++++++&de=000042&ef=CYD&fg=1"
"128","財團法人新約教會嘉義教會","http://cdcb.judicial.gov.tw/abbs/wkw/WHD6K05.jsp?ab=AAAdkxAAHAAAL2dAAF&bc=100&cd=%AA%6B%B5%6E%A5%4C++++++++++++++&de=000030&ef=CYD&fg=1"
"386","","http://cdcb.judicial.gov.tw/abbs/wkw/WHD6K05.jsp?ab=AAAdkxAAHAAAG0GAAJ&bc=100&cd=%AA%6B%B5%6E%A5%4C++++++++++++++&de=000018&ef=CYD&fg=1"
"281","財團法人台灣基督長老教會嘉義中會","http://cdcb.judicial.gov.tw/abbs/wkw/WHD6K05.jsp?ab=AAAdkxAAHAAAG0GAAA&bc=100&cd=%AA%6B%B5%6E%A5%4C++++++++++++++&de=000019&ef=CYD&fg=1"
"124","財團法人台灣省嘉義市私立神州高級中學進修學校","http://cdcb.judicial.gov.tw/abbs/wkw/WHD6K05.jsp?ab=AAAdkxAAHAAAImPAAE&bc=100&cd=%AA%6B%B5%6E%A5%4C++++++++++++++&de=000022&ef=CYD&fg=1"
"70","財團法人台灣省嘉義市遊天宮","http://cdcb.judicial.gov.tw/abbs/wkw/WHD6K05.jsp?ab=AAAdkxAAHAAAE4EAAF&bc=100&cd=%AA%6B%B5%6E%A5%4C++++++++++++++&de=000004&ef=CYD&fg=1"
"177","財團法人人間文教基金會","http://cdcb.judicial.gov.tw/abbs/wkw/WHD6K05.jsp?ab=AAAdkxAAHAAAE3RAAC&bc=100&cd=%AA%6B%B5%6E%A5%4C++++++++++++++&de=000005&ef=CYD&fg=1"
"434","財團法人黃課教育基金會","http://cdcb.judicial.gov.tw/abbs/wkw/WHD6K05.jsp?ab=AAAdkxAAHAAAMZmAAA&bc=099&cd=%AA%6B%B5%6E%B0%5D++++++++++++++&de=000003&ef=CYD&fg=1"
"430","社團法人嘉義市合樂越南婚姻媒合交流協會","http://cdcb.judicial.gov.tw/abbs/wkw/WHD6K05.jsp?ab=AAAdkxAAHAAAMZ3AAH&bc=099&cd=%AA%6B%B5%6E%AA%C0++++++++++++++&de=000004&ef=CYD&fg=1"
"432","社團法人嘉義縣資訊服務職業工會","http://cdcb.judicial.gov.tw/abbs/wkw/WHD6K05.jsp?ab=AAAdkxAAHAAAMZeAAA&bc=099&cd=%AA%6B%B5%6E%AA%C0++++++++++++++&de=000005&ef=CYD&fg=1"
"179","社團法人嘉義市國際工商經營研究社","http://cdcb.judicial.gov.tw/abbs/wkw/WHD6K05.jsp?ab=AAAdkxAAHAAAE1XAAA&bc=099&cd=%AA%6B%B5%6E%A5%4C++++++++++++++&de=000106&ef=CYD&fg=1"
"54","財團法人臺灣省嘉義市天主教聖愛會","http://cdcb.judicial.gov.tw/abbs/wkw/WHD6K05.jsp?ab=AAAdkxAAHAAAMZ%2FAAG&bc=099&cd=%AA%6B%B5%6E%A5%4C++++++++++++++&de=000078&ef=CYD&fg=1"
"279","社團法人嘉義市嘉邑行善團","http://cdcb.judicial.gov.tw/abbs/wkw/WHD6K05.jsp?ab=AAAdkxAAHAAAEkCAAF&bc=099&cd=%AA%6B%B5%6E%A5%4C++++++++++++++&de=000100&ef=CYD&fg=1"
"5","財團法人天主教會嘉義教區","http://cdcb.judicial.gov.tw/abbs/wkw/WHD6K05.jsp?ab=AAAdkxAAHAAAMZeAAF&bc=099&cd=%AA%6B%B5%6E%A5%4C++++++++++++++&de=000064&ef=CYD&fg=1"
"167","社團法人嘉義市仁愛慈善會","http://cdcb.judicial.gov.tw/abbs/wkw/WHD6K05.jsp?ab=AAAdkxAAHAAAMZiAAH&bc=099&cd=%AA%6B%B5%6E%A5%4C++++++++++++++&de=000075&ef=CYD&fg=1"
"385","社團法人臺灣菸葉生產事業協進會","http://cdcb.judicial.gov.tw/abbs/wkw/WHD6K05.jsp?ab=AAAdkxAAHAAAMZlAAJ&bc=099&cd=%AA%6B%B5%6E%A5%4C++++++++++++++&de=000076&ef=CYD&fg=1"
"340","社團法人台灣省安全衛生教育協會","http://cdcb.judicial.gov.tw/abbs/wkw/WHD6K05.jsp?ab=AAAdkxAAHAAAMZ7AAA&bc=099&cd=%AA%6B%B5%6E%A5%4C++++++++++++++&de=000056&ef=CYD&fg=1"
"111","財團法人臺灣省嘉義市基督教浸禮聖經會嘉義會幕堂","http://cdcb.judicial.gov.tw/abbs/wkw/WHD6K05.jsp?ab=AAAdkxAAHAAAMZeAAC&bc=099&cd=%AA%6B%B5%6E%A5%4C++++++++++++++&de=000048&ef=CYD&fg=1"
"230","社團法人臺灣省公共安全衛生協會","http://cdcb.judicial.gov.tw/abbs/wkw/WHD6K05.jsp?ab=AAAdkxAAHAAAMZ3AAK&bc=099&cd=%AA%6B%B5%6E%A5%4C++++++++++++++&de=000052&ef=CYD&fg=1"
"307","社團法人嘉義縣養殖漁業生產區發展協會","http://cdcb.judicial.gov.tw/abbs/wkw/WHD6K05.jsp?ab=AAAdkxAAHAAAMZiAAD&bc=099&cd=%AA%6B%B5%6E%A5%4C++++++++++++++&de=000053&ef=CYD&fg=1"
"374","財團法人生活美學教育基金會","http://cdcb.judicial.gov.tw/abbs/wkw/WHD6K05.jsp?ab=AAAdkxAAHAAAMZ7AAF&bc=099&cd=%AA%6B%B5%6E%A5%4C++++++++++++++&de=000033&ef=CYD&fg=1"
"310","社團法人嘉義縣菸農聯合會","http://cdcb.judicial.gov.tw/abbs/wkw/WHD6K05.jsp?ab=AAAdkxAAHAAAMZbAAK&bc=099&cd=%AA%6B%B5%6E%A5%4C++++++++++++++&de=000035&ef=CYD&fg=1"
"171","財團法人船仔頭藝術村文教基金會","http://cdcb.judicial.gov.tw/abbs/wkw/WHD6K05.jsp?ab=AAAdkxAAHAAAMZdAAI&bc=099&cd=%AA%6B%B5%6E%A5%4C++++++++++++++&de=000038&ef=CYD&fg=1"
"212","財團法人嘉義縣教育會教育基金會","http://cdcb.judicial.gov.tw/abbs/wkw/WHD6K05.jsp?ab=AAAdkxAAHAAAMaPAAG&bc=099&cd=%AA%6B%B5%6E%A5%4C++++++++++++++&de=000030&ef=CYD&fg=1"
"418","社團法人嘉義市警察之友會","http://cdcb.judicial.gov.tw/abbs/wkw/WHD6K05.jsp?ab=AAAdkxAAHAAAMaGAAA&bc=098&cd=%AA%6B%B5%6E%AA%C0++++++++++++++&de=000016&ef=CYD&fg=1"
"419","社團法人中華無極靈修協會","http://cdcb.judicial.gov.tw/abbs/wkw/WHD6K05.jsp?ab=AAAdkxAAHAAAMZiAAA&bc=098&cd=%AA%6B%B5%6E%AA%C0++++++++++++++&de=000017&ef=CYD&fg=1"
"422","社團法人中華民國博奕管理學會","http://cdcb.judicial.gov.tw/abbs/wkw/WHD6K05.jsp?ab=AAAdkxAAHAAAMazAAB&bc=098&cd=%AA%6B%B5%6E%AA%C0++++++++++++++&de=000018&ef=CYD&fg=1"
"425","社團法人中華民國休閒治療學會","http://cdcb.judicial.gov.tw/abbs/wkw/WHD6K05.jsp?ab=AAAdkxAAHAAAMaHAAK&bc=098&cd=%AA%6B%B5%6E%AA%C0++++++++++++++&de=000019&ef=CYD&fg=1"
"423","社團法人中華民國友仁婚姻媒合協會","http://cdcb.judicial.gov.tw/abbs/wkw/WHD6K05.jsp?ab=AAAdkxAAHAAAMZnAAD&bc=098&cd=%AA%6B%B5%6E%AA%C0++++++++++++++&de=000020&ef=CYD&fg=1"
"424","財團法人嘉義縣私立天主教敏道社會福利慈善事業基金會","http://cdcb.judicial.gov.tw/abbs/wkw/WHD6K05.jsp?ab=AAAdkxAAHAAAMZqAAF&bc=098&cd=%AA%6B%B5%6E%B0%5D++++++++++++++&de=000002&ef=CYD&fg=1"
"409","社團法人中華民國國立嘉義大學幼兒教育學系系友會","http://cdcb.judicial.gov.tw/abbs/wkw/WHD6K05.jsp?ab=AAAdkxAAHAAAMaCAAF&bc=098&cd=%AA%6B%B5%6E%AA%C0++++++++++++++&de=000005&ef=CYD&fg=1"
"410","社團法人嘉義市諮商心理師公會","http://cdcb.judicial.gov.tw/abbs/wkw/WHD6K05.jsp?ab=AAAdkxAAHAAAMZkAAE&bc=098&cd=%AA%6B%B5%6E%AA%C0++++++++++++++&de=000006&ef=CYD&fg=1"
"412","社團法人台灣路得關懷發展協會","http://cdcb.judicial.gov.tw/abbs/wkw/WHD6K05.jsp?ab=AAAdkxAAHAAAMZkAAG&bc=098&cd=%AA%6B%B5%6E%AA%C0++++++++++++++&de=000009&ef=CYD&fg=1"
"414","社團法人台灣全球化與全球治理協會","http://cdcb.judicial.gov.tw/abbs/wkw/WHD6K05.jsp?ab=AAAdkxAAHAAAMZnAAL&bc=098&cd=%AA%6B%B5%6E%AA%C0++++++++++++++&de=000011&ef=CYD&fg=1"
"415","社團法人中華民國噶瑪噶舉了義教廣法洲學佛會","http://cdcb.judicial.gov.tw/abbs/wkw/WHD6K05.jsp?ab=AAAdkxAAHAAAMa%2BAAD&bc=098&cd=%AA%6B%B5%6E%AA%C0++++++++++++++&de=000012&ef=CYD&fg=1"
"421","社團法人嘉義縣梅山愛心行善會","http://cdcb.judicial.gov.tw/abbs/wkw/WHD6K05.jsp?ab=AAAdkxAAHAAAMZqAAB&bc=098&cd=%AA%6B%B5%6E%AA%C0++++++++++++++&de=000014&ef=CYD&fg=1"
"381","社團法人中國大智慧靈氣研究會","http://cdcb.judicial.gov.tw/abbs/wkw/WHD6K05.jsp?ab=AAAdkxAAHAAAMaPAAC&bc=098&cd=%AA%6B%B5%6E%A5%4C++++++++++++++&de=000105&ef=CYD&fg=1"
"403","社團法人嘉義縣勞動力服務人員職業工會","http://cdcb.judicial.gov.tw/abbs/wkw/WHD6K05.jsp?ab=AAAdkxAAHAAAMZgAAH&bc=098&cd=%AA%6B%B5%6E%AA%C0++++++++++++++&de=000001&ef=CYD&fg=1"
"407","社團法人嘉義縣新港法華慈善會","http://cdcb.judicial.gov.tw/abbs/wkw/WHD6K05.jsp?ab=AAAdkxAAHAAAMZpAAC&bc=098&cd=%AA%6B%B5%6E%AA%C0++++++++++++++&de=000003&ef=CYD&fg=1"
"406","社團法人中華天然一貫大道學會","http://cdcb.judicial.gov.tw/abbs/wkw/WHD6K05.jsp?ab=AAAdkxAAHAAAMZpAAF&bc=098&cd=%AA%6B%B5%6E%AA%C0++++++++++++++&de=000004&ef=CYD&fg=1"
"355","社團法人台灣實相佛學會","http://cdcb.judicial.gov.tw/abbs/wkw/WHD6K05.jsp?ab=AAAdkxAAHAAAMbGAAI&bc=098&cd=%AA%6B%B5%6E%A5%4C++++++++++++++&de=000094&ef=CYD&fg=1"
"180","財團法人清元教育事務基金會","http://cdcb.judicial.gov.tw/abbs/wkw/WHD6K05.jsp?ab=AAAdkxAAHAAAMZnAAB&bc=098&cd=%AA%6B%B5%6E%A5%4C++++++++++++++&de=000089&ef=CYD&fg=1"
"335","財團法人民雄教會聚會所","http://cdcb.judicial.gov.tw/abbs/wkw/WHD6K05.jsp?ab=AAAdkxAAHAAAMZYAAC&bc=098&cd=%AA%6B%B5%6E%A5%4C++++++++++++++&de=000090&ef=CYD&fg=1"
"363","財團法人嘉義縣私有既成道路取得基金會","http://cdcb.judicial.gov.tw/abbs/wkw/WHD6K05.jsp?ab=AAAdkxAAHAAAMZ%2FAAE&bc=098&cd=%AA%6B%B5%6E%A5%4C++++++++++++++&de=000074&ef=CYD&fg=1"
"135","社團法人嘉義縣仁愛慈善會","http://cdcb.judicial.gov.tw/abbs/wkw/WHD6K05.jsp?ab=AAAdkxAAHAAAMa2AAJ&bc=098&cd=%AA%6B%B5%6E%A5%4C++++++++++++++&de=000063&ef=CYD&fg=1"
"118","社團法人嘉義市道教會","http://cdcb.judicial.gov.tw/abbs/wkw/WHD6K05.jsp?ab=AAAdkxAAHAAAMa%2BAAB&bc=098&cd=%AA%6B%B5%6E%A5%4C++++++++++++++&de=000070&ef=CYD&fg=1"
"252","財團法人陳秀鑾教育基金會","http://cdcb.judicial.gov.tw/abbs/wkw/WHD6K05.jsp?ab=AAAdkxAAHAAAMZLAAJ&bc=098&cd=%AA%6B%B5%6E%A5%4C++++++++++++++&de=000060&ef=CYD&fg=1"
"275","財團法人半天岩文化藝術基金會","http://cdcb.judicial.gov.tw/abbs/wkw/WHD6K05.jsp?ab=AAAdkxAAHAAAMZnAAE&bc=098&cd=%AA%6B%B5%6E%A5%4C++++++++++++++&de=000049&ef=CYD&fg=1"
"240","財團法人祥太文教基金會","http://cdcb.judicial.gov.tw/abbs/wkw/WHD6K05.jsp?ab=AAAdkxAAHAAAMZlAAF&bc=098&cd=%AA%6B%B5%6E%A5%4C++++++++++++++&de=000030&ef=CYD&fg=1"
"190","財團法人嘉義市基督教錫安堂","http://cdcb.judicial.gov.tw/abbs/wkw/WHD6K05.jsp?ab=AAAdkxAAHAAAMZgAAI&bc=098&cd=%AA%6B%B5%6E%A5%4C++++++++++++++&de=000012&ef=CYD&fg=1"
"233","財團法人嘉義市嘉大仁愛教育事務基金會","http://cdcb.judicial.gov.tw/abbs/wkw/WHD6K05.jsp?ab=AAAdkxAAHAAAMZgAAE&bc=098&cd=%AA%6B%B5%6E%A5%4C++++++++++++++&de=000009&ef=CYD&fg=1"
"401","社團法人中華社會大學技能培訓學會","http://cdcb.judicial.gov.tw/abbs/wkw/WHD6K05.jsp?ab=AAAdkxAAHAAAMZdAAA&bc=097&cd=%AA%6B%B5%6E%AA%C0++++++++++++++&de=000011&ef=CYD&fg=1"
"402","社團法人中華民國協志工商校友會","http://cdcb.judicial.gov.tw/abbs/wkw/WHD6K05.jsp?ab=AAAdkxAAHAAAMZdAAB&bc=097&cd=%AA%6B%B5%6E%AA%C0++++++++++++++&de=000012&ef=CYD&fg=1"
"396","財團法人樸仔腳教育基金會","http://cdcb.judicial.gov.tw/abbs/wkw/WHD6K05.jsp?ab=AAAdkxAAHAAAMZWAAC&bc=097&cd=%AA%6B%B5%6E%B0%5D++++++++++++++&de=000003&ef=CYD&fg=1"
"387","社團法人嘉義縣原住民婦女永續發展協會","http://cdcb.judicial.gov.tw/abbs/wkw/WHD6K05.jsp?ab=AAAdkxAAHAAAMZiAAJ&bc=097&cd=%AA%6B%B5%6E%AA%C0++++++++++++++&de=000001&ef=CYD&fg=1"
"388","社團法人台灣佛學心理輔導學會","http://cdcb.judicial.gov.tw/abbs/wkw/WHD6K05.jsp?ab=AAAdkxAAHAAAMZlAAE&bc=097&cd=%AA%6B%B5%6E%AA%C0++++++++++++++&de=000002&ef=CYD&fg=1"
"392","社團法人嘉義市身心障礙者關懷協會","http://cdcb.judicial.gov.tw/abbs/wkw/WHD6K05.jsp?ab=AAAdkxAAHAAAMZOAAD&bc=097&cd=%AA%6B%B5%6E%AA%C0++++++++++++++&de=000006&ef=CYD&fg=1"
"395","社團法人嘉義縣新厝內黃希哲紀念協會","http://cdcb.judicial.gov.tw/abbs/wkw/WHD6K05.jsp?ab=AAAdkxAAHAAAMZOAAK&bc=097&cd=%AA%6B%B5%6E%AA%C0++++++++++++++&de=000007&ef=CYD&fg=1"
"89","財團法人台灣省嘉義市福社宮","http://cdcb.judicial.gov.tw/abbs/wkw/WHD6K05.jsp?ab=AAAdkxAAHAAAMZVAAJ&bc=097&cd=%AA%6B%B5%6E%A5%4C++++++++++++++&de=000086&ef=CYD&fg=1"
"73","財團法人臺灣省嘉義縣私立明華高級中學","http://cdcb.judicial.gov.tw/abbs/wkw/WHD6K05.jsp?ab=AAAdkxAAHAAAMaDAAK&bc=097&cd=%AA%6B%B5%6E%A5%4C++++++++++++++&de=000057&ef=CYD&fg=1"
"267","社團法人嘉義縣新港鄉崙子社區發展協會","http://cdcb.judicial.gov.tw/abbs/wkw/WHD6K05.jsp?ab=AAAdkxAAHAAAMaLAAH&bc=097&cd=%AA%6B%B5%6E%A5%4C++++++++++++++&de=000017&ef=CYD&fg=1"
"226","財團法人義竹國中教育事務基金會","http://cdcb.judicial.gov.tw/abbs/wkw/WHD6K05.jsp?ab=AAAdkxAAHAAAMaTAAF&bc=097&cd=%AA%6B%B5%6E%A5%4C++++++++++++++&de=000023&ef=CYD&fg=1"
"151","財團法人民雄鄉國教發展基金會","http://cdcb.judicial.gov.tw/abbs/wkw/WHD6K05.jsp?ab=AAAdkxAAHAAAMaLAAG&bc=097&cd=%AA%6B%B5%6E%A5%4C++++++++++++++&de=000001&ef=CYD&fg=1"
"375","社團法人嘉義縣母語文化教育協會","http://cdcb.judicial.gov.tw/abbs/wkw/WHD6K05.jsp?ab=AAAdkxAAHAAAMZrAAD&bc=096&cd=%AA%6B%B5%6E%AA%C0++++++++++++++&de=000001&ef=CYD&fg=1"
"376","社團法人嘉義市保護動物協會","http://cdcb.judicial.gov.tw/abbs/wkw/WHD6K05.jsp?ab=AAAdkxAAHAAAMaGAAJ&bc=096&cd=%AA%6B%B5%6E%AA%C0++++++++++++++&de=000003&ef=CYD&fg=1"
"379","社團法人台灣環境與藝術學會","http://cdcb.judicial.gov.tw/abbs/wkw/WHD6K05.jsp?ab=AAAdkxAAHAAAMZQAAE&bc=096&cd=%AA%6B%B5%6E%AA%C0++++++++++++++&de=000005&ef=CYD&fg=1"
"380","社團法人嘉義縣北回急難救助協會","http://cdcb.judicial.gov.tw/abbs/wkw/WHD6K05.jsp?ab=AAAdkxAAHAAAMZQAAL&bc=096&cd=%AA%6B%B5%6E%AA%C0++++++++++++++&de=000006&ef=CYD&fg=1"
"383","社團法人嘉義縣聽語多重障礙福利協進會","http://cdcb.judicial.gov.tw/abbs/wkw/WHD6K05.jsp?ab=AAAdkxAAHAAAMZaAAH&bc=096&cd=%AA%6B%B5%6E%AA%C0++++++++++++++&de=000008&ef=CYD&fg=1"
"49","財團法人嘉義市普德寺","http://cdcb.judicial.gov.tw/abbs/wkw/WHD6K05.jsp?ab=AAAdkxAAHAAAMZbAAC&bc=096&cd=%AA%6B%B5%6E%A5%4C++++++++++++++&de=000081&ef=CYD&fg=1"
"139","財團法人沐恩文教基金會","http://cdcb.judicial.gov.tw/abbs/wkw/WHD6K05.jsp?ab=AAAdkxAAHAAAMZbAAH&bc=096&cd=%AA%6B%B5%6E%A5%4C++++++++++++++&de=000086&ef=CYD&fg=1"
"69","財團法人臺灣省嘉義市天后宮","http://cdcb.judicial.gov.tw/abbs/wkw/WHD6K05.jsp?ab=AAAdkxAAHAAAMZXAAD&bc=096&cd=%AA%6B%B5%6E%A5%4C++++++++++++++&de=000067&ef=CYD&fg=1"
"377","社團法人嘉義市藥師公會","http://cdcb.judicial.gov.tw/abbs/wkw/WHD6K05.jsp?ab=AAAdkxAAHAAAMZUAAD&bc=096&cd=%AA%6B%B5%6E%A5%4C++++++++++++++&de=000051&ef=CYD&fg=1"
"317","社團法人嘉義縣昇平關懷弱智人協進會","http://cdcb.judicial.gov.tw/abbs/wkw/WHD6K05.jsp?ab=AAAdkxAAHAAAMZQAAD&bc=096&cd=%AA%6B%B5%6E%A5%4C++++++++++++++&de=000041&ef=CYD&fg=1"
"364","財團法人妙雲蘭若","http://cdcb.judicial.gov.tw/abbs/wkw/WHD6K05.jsp?ab=AAAdkxAAHAAAMZbAAA&bc=095&cd=%AA%6B%B5%6E%B0%5D++++++++++++++&de=000006&ef=CYD&fg=1"
"104","財團法人中華基督教嘉義浸信會","http://cdcb.judicial.gov.tw/abbs/wkw/WHD6K05.jsp?ab=AAAdkxAAHAAAMZrAAF&bc=096&cd=%AA%6B%B5%6E%A5%4C++++++++++++++&de=000013&ef=CYD&fg=1"
"360","社團法人中華民國家庭教育專業人員協會","http://cdcb.judicial.gov.tw/abbs/wkw/WHD6K05.jsp?ab=AAAdkxAAHAAAMZQAAB&bc=095&cd=%AA%6B%B5%6E%AA%C0++++++++++++++&de=000005&ef=CYD&fg=1"
"367","社團法人嘉義縣民宿發展協會","http://cdcb.judicial.gov.tw/abbs/wkw/WHD6K05.jsp?ab=AAAdkxAAHAAAMaPAAI&bc=095&cd=%AA%6B%B5%6E%AA%C0++++++++++++++&de=000006&ef=CYD&fg=1"
"371","社團法人中國道教五術什家將協會","http://cdcb.judicial.gov.tw/abbs/wkw/WHD6K05.jsp?ab=AAAdkxAAHAAAMa6AAL&bc=095&cd=%AA%6B%B5%6E%AA%C0++++++++++++++&de=000010&ef=CYD&fg=1"
"361","財團法人曾南居教育基金會","http://cdcb.judicial.gov.tw/abbs/wkw/WHD6K05.jsp?ab=AAAdkxAAHAAAMZQAAA&bc=095&cd=%AA%6B%B5%6E%B0%5D++++++++++++++&de=000004&ef=CYD&fg=1"
"357","社團法人嘉義縣中埔鄉老人會","http://cdcb.judicial.gov.tw/abbs/wkw/WHD6K05.jsp?ab=AAAdkxAAHAAAMaDAAD&bc=095&cd=%AA%6B%B5%6E%AA%C0++++++++++++++&de=000002&ef=CYD&fg=1"
"362","社團法人嘉義市行動協力發展協會","http://cdcb.judicial.gov.tw/abbs/wkw/WHD6K05.jsp?ab=AAAdkxAAHAAAMZMAAK&bc=095&cd=%AA%6B%B5%6E%AA%C0++++++++++++++&de=000004&ef=CYD&fg=1"
"368","社團法人臺灣保母總會","http://cdcb.judicial.gov.tw/abbs/wkw/WHD6K05.jsp?ab=AAAdkxAAHAAAMZZAAF&bc=095&cd=%AA%6B%B5%6E%A5%4C++++++++++++++&de=000079&ef=CYD&fg=1"
"369","社團法人台灣社區資深公民日托協會","http://cdcb.judicial.gov.tw/abbs/wkw/WHD6K05.jsp?ab=AAAdkxAAHAAAMZeAAK&bc=095&cd=%AA%6B%B5%6E%A5%4C++++++++++++++&de=000085&ef=CYD&fg=1"
"98","財團法人台灣省嘉義縣布袋鎮見龍里金華山堂","http://cdcb.judicial.gov.tw/abbs/wkw/WHD6K05.jsp?ab=AAAdkxAAHAAAMZTAAC&bc=095&cd=%AA%6B%B5%6E%A5%4C++++++++++++++&de=000035&ef=CYD&fg=1"
"301","社團法人嘉義縣姊妹連線婦女權利協進會","http://cdcb.judicial.gov.tw/abbs/wkw/WHD6K05.jsp?ab=AAAdkxAAHAAAMZXAAF&bc=095&cd=%AA%6B%B5%6E%A5%4C++++++++++++++&de=000045&ef=CYD&fg=1"
"341","社團法人嘉義縣原住民族發展協會","http://cdcb.judicial.gov.tw/abbs/wkw/WHD6K05.jsp?ab=AAAdkxAAHAAAMauAAC&bc=094&cd=%AA%6B%B5%6E%AA%C0++++++++++++++&de=000006&ef=CYD&fg=1"
"343","社團法人嘉義市義修經典研究會","http://cdcb.judicial.gov.tw/abbs/wkw/WHD6K05.jsp?ab=AAAdkxAAHAAAMZvAAA&bc=094&cd=%AA%6B%B5%6E%AA%C0++++++++++++++&de=000007&ef=CYD&fg=1"
"348","社團法人台灣多元人力資源發展協會","http://cdcb.judicial.gov.tw/abbs/wkw/WHD6K05.jsp?ab=AAAdkxAAHAAAMauAAJ&bc=094&cd=%AA%6B%B5%6E%AA%C0++++++++++++++&de=000010&ef=CYD&fg=1"
"349","社團法人嘉義縣頂笨仔文化協會","http://cdcb.judicial.gov.tw/abbs/wkw/WHD6K05.jsp?ab=AAAdkxAAHAAAMayAAG&bc=094&cd=%AA%6B%B5%6E%AA%C0++++++++++++++&de=000011&ef=CYD&fg=1"
"352","社團法人嘉義縣兒童及少年福利發展協會","http://cdcb.judicial.gov.tw/abbs/wkw/WHD6K05.jsp?ab=AAAdkxAAHAAAMZzAAD&bc=094&cd=%AA%6B%B5%6E%AA%C0++++++++++++++&de=000014&ef=CYD&fg=1"
"338","財團法人陳水清教育事務基金會","http://cdcb.judicial.gov.tw/abbs/wkw/WHD6K05.jsp?ab=AAAdkxAAHAAAMZ1AAD&bc=094&cd=%AA%6B%B5%6E%B0%5D++++++++++++++&de=000001&ef=CYD&fg=1"
"298","社團法人嘉義縣李姓宗親會","http://cdcb.judicial.gov.tw/abbs/wkw/WHD6K05.jsp?ab=AAAdkxAAHAAAMZZAAE&bc=094&cd=%AA%6B%B5%6E%A5%4C++++++++++++++&de=000049&ef=CYD&fg=1"
"238","社團法人嘉義縣精神康扶之友協會","http://cdcb.judicial.gov.tw/abbs/wkw/WHD6K05.jsp?ab=AAAdkxAAHAAAMayAAA&bc=094&cd=%AA%6B%B5%6E%A5%4C++++++++++++++&de=000053&ef=CYD&fg=1"
"116","財團法人侯水木先生文教基金會","http://cdcb.judicial.gov.tw/abbs/wkw/WHD6K05.jsp?ab=AAAdkxAAHAAAMauAAF&bc=094&cd=%AA%6B%B5%6E%A5%4C++++++++++++++&de=000035&ef=CYD&fg=1"
"329","社團法人嘉義市美容美髮美體教育推廣協會","http://cdcb.judicial.gov.tw/abbs/wkw/WHD6K05.jsp?ab=AAAdkxAAHAAAMY1AAA&bc=093&cd=%AA%6B%B5%6E%AA%C0++++++++++++++&de=000008&ef=CYD&fg=1"
"330","社團法人嘉義縣職能發展促進協會","http://cdcb.judicial.gov.tw/abbs/wkw/WHD6K05.jsp?ab=AAAdkxAAHAAAMZsAAG&bc=093&cd=%AA%6B%B5%6E%AA%C0++++++++++++++&de=000009&ef=CYD&fg=1"
"331","社團法人嘉義縣楊再興關懷慈善會","http://cdcb.judicial.gov.tw/abbs/wkw/WHD6K05.jsp?ab=AAAdkxAAHAAAMZ8AAD&bc=093&cd=%AA%6B%B5%6E%AA%C0++++++++++++++&de=000010&ef=CYD&fg=1"
"326","財團法人嘉農農業發展基金會","http://cdcb.judicial.gov.tw/abbs/wkw/WHD6K05.jsp?ab=AAAdkxAAHAAAMYxAAB&bc=093&cd=%AA%6B%B5%6E%B0%5D++++++++++++++&de=000004&ef=CYD&fg=1"
"189","財團法人永嘉文教教育事務基金會","http://cdcb.judicial.gov.tw/abbs/wkw/WHD6K05.jsp?ab=AAAdkxAAHAAAMZxAAE&bc=093&cd=%AA%6B%B5%6E%A5%4C++++++++++++++&de=000074&ef=CYD&fg=1"
"320","社團法人中華民國台灣開漳聖王功德會","http://cdcb.judicial.gov.tw/abbs/wkw/WHD6K05.jsp?ab=AAAdkxAAHAAAMZBAAC&bc=093&cd=%AA%6B%B5%6E%AA%C0++++++++++++++&de=000001&ef=CYD&fg=1"
"321","社團法人嘉義縣內埔仔文化發展協會","http://cdcb.judicial.gov.tw/abbs/wkw/WHD6K05.jsp?ab=AAAdkxAAHAAAMZBAAJ&bc=093&cd=%AA%6B%B5%6E%AA%C0++++++++++++++&de=000002&ef=CYD&fg=1"
"322","社團法人台灣原住民族產業發展協會","http://cdcb.judicial.gov.tw/abbs/wkw/WHD6K05.jsp?ab=AAAdkxAAHAAAMZFAAB&bc=093&cd=%AA%6B%B5%6E%AA%C0++++++++++++++&de=000003&ef=CYD&fg=1"
"328","社團法人嘉義縣民雄中正大鎮發展協會","http://cdcb.judicial.gov.tw/abbs/wkw/WHD6K05.jsp?ab=AAAdkxAAHAAAMYxAAI&bc=093&cd=%AA%6B%B5%6E%AA%C0++++++++++++++&de=000007&ef=CYD&fg=1"
"242","財團法人嘉義市私立慈玄宮社會福利慈善事業基金會","http://cdcb.judicial.gov.tw/abbs/wkw/WHD6K05.jsp?ab=AAAdkxAAHAAAMaAAAD&bc=093&cd=%AA%6B%B5%6E%A5%4C++++++++++++++&de=000063&ef=CYD&fg=1"
"172","社團法人嘉義市社會行為研究社","http://cdcb.judicial.gov.tw/abbs/wkw/WHD6K05.jsp?ab=AAAdkxAAHAAAMZNAAI&bc=093&cd=%AA%6B%B5%6E%A5%4C++++++++++++++&de=000066&ef=CYD&fg=1"
"153","財團法人嘉義吳姓宗親教育事務基金會","http://cdcb.judicial.gov.tw/abbs/wkw/WHD6K05.jsp?ab=AAAdkxAAHAAAMZNAAL&bc=093&cd=%AA%6B%B5%6E%A5%4C++++++++++++++&de=000068&ef=CYD&fg=1"
"76","財團法人台灣省嘉義市南屏宮","http://cdcb.judicial.gov.tw/abbs/wkw/WHD6K05.jsp?ab=AAAdkxAAHAAAMaAAAA&bc=093&cd=%AA%6B%B5%6E%A5%4C++++++++++++++&de=000060&ef=CYD&fg=1"
"205","財團法人嘉義北回文化藝術基金會","http://cdcb.judicial.gov.tw/abbs/wkw/WHD6K05.jsp?ab=AAAdkxAAHAAAMZBAAK&bc=093&cd=%AA%6B%B5%6E%A5%4C++++++++++++++&de=000016&ef=CYD&fg=1"
"157","社團法人嘉義市河南同鄉會","http://cdcb.judicial.gov.tw/abbs/wkw/WHD6K05.jsp?ab=AAAdkxAAHAAAMZyAAA&bc=093&cd=%AA%6B%B5%6E%A5%4C++++++++++++++&de=000024&ef=CYD&fg=1"
"312","社團法人嘉義市黎明慈善會                                            ","http://cdcb.judicial.gov.tw/abbs/wkw/WHD6K05.jsp?ab=AAAdkxAAHAAAMZ9AAD&bc=092&cd=%AA%6B%B5%6E%AA%C0++++++++++++++&de=000012&ef=CYD&fg=1"
"315","社團法人嘉義縣大林鎮大美社區發展協會                                ","http://cdcb.judicial.gov.tw/abbs/wkw/WHD6K05.jsp?ab=AAAdkxAAHAAAMZ9AAE&bc=092&cd=%AA%6B%B5%6E%AA%C0++++++++++++++&de=000014&ef=CYD&fg=1"
"314","財團法人中華基督教民生浸信會","http://cdcb.judicial.gov.tw/abbs/wkw/WHD6K05.jsp?ab=AAAdkxAAHAAAMaIAAD&bc=092&cd=%AA%6B%B5%6E%B0%5D++++++++++++++&de=000005&ef=CYD&fg=1"
"304","社團法人中華民國勞工技能訓練發展協會                                ","http://cdcb.judicial.gov.tw/abbs/wkw/WHD6K05.jsp?ab=AAAdkxAAHAAAMYtAAF&bc=092&cd=%AA%6B%B5%6E%AA%C0++++++++++++++&de=000002&ef=CYD&fg=1"
"305","社團法人嘉義縣簡姓宗親會                                            ","http://cdcb.judicial.gov.tw/abbs/wkw/WHD6K05.jsp?ab=AAAdkxAAHAAAMZsAAA&bc=092&cd=%AA%6B%B5%6E%AA%C0++++++++++++++&de=000003&ef=CYD&fg=1"
"306","社團法人嘉義縣巴斯奈諾關懷弱勢協會                                  ","http://cdcb.judicial.gov.tw/abbs/wkw/WHD6K05.jsp?ab=AAAdkxAAHAAAMZtAAC&bc=092&cd=%AA%6B%B5%6E%AA%C0++++++++++++++&de=000004&ef=CYD&fg=1"
"311","社團法人嘉義市二二八和平促進會                                      ","http://cdcb.judicial.gov.tw/abbs/wkw/WHD6K05.jsp?ab=AAAdkxAAHAAAMZ9AAC&bc=092&cd=%AA%6B%B5%6E%AA%C0++++++++++++++&de=000011&ef=CYD&fg=1"
"237","財團法人松山教育事務基金會                                          ","http://cdcb.judicial.gov.tw/abbs/wkw/WHD6K05.jsp?ab=AAAdkxAAHAAAMYgAAE&bc=092&cd=%AA%6B%B5%6E%A5%4C++++++++++++++&de=000057&ef=CYD&fg=1"
"96","財團法人台灣省嘉義市真武宮                                          ","http://cdcb.judicial.gov.tw/abbs/wkw/WHD6K05.jsp?ab=AAAdkxAAHAAAMZ5AAD&bc=092&cd=%AA%6B%B5%6E%A5%4C++++++++++++++&de=000026&ef=CYD&fg=1"
"296","社團法人嘉義縣仁里慈濟會                                            ","http://cdcb.judicial.gov.tw/abbs/wkw/WHD6K05.jsp?ab=AAAdkxAAHAAAMZwAAE&bc=092&cd=%AA%6B%B5%6E%A5%4C++++++++++++++&de=000011&ef=CYD&fg=1"
"299","社團法人嘉義縣梅山鄉雙溪社區發展協會                                ","http://cdcb.judicial.gov.tw/abbs/wkw/WHD6K05.jsp?ab=AAAdkxAAHAAAMYkAAC&bc=091&cd=%AA%6B%B5%6E%AA%C0++++++++++++++&de=000010&ef=CYD&fg=1"
"300","社團法人嘉義市青年回嘉協會                                          ","http://cdcb.judicial.gov.tw/abbs/wkw/WHD6K05.jsp?ab=AAAdkxAAHAAAL3jAAC&bc=091&cd=%AA%6B%B5%6E%AA%C0++++++++++++++&de=000011&ef=CYD&fg=1"
"290","社團法人嘉義市曾氏宗親會                                            ","http://cdcb.judicial.gov.tw/abbs/wkw/WHD6K05.jsp?ab=AAAdkxAAHAAAMYaAAD&bc=091&cd=%AA%6B%B5%6E%AA%C0++++++++++++++&de=000002&ef=CYD&fg=1"
"291","社團法人中華民國電力技術証照協會                                    ","http://cdcb.judicial.gov.tw/abbs/wkw/WHD6K05.jsp?ab=AAAdkxAAHAAAMYaAAE&bc=091&cd=%AA%6B%B5%6E%AA%C0++++++++++++++&de=000003&ef=CYD&fg=1"
"294","社團法人嘉義市玉山國際青年商會                                      ","http://cdcb.judicial.gov.tw/abbs/wkw/WHD6K05.jsp?ab=AAAdkxAAHAAAMYgAAB&bc=091&cd=%AA%6B%B5%6E%AA%C0++++++++++++++&de=000005&ef=CYD&fg=1"
"256","財團法人林秀芳教育事務基金會                                        ","http://cdcb.judicial.gov.tw/abbs/wkw/WHD6K05.jsp?ab=AAAdkxAAHAAAMYUAAC&bc=091&cd=%AA%6B%B5%6E%A5%4C++++++++++++++&de=000047&ef=CYD&fg=1"
"259","財團法人新港國小教育基金會                                          ","http://cdcb.judicial.gov.tw/abbs/wkw/WHD6K05.jsp?ab=AAAdkxAAHAAAMY5AAD&bc=091&cd=%AA%6B%B5%6E%A5%4C++++++++++++++&de=000032&ef=CYD&fg=1"
"72","財團法人台灣省嘉義縣私立嘉南高級中學                                ","http://cdcb.judicial.gov.tw/abbs/wkw/WHD6K05.jsp?ab=AAAdkxAAHAAAMY9AAA&bc=091&cd=%AA%6B%B5%6E%A5%4C++++++++++++++&de=000035&ef=CYD&fg=1"
"132","社團法人嘉義縣退伍軍人協會                                          ","http://cdcb.judicial.gov.tw/abbs/wkw/WHD6K05.jsp?ab=AAAdkxAAHAAAL3lAAB&bc=091&cd=%AA%6B%B5%6E%A5%4C++++++++++++++&de=000019&ef=CYD&fg=1"
"284","財團法人鄒族文化藝術基金會                                          ","http://cdcb.judicial.gov.tw/abbs/wkw/WHD6K05.jsp?ab=AAAdkxAAHAAAMYWAAA&bc=090&cd=%AA%6B%B5%6E%B0%5D++++++++++++++&de=000010&ef=CYD&fg=1"
"274","社團法人中國美容文化資訊交流協會                                    ","http://cdcb.judicial.gov.tw/abbs/wkw/WHD6K05.jsp?ab=AAAdkxAAHAAAMYQAAE&bc=090&cd=%AA%6B%B5%6E%AA%C0++++++++++++++&de=000001&ef=CYD&fg=1"
"283","社團法人嘉義市青少年兒童關懷協會                                    ","http://cdcb.judicial.gov.tw/abbs/wkw/WHD6K05.jsp?ab=AAAdkxAAHAAAMYWAAC&bc=090&cd=%AA%6B%B5%6E%AA%C0++++++++++++++&de=000005&ef=CYD&fg=1"
"273","財團法人蔡嶢紀念教育基金會                                          ","http://cdcb.judicial.gov.tw/abbs/wkw/WHD6K05.jsp?ab=AAAdkxAAHAAAMYWAAD&bc=090&cd=%AA%6B%B5%6E%B0%5D++++++++++++++&de=000001&ef=CYD&fg=1"
"278","財團法人肝臟醫學研究教育基金會                                      ","http://cdcb.judicial.gov.tw/abbs/wkw/WHD6K05.jsp?ab=AAAdkxAAHAAAMYXAAB&bc=090&cd=%AA%6B%B5%6E%B0%5D++++++++++++++&de=000004&ef=CYD&fg=1"
"280","財團法人聯瑞醫學教育基金會                                          ","http://cdcb.judicial.gov.tw/abbs/wkw/WHD6K05.jsp?ab=AAAdkxAAHAAAMYSAAC&bc=090&cd=%AA%6B%B5%6E%B0%5D++++++++++++++&de=000006&ef=CYD&fg=1"
"211","財團法人嘉義縣立忠和國民中學文教基金會                              ","http://cdcb.judicial.gov.tw/abbs/wkw/WHD6K05.jsp?ab=AAAdkxAAHAAAMY5AAA&bc=090&cd=%AA%6B%B5%6E%A5%4C++++++++++++++&de=000047&ef=CYD&fg=1"
"121","社團法人嘉義市退伍軍人協會                                          ","http://cdcb.judicial.gov.tw/abbs/wkw/WHD6K05.jsp?ab=AAAdkxAAHAAAMYfAAB&bc=090&cd=%AA%6B%B5%6E%A5%4C++++++++++++++&de=000007&ef=CYD&fg=1"
"216","社團法人嘉義市國立嘉義高級工業職業學校教師會                        ","http://cdcb.judicial.gov.tw/abbs/wkw/WHD6K05.jsp?ab=AAAdkxAAHAAAMYbAAE&bc=090&cd=%AA%6B%B5%6E%A5%4C++++++++++++++&de=000009&ef=CYD&fg=1"
"148","財團法人如魚太極文教基金會                                          ","http://cdcb.judicial.gov.tw/abbs/wkw/WHD6K05.jsp?ab=AAAdkxAAHAAAMYhAAC&bc=090&cd=%AA%6B%B5%6E%A5%4C++++++++++++++&de=000013&ef=CYD&fg=1"
"262","財團法人 人本教育文教基金會                                         ","http://cdcb.judicial.gov.tw/abbs/wkw/WHD6K05.jsp?ab=AAAdkxAAHAAAMYOAAE&bc=089&cd=%AA%6B%B5%6E%B0%5D++++++++++++++&de=000003&ef=CYD&fg=1"
"269","財團法人創世社會福利基金會                                          ","http://cdcb.judicial.gov.tw/abbs/wkw/WHD6K05.jsp?ab=AAAdkxAAHAAAMYdAAD&bc=089&cd=%AA%6B%B5%6E%B0%5D++++++++++++++&de=000007&ef=CYD&fg=1"
"272","財團法人鹿仔草文化藝術基金會                                        ","http://cdcb.judicial.gov.tw/abbs/wkw/WHD6K05.jsp?ab=AAAdkxAAHAAAMYdAAE&bc=089&cd=%AA%6B%B5%6E%B0%5D++++++++++++++&de=000008&ef=CYD&fg=1"
"270","社團法人嘉義縣義消協會                                              ","http://cdcb.judicial.gov.tw/abbs/wkw/WHD6K05.jsp?ab=AAAdkxAAHAAAMZ4AAA&bc=089&cd=%AA%6B%B5%6E%AA%C0++++++++++++++&de=000005&ef=CYD&fg=1"
"271","社團法人嘉義縣梅山鄉碧湖社區發展協會                                ","http://cdcb.judicial.gov.tw/abbs/wkw/WHD6K05.jsp?ab=AAAdkxAAHAAAMZ4AAB&bc=089&cd=%AA%6B%B5%6E%AA%C0++++++++++++++&de=000006&ef=CYD&fg=1"
"95","財團法人台灣省嘉義縣朴子教會聚會所                                  ","http://cdcb.judicial.gov.tw/abbs/wkw/WHD6K05.jsp?ab=AAAdkxAAHAAAMaAAAG&bc=089&cd=%AA%6B%B5%6E%A5%4C++++++++++++++&de=000053&ef=CYD&fg=1"
"184","財團法人嘉義縣私立長齡老人養護中心                                  ","http://cdcb.judicial.gov.tw/abbs/wkw/WHD6K05.jsp?ab=AAAdkxAAHAAAMZ6AAB&bc=089&cd=%AA%6B%B5%6E%A5%4C++++++++++++++&de=000060&ef=CYD&fg=1"
"140","社團法人嘉義市基督教青年會                                          ","http://cdcb.judicial.gov.tw/abbs/wkw/WHD6K05.jsp?ab=AAAdkxAAHAAAMZIAAA&bc=089&cd=%AA%6B%B5%6E%A5%4C++++++++++++++&de=000050&ef=CYD&fg=1"
"142","財團法人銘光文教基金會                                              ","http://cdcb.judicial.gov.tw/abbs/wkw/WHD6K05.jsp?ab=AAAdkxAAHAAAL3PAAA&bc=089&cd=%AA%6B%B5%6E%A5%4C++++++++++++++&de=000004&ef=CYD&fg=1"
"253","財團法人嘉義發展文教基金會                                          ","http://cdcb.judicial.gov.tw/abbs/wkw/WHD6K05.jsp?ab=AAAdkxAAHAAAMYwAAB&bc=088&cd=%AA%6B%B5%6E%B0%5D++++++++++++++&de=000015&ef=CYD&fg=1"
"257","財團法人法鼓山佛教基金會                                            ","http://cdcb.judicial.gov.tw/abbs/wkw/WHD6K05.jsp?ab=AAAdkxAAHAAAMY8AAD&bc=088&cd=%AA%6B%B5%6E%B0%5D++++++++++++++&de=000018&ef=CYD&fg=1"
"249","社團法人嘉義市癌症關懷協會                                          ","http://cdcb.judicial.gov.tw/abbs/wkw/WHD6K05.jsp?ab=AAAdkxAAHAAAMY7AAD&bc=088&cd=%AA%6B%B5%6E%AA%C0++++++++++++++&de=000010&ef=CYD&fg=1"
"251","社團法人嘉義縣慈母善德會                                            ","http://cdcb.judicial.gov.tw/abbs/wkw/WHD6K05.jsp?ab=AAAdkxAAHAAAMY7AAE&bc=088&cd=%AA%6B%B5%6E%AA%C0++++++++++++++&de=000012&ef=CYD&fg=1"
"239","財團法人朴子國小文教基金會                                          ","http://cdcb.judicial.gov.tw/abbs/wkw/WHD6K05.jsp?ab=AAAdkxAAHAAAMYTAAC&bc=088&cd=%AA%6B%B5%6E%B0%5D++++++++++++++&de=000003&ef=CYD&fg=1"
"243","社團法人嘉義市慈仁慈善會                                            ","http://cdcb.judicial.gov.tw/abbs/wkw/WHD6K05.jsp?ab=AAAdkxAAHAAAMZGAAA&bc=088&cd=%AA%6B%B5%6E%AA%C0++++++++++++++&de=000004&ef=CYD&fg=1"
"247","社團法人嘉義市家庭照顧者關懷協會                                    ","http://cdcb.judicial.gov.tw/abbs/wkw/WHD6K05.jsp?ab=AAAdkxAAHAAAMY7AAC&bc=088&cd=%AA%6B%B5%6E%AA%C0++++++++++++++&de=000007&ef=CYD&fg=1"
"176","財團法人金龍文教基金會                                              ","http://cdcb.judicial.gov.tw/abbs/wkw/WHD6K05.jsp?ab=AAAdkxAAHAAAL3zAAB&bc=088&cd=%AA%6B%B5%6E%A5%4C++++++++++++++&de=000022&ef=CYD&fg=1"
"223","社團法人嘉義縣中央軍事院校校友會                                    ","http://cdcb.judicial.gov.tw/abbs/wkw/WHD6K05.jsp?ab=AAAdkxAAHAAAL3WAAE&bc=087&cd=%AA%6B%B5%6E%AA%C0++++++++++++++&de=000006&ef=CYD&fg=1"
"178","社團法人嘉義市二二八關懷協會                                        ","http://cdcb.judicial.gov.tw/abbs/wkw/WHD6K05.jsp?ab=AAAdkxAAHAAAL3pAAD&bc=085&cd=%AA%6B%B5%6E%AA%C0++++++++++++++&de=000001&ef=CYD&fg=1"
"183","社團法人嘉義縣布袋鎮振寮社區發展協會                                ","http://cdcb.judicial.gov.tw/abbs/wkw/WHD6K05.jsp?ab=AAAdkxAAHAAAL3zAAC&bc=085&cd=%AA%6B%B5%6E%AA%C0++++++++++++++&de=000005&ef=CYD&fg=1"
"188","社團法人嘉義市博愛善心會                                            ","http://cdcb.judicial.gov.tw/abbs/wkw/WHD6K05.jsp?ab=AAAdkxAAHAAAL3zAAE&bc=085&cd=%AA%6B%B5%6E%AA%C0++++++++++++++&de=000007&ef=CYD&fg=1"
"174","財團法人嘉義仁友醫院公益文教基金會                                  ","http://cdcb.judicial.gov.tw/abbs/wkw/WHD6K05.jsp?ab=AAAdkxAAHAAAL2yAAB&bc=084&cd=%AA%6B%B5%6E%B0%5D++++++++++++++&de=000026&ef=CYD&fg=1"
"170","財團法人嘉義縣私立卍字社會福利慈善基金會                            ","http://cdcb.judicial.gov.tw/abbs/wkw/WHD6K05.jsp?ab=AAAdkxAAHAAAL39AAD&bc=084&cd=%AA%6B%B5%6E%B0%5D++++++++++++++&de=000020&ef=CYD&fg=1"
"164","社團法人臺灣省九華山五術研究會                                      ","http://cdcb.judicial.gov.tw/abbs/wkw/WHD6K05.jsp?ab=AAAdkxAAHAAAL3uAAB&bc=084&cd=%AA%6B%B5%6E%AA%C0++++++++++++++&de=000001&ef=CYD&fg=1"
"160","社團法人中華民國維摩詰居士佛學會                                    ","http://cdcb.judicial.gov.tw/abbs/wkw/WHD6K05.jsp?ab=AAAdkxAAHAAAL2PAAC&bc=083&cd=%AA%6B%B5%6E++++++++++++++++&de=000028&ef=CYD&fg=1"
"159","財團法人溪口文教基金會                                              ","http://cdcb.judicial.gov.tw/abbs/wkw/WHD6K05.jsp?ab=AAAdkxAAHAAAL2%2BAAD&bc=083&cd=%AA%6B%B5%6E++++++++++++++++&de=000023&ef=CYD&fg=1"
"138","財團法人嘉義公益文教基金會                                          ","http://cdcb.judicial.gov.tw/abbs/wkw/WHD6K05.jsp?ab=AAAdkxAAHAAAL3yAAE&bc=082&cd=%AA%6B%B5%6E++++++++++++++++&de=000028&ef=CYD&fg=1"
"145","社團法人嘉義縣退休警察人員協會                                      ","http://cdcb.judicial.gov.tw/abbs/wkw/WHD6K05.jsp?ab=AAAdkxAAHAAAL2SAAE&bc=082&cd=%AA%6B%B5%6E++++++++++++++++&de=000015&ef=CYD&fg=1"
"120","財團法人中國青年服務事業文教基金會嘉義縣分事務所                    ","http://cdcb.judicial.gov.tw/abbs/wkw/WHD6K05.jsp?ab=AAAdkxAAHAAAL26AAD&bc=078&cd=%AA%6B%B5%6E++++++++++++++++&de=000007&ef=CYD&fg=1"
"125","社團法人嘉義市浙江同鄉會                                            ","http://cdcb.judicial.gov.tw/abbs/wkw/WHD6K05.jsp?ab=AAAdkxAAHAAAL3NAAA&bc=079&cd=%AA%6B%B5%6E++++++++++++++++&de=000011&ef=CYD&fg=1"
"127","社團法人嘉義市吳姓宗親會                                            ","http://cdcb.judicial.gov.tw/abbs/wkw/WHD6K05.jsp?ab=AAAdkxAAHAAAL22AAE&bc=079&cd=%AA%6B%B5%6E++++++++++++++++&de=000019&ef=CYD&fg=1"
"97","財團法人臺灣省嘉義縣東石鄉型厝村山寮由天宮                          ","http://cdcb.judicial.gov.tw/abbs/wkw/WHD6K05.jsp?ab=AAAdkxAAHAAAL29AAA&bc=076&cd=%AA%6B%B5%6E++++++++++++++++&de=000016&ef=CYD&fg=1"
"39","財團法人台灣省嘉義縣基督教中華福音道路德會                          ","http://cdcb.judicial.gov.tw/abbs/wkw/WHD6K05.jsp?ab=AAAdkxAAHAAAL2SAAB&bc=076&cd=%AA%6B%B5%6E++++++++++++++++&de=000020&ef=CYD&fg=1"
"115","社團法人嘉義市工業會                                                ","http://cdcb.judicial.gov.tw/abbs/wkw/WHD6K05.jsp?ab=AAAdkxAAHAAAL2OAAE&bc=076&cd=%AA%6B%B5%6E++++++++++++++++&de=000035&ef=CYD&fg=1"
"107","","http://cdcb.judicial.gov.tw/abbs/wkw/WHD6K05.jsp?ab=AAAdkxAAHAAAL2bAAA&bc=074&cd=%AA%6B%B5%6E++++++++++++++++&de=000007&ef=CYD&fg=1"
"110","財團法人台灣區皮蛋業發展基金會                                      ","http://cdcb.judicial.gov.tw/abbs/wkw/WHD6K05.jsp?ab=AAAdkxAAHAAAL2WAAA&bc=075&cd=%AA%6B%B5%6E++++++++++++++++&de=000036&ef=CYD&fg=1"
"103","財團法人台灣省嘉義縣水上基督教浸信會                                ","http://cdcb.judicial.gov.tw/abbs/wkw/WHD6K05.jsp?ab=AAAdkxAAHAAAL3wAAE&bc=069&cd=%AA%6B%A4%48%B5%6E++++++++++++++&de=000007&ef=CYD&fg=1"
"88","財團法人台灣省嘉義縣義竹鄉普照寺                                    ","http://cdcb.judicial.gov.tw/abbs/wkw/WHD6K05.jsp?ab=AAAdkxAAHAAAL2fAAC&bc=070&cd=%AA%6B%A4%48%B5%6E++++++++++++++&de=000015&ef=CYD&fg=1"
"21","財團法人嘉義縣柯蔡宗親會                                            ","http://cdcb.judicial.gov.tw/abbs/wkw/WHD6K05.jsp?ab=AAAdkxAAHAAAL2fAAE&bc=071&cd=%AA%6B%A4%48%B5%6E++++++++++++++&de=000008&ef=CYD&fg=1"
"92","財團法人台灣省嘉義縣嘉義市鵬思宮                                    ","http://cdcb.judicial.gov.tw/abbs/wkw/WHD6K05.jsp?ab=AAAdkxAAHAAAL3GAAB&bc=065&cd=%AA%6B%A4%48%B5%6E++++++++++++++&de=000031&ef=CYD&fg=1"
"99","財團法人台灣省嘉義縣嘉義市富安宮                                    ","http://cdcb.judicial.gov.tw/abbs/wkw/WHD6K05.jsp?ab=AAAdkxAAHAAAL30AAB&bc=068&cd=%AA%6B%A4%48%B5%6E++++++++++++++&de=000010&ef=CYD&fg=1"
"86","財團法人台灣省嘉義縣嘉市伏龍宮                                      ","http://cdcb.judicial.gov.tw/abbs/wkw/WHD6K05.jsp?ab=AAAdkxAAHAAAL31AAD&bc=065&cd=%AA%6B%A4%48%B5%6E++++++++++++++&de=000008&ef=CYD&fg=1"
"77","財團法人臺灣省嘉義縣私立神州補習學校                                ","http://cdcb.judicial.gov.tw/abbs/wkw/WHD6K05.jsp?ab=AAAdkxAAHAAAL2xAAA&bc=064&cd=%AA%6B%A4%48%B5%6E++++++++++++++&de=000007&ef=CYD&fg=1"
"53","","http://cdcb.judicial.gov.tw/abbs/wkw/WHD6K05.jsp?ab=AAAdkxAAHAAAL2eAAC&bc=059&cd=%B5%6E%AA%6B%A4%48++++++++++++++&de=000004&ef=CYD&fg=1"
"37","財團法人嘉義縣張廖簡姓宗親會                                        ","http://cdcb.judicial.gov.tw/abbs/wkw/WHD6K05.jsp?ab=AAAdkxAAHAAAL4FAAC&bc=054&cd=%AA%6B++++++++++++++++++&de=000014&ef=CYD&fg=1"
"42","社團法人嘉民食品工業股份有限公司                                    ","http://cdcb.judicial.gov.tw/abbs/wkw/WHD6K05.jsp?ab=AAAdkxAAHAAAL3sAAC&bc=055&cd=%AA%6B++++++++++++++++++&de=000005&ef=CYD&fg=1"
"24","財團法人嘉義市北社尾純忠公祭祀會                                    ","http://cdcb.judicial.gov.tw/abbs/wkw/WHD6K05.jsp?ab=AAAdkxAAHAAAL2WAAE&bc=051&cd=%AA%6B++++++++++++++++++&de=000024&ef=CYD&fg=1"
"28","財團法人世界紅卍字會台灣自嘉義縣分會                                ","http://cdcb.judicial.gov.tw/abbs/wkw/WHD6K05.jsp?ab=AAAdkxAAHAAAL2XAAB&bc=052&cd=%AA%6B++++++++++++++++++&de=000007&ef=CYD&fg=1"
"29","財團法人嘉義市北社尾振淨公祭祀會                                    ","http://cdcb.judicial.gov.tw/abbs/wkw/WHD6K05.jsp?ab=AAAdkxAAHAAAL21AAB&bc=052&cd=%AA%6B++++++++++++++++++&de=000008&ef=CYD&fg=1"
"30","社團法人東陽造紙廠股份有限公司                                      ","http://cdcb.judicial.gov.tw/abbs/wkw/WHD6K05.jsp?ab=AAAdkxAAHAAAL2xAAC&bc=052&cd=%AA%6B++++++++++++++++++&de=000012&ef=CYD&fg=1"
"2","財團法人嘉義教會聚會所                                      ","http://cdcb.judicial.gov.tw/abbs/wkw/WHD6K05.jsp?ab=AAAdkxAAHAAAL3BAAA&bc=043&cd=%AA%6B++++++++++++++++++&de=000004&ef=CYD&fg=1"
"10","財團法人台灣糖業公司蒜頭糖廠職工福利委員會                          ","http://cdcb.judicial.gov.tw/abbs/wkw/WHD6K05.jsp?ab=AAAdkxAAHAAAL3BAAB&bc=047&cd=%AA%6B++++++++++++++++++&de=000003&ef=CYD&fg=1"
"11","財團法人台灣糖業股份有限公司南靖糖廠職工福利委員會                  ","http://cdcb.judicial.gov.tw/abbs/wkw/WHD6K05.jsp?ab=AAAdkxAAHAAAL2RAAC&bc=047&cd=%AA%6B++++++++++++++++++&de=000004&ef=CYD&fg=1"
"9","財團法人台灣糖業公司大林糖廠職工福利委員會                          ","http://cdcb.judicial.gov.tw/abbs/wkw/WHD6K05.jsp?ab=AAAdkxAAHAAAL2RAAD&bc=048&cd=%AA%6B++++++++++++++++++&de=000010&ef=CYD&fg=1"
