"21","財團法人台灣省花蓮縣花蓮市慈善寺","http://cdcb.judicial.gov.tw/abbs/wkw/WHD6K05.jsp?ab=AAAdkxAAHAAAGuaAAF&bc=103&cd=%AA%6B%B5%6E%A5%4C++++++++++++++&de=000056&ef=HLD&fg=1"
"383","花蓮縣吉安扶輪社","http://cdcb.judicial.gov.tw/abbs/wkw/WHD6K05.jsp?ab=AAAdkxAAHAAAGpzAAH&bc=103&cd=%AA%6B%B5%6E%AA%C0++++++++++++++&de=000001&ef=HLD&fg=1"
"384","社團法人花蓮縣人力資源訓練發展協會","http://cdcb.judicial.gov.tw/abbs/wkw/WHD6K05.jsp?ab=AAAdkxAAHAAAGqHAAE&bc=103&cd=%AA%6B%B5%6E%AA%C0++++++++++++++&de=000002&ef=HLD&fg=1"
"385","中華美學暨整體造型發展促進會","http://cdcb.judicial.gov.tw/abbs/wkw/WHD6K05.jsp?ab=AAAdkxAAHAAAGrAAAF&bc=103&cd=%AA%6B%B5%6E%AA%C0++++++++++++++&de=000004&ef=HLD&fg=1"
"386","花蓮縣齊天大聖文化傳承協進會","http://cdcb.judicial.gov.tw/abbs/wkw/WHD6K05.jsp?ab=AAAdkxAAHAAAGrhAAA&bc=103&cd=%AA%6B%B5%6E%AA%C0++++++++++++++&de=000005&ef=HLD&fg=1"
"387","花蓮縣吉安鄉永興伯公協會","http://cdcb.judicial.gov.tw/abbs/wkw/WHD6K05.jsp?ab=AAAdkxAAHAAAGryAAH&bc=103&cd=%AA%6B%B5%6E%AA%C0++++++++++++++&de=000006&ef=HLD&fg=1"
"388","花蓮縣天心慈善關懷協會","http://cdcb.judicial.gov.tw/abbs/wkw/WHD6K05.jsp?ab=AAAdkxAAHAAAGtKAAG&bc=103&cd=%AA%6B%B5%6E%AA%C0++++++++++++++&de=000007&ef=HLD&fg=1"
"389","花蓮縣志願服務協會","http://cdcb.judicial.gov.tw/abbs/wkw/WHD6K05.jsp?ab=AAAdkxAAHAAAGsxAAJ&bc=103&cd=%AA%6B%B5%6E%AA%C0++++++++++++++&de=000008&ef=HLD&fg=1"
"390","社團法人花蓮縣吉安鄉永安福德協會","http://cdcb.judicial.gov.tw/abbs/wkw/WHD6K05.jsp?ab=AAAdkxAAHAAAGtzAAH&bc=103&cd=%AA%6B%B5%6E%AA%C0++++++++++++++&de=000009&ef=HLD&fg=1"
"391","社團法人花蓮縣得力青少年與兒童家庭關懷協會","http://cdcb.judicial.gov.tw/abbs/wkw/WHD6K05.jsp?ab=AAAdkxAAHAAAGtrAAH&bc=103&cd=%AA%6B%B5%6E%AA%C0++++++++++++++&de=000010&ef=HLD&fg=1"
"1","財團法人花蓮市教會聚會所","http://cdcb.judicial.gov.tw/abbs/wkw/WHD6K05.jsp?ab=AAAdkxAAHAAAGs%2BAAI&bc=103&cd=%AA%6B%B5%6E%A5%4C++++++++++++++&de=000046&ef=HLD&fg=1"
"214","財團法人花蓮縣玉里鎮源城國民小學教育基金會","http://cdcb.judicial.gov.tw/abbs/wkw/WHD6K05.jsp?ab=AAAdkxAAHAAAGvIAAB&bc=103&cd=%AA%6B%B5%6E%A5%4C++++++++++++++&de=000047&ef=HLD&fg=1"
"287","中華老子學會","http://cdcb.judicial.gov.tw/abbs/wkw/WHD6K05.jsp?ab=AAAdkxAAHAAAGtyAAD&bc=103&cd=%AA%6B%B5%6E%A5%4C++++++++++++++&de=000048&ef=HLD&fg=1"
"151","財團法人東大寺禪茶道文化基金會","http://cdcb.judicial.gov.tw/abbs/wkw/WHD6K05.jsp?ab=AAAdkxAAHAAAGtpAAE&bc=103&cd=%AA%6B%B5%6E%A5%4C++++++++++++++&de=000049&ef=HLD&fg=1"
"153","財團法人黑潮海洋文教基金會","http://cdcb.judicial.gov.tw/abbs/wkw/WHD6K05.jsp?ab=AAAdkxAAHAAAGtzAAG&bc=103&cd=%AA%6B%B5%6E%A5%4C++++++++++++++&de=000050&ef=HLD&fg=1"
"276","社團法人花蓮縣牛犁社區交流協會","http://cdcb.judicial.gov.tw/abbs/wkw/WHD6K05.jsp?ab=AAAdkxAAHAAAGuJAAJ&bc=103&cd=%AA%6B%B5%6E%A5%4C++++++++++++++&de=000051&ef=HLD&fg=1"
"199","財團法人台灣聖教會總會原住民教會","http://cdcb.judicial.gov.tw/abbs/wkw/WHD6K05.jsp?ab=AAAdkxAAHAAAGu4AAD&bc=103&cd=%AA%6B%B5%6E%A5%4C++++++++++++++&de=000052&ef=HLD&fg=1"
"138","財團法人花蓮縣教育基金會","http://cdcb.judicial.gov.tw/abbs/wkw/WHD6K05.jsp?ab=AAAdkxAAHAAAGueAAE&bc=103&cd=%AA%6B%B5%6E%A5%4C++++++++++++++&de=000053&ef=HLD&fg=1"
"148","中華民國發展遲緩兒童早期療育協會","http://cdcb.judicial.gov.tw/abbs/wkw/WHD6K05.jsp?ab=AAAdkxAAHAAAGttAAL&bc=103&cd=%AA%6B%B5%6E%A5%4C++++++++++++++&de=000054&ef=HLD&fg=1"
"19","財團法人大漢技術學院","http://cdcb.judicial.gov.tw/abbs/wkw/WHD6K05.jsp?ab=AAAdkxAAHAAAGuJAAK&bc=103&cd=%AA%6B%B5%6E%A5%4C++++++++++++++&de=000055&ef=HLD&fg=1"
"15","上騰學校財團法人花蓮縣上騰高級工商職業學校","http://cdcb.judicial.gov.tw/abbs/wkw/WHD6K05.jsp?ab=AAAdkxAAHAAAGuIAAB&bc=103&cd=%AA%6B%B5%6E%A5%4C++++++++++++++&de=000036&ef=HLD&fg=1"
"3","財團法人慈惠石壁部堂","http://cdcb.judicial.gov.tw/abbs/wkw/WHD6K05.jsp?ab=AAAdkxAAHAAAGuIAAC&bc=103&cd=%AA%6B%B5%6E%A5%4C++++++++++++++&de=000037&ef=HLD&fg=1"
"65","財團法人花蓮基督的教會","http://cdcb.judicial.gov.tw/abbs/wkw/WHD6K05.jsp?ab=AAAdkxAAHAAAGtDAAB&bc=103&cd=%AA%6B%B5%6E%A5%4C++++++++++++++&de=000038&ef=HLD&fg=1"
"158","財團法人花蓮縣私立博愛居安盧老人長期照顧中心（養護型）中心","http://cdcb.judicial.gov.tw/abbs/wkw/WHD6K05.jsp?ab=AAAdkxAAHAAAGvIAAC&bc=103&cd=%AA%6B%B5%6E%A5%4C++++++++++++++&de=000039&ef=HLD&fg=1"
"240","社團法人花蓮縣臨床心理師公會","http://cdcb.judicial.gov.tw/abbs/wkw/WHD6K05.jsp?ab=AAAdkxAAHAAAGtPAAE&bc=103&cd=%AA%6B%B5%6E%A5%4C++++++++++++++&de=000040&ef=HLD&fg=1"
"188","財團法人台灣基督長老教會花蓮清水教會","http://cdcb.judicial.gov.tw/abbs/wkw/WHD6K05.jsp?ab=AAAdkxAAHAAAGtBAAA&bc=103&cd=%AA%6B%B5%6E%A5%4C++++++++++++++&de=000041&ef=HLD&fg=1"
"10","四維學校財團法人","http://cdcb.judicial.gov.tw/abbs/wkw/WHD6K05.jsp?ab=AAAdkxAAHAAAGuIAAA&bc=103&cd=%AA%6B%B5%6E%A5%4C++++++++++++++&de=000042&ef=HLD&fg=1"
"155","財團法人花蓮縣私立吉豐老人養護所","http://cdcb.judicial.gov.tw/abbs/wkw/WHD6K05.jsp?ab=AAAdkxAAHAAAGt6AAH&bc=103&cd=%AA%6B%B5%6E%A5%4C++++++++++++++&de=000043&ef=HLD&fg=1"
"318","社團法人花蓮縣陪你走社會關懷協會","http://cdcb.judicial.gov.tw/abbs/wkw/WHD6K05.jsp?ab=AAAdkxAAHAAAGtPAAF&bc=103&cd=%AA%6B%B5%6E%A5%4C++++++++++++++&de=000044&ef=HLD&fg=1"
"116","財團法人國立花蓮女子高級中學教育基金會","http://cdcb.judicial.gov.tw/abbs/wkw/WHD6K05.jsp?ab=AAAdkxAAHAAAGs%2BAAF&bc=103&cd=%AA%6B%B5%6E%A5%4C++++++++++++++&de=000045&ef=HLD&fg=1"
"18","財團法人台灣省花蓮縣私立海星高級中學","http://cdcb.judicial.gov.tw/abbs/wkw/WHD6K05.jsp?ab=AAAdkxAAHAAAGqHAAF&bc=103&cd=%AA%6B%B5%6E%A5%4C++++++++++++++&de=000018&ef=HLD&fg=1"
"160","財團法人花蓮縣鳳林鎮鳳仁國民小學教育基金會","http://cdcb.judicial.gov.tw/abbs/wkw/WHD6K05.jsp?ab=AAAdkxAAHAAAGoaAAC&bc=103&cd=%AA%6B%B5%6E%A5%4C++++++++++++++&de=000020&ef=HLD&fg=1"
"317","社團法人花蓮縣婦女公共事務發展協會","http://cdcb.judicial.gov.tw/abbs/wkw/WHD6K05.jsp?ab=AAAdkxAAHAAAGrnAAD&bc=103&cd=%AA%6B%B5%6E%A5%4C++++++++++++++&de=000021&ef=HLD&fg=1"
"212","財團法人花蓮縣康樂國小教育基金會","http://cdcb.judicial.gov.tw/abbs/wkw/WHD6K05.jsp?ab=AAAdkxAAHAAAGrDAAE&bc=103&cd=%AA%6B%B5%6E%A5%4C++++++++++++++&de=000022&ef=HLD&fg=1"
"24","財團法人中華民國佛教慈濟慈善事業基金會","http://cdcb.judicial.gov.tw/abbs/wkw/WHD6K05.jsp?ab=AAAdkxAAHAAAGssAAB&bc=103&cd=%AA%6B%B5%6E%A5%4C++++++++++++++&de=000027&ef=HLD&fg=1"
"337","社團法人花蓮縣八蚌智慧林佛學會","http://cdcb.judicial.gov.tw/abbs/wkw/WHD6K05.jsp?ab=AAAdkxAAHAAAGoTAAJ&bc=103&cd=%AA%6B%B5%6E%A5%4C++++++++++++++&de=000028&ef=HLD&fg=1"
"213","財團法人宗亞教育基金會","http://cdcb.judicial.gov.tw/abbs/wkw/WHD6K05.jsp?ab=AAAdkxAAHAAAGtAAAE&bc=103&cd=%AA%6B%B5%6E%A5%4C++++++++++++++&de=000031&ef=HLD&fg=1"
"69","財團法人臺灣基督教主愛之家輔導中心","http://cdcb.judicial.gov.tw/abbs/wkw/WHD6K05.jsp?ab=AAAdkxAAHAAAGssAAA&bc=103&cd=%AA%6B%B5%6E%A5%4C++++++++++++++&de=000032&ef=HLD&fg=1"
"332","花蓮縣自閉症協會","http://cdcb.judicial.gov.tw/abbs/wkw/WHD6K05.jsp?ab=AAAdkxAAHAAAGssAAJ&bc=103&cd=%AA%6B%B5%6E%A5%4C++++++++++++++&de=000033&ef=HLD&fg=1"
"92","慈濟學校財團法人","http://cdcb.judicial.gov.tw/abbs/wkw/WHD6K05.jsp?ab=AAAdkxAAHAAAGr8AAF&bc=103&cd=%AA%6B%B5%6E%A5%4C++++++++++++++&de=000007&ef=HLD&fg=1"
"269","財團法人佛教慈濟功德會","http://cdcb.judicial.gov.tw/abbs/wkw/WHD6K05.jsp?ab=AAAdkxAAHAAAGpzAAI&bc=103&cd=%AA%6B%B5%6E%A5%4C++++++++++++++&de=000009&ef=HLD&fg=1"
"253","社團法人花蓮縣花蓮國際青年商會","http://cdcb.judicial.gov.tw/abbs/wkw/WHD6K05.jsp?ab=AAAdkxAAHAAAGq5AAD&bc=103&cd=%AA%6B%B5%6E%A5%4C++++++++++++++&de=000010&ef=HLD&fg=1"
"208","社團法人花蓮縣彌勒大道弘慈會","http://cdcb.judicial.gov.tw/abbs/wkw/WHD6K05.jsp?ab=AAAdkxAAHAAAGrmAAE&bc=103&cd=%AA%6B%B5%6E%A5%4C++++++++++++++&de=000011&ef=HLD&fg=1"
"216","財團法人伊甸社會福利基金會","http://cdcb.judicial.gov.tw/abbs/wkw/WHD6K05.jsp?ab=AAAdkxAAHAAAGqiAAE&bc=103&cd=%AA%6B%B5%6E%A5%4C++++++++++++++&de=000012&ef=HLD&fg=1"
"177","財團法人花蓮縣明恥國小教育基金會","http://cdcb.judicial.gov.tw/abbs/wkw/WHD6K05.jsp?ab=AAAdkxAAHAAAGqwAAH&bc=103&cd=%AA%6B%B5%6E%A5%4C++++++++++++++&de=000013&ef=HLD&fg=1"
"248","社團法人花蓮縣老人暨家庭關懷協會","http://cdcb.judicial.gov.tw/abbs/wkw/WHD6K05.jsp?ab=AAAdkxAAHAAAGrmAAD&bc=103&cd=%AA%6B%B5%6E%A5%4C++++++++++++++&de=000014&ef=HLD&fg=1"
"14","財團法人台灣省花蓮縣私立國光高級商工職業學校","http://cdcb.judicial.gov.tw/abbs/wkw/WHD6K05.jsp?ab=AAAdkxAAHAAAGqHAAG&bc=103&cd=%AA%6B%B5%6E%A5%4C++++++++++++++&de=000016&ef=HLD&fg=1"
"322","社團法人花蓮縣原住民族公共事務促進會","http://cdcb.judicial.gov.tw/abbs/wkw/WHD6K05.jsp?ab=AAAdkxAAHAAAGqyAAI&bc=103&cd=%AA%6B%B5%6E%A5%4C++++++++++++++&de=000017&ef=HLD&fg=1"
"368","財團法人台灣基督長老教會阿美中會","http://cdcb.judicial.gov.tw/abbs/wkw/WHD6K05.jsp?ab=AAAdkxAAHAAAGi%2FAAE&bc=102&cd=%AA%6B%B5%6E%B0%5D++++++++++++++&de=000001&ef=HLD&fg=1"
"374","財團法人台灣基督長老教會布農中會","http://cdcb.judicial.gov.tw/abbs/wkw/WHD6K05.jsp?ab=AAAdkxAAHAAAGkRAAD&bc=102&cd=%AA%6B%B5%6E%B0%5D++++++++++++++&de=000002&ef=HLD&fg=1"
"381","財團法人花蓮縣播種者文化藝術基金會","http://cdcb.judicial.gov.tw/abbs/wkw/WHD6K05.jsp?ab=AAAdkxAAHAAAGpuAAD&bc=102&cd=%AA%6B%B5%6E%B0%5D++++++++++++++&de=000003&ef=HLD&fg=1"
"380","財團法人佛祖菩薩眾神社會福利基金會","http://cdcb.judicial.gov.tw/abbs/wkw/WHD6K05.jsp?ab=AAAdkxAAHAAAGpkAAB&bc=102&cd=%AA%6B%B5%6E%B0%5D++++++++++++++&de=000004&ef=HLD&fg=1"
"25","財團法人花蓮高爾夫俱樂部","http://cdcb.judicial.gov.tw/abbs/wkw/WHD6K05.jsp?ab=AAAdkxAAHAAAGr4AAI&bc=103&cd=%AA%6B%B5%6E%A5%4C++++++++++++++&de=000001&ef=HLD&fg=1"
"200","財團法人花蓮縣東里國民小學教育基金會","http://cdcb.judicial.gov.tw/abbs/wkw/WHD6K05.jsp?ab=AAAdkxAAHAAAGpgAAE&bc=103&cd=%AA%6B%B5%6E%A5%4C++++++++++++++&de=000002&ef=HLD&fg=1"
"325","財團法人花蓮縣王燕美文化藝術基金會","http://cdcb.judicial.gov.tw/abbs/wkw/WHD6K05.jsp?ab=AAAdkxAAHAAAGpgAAF&bc=103&cd=%AA%6B%B5%6E%A5%4C++++++++++++++&de=000003&ef=HLD&fg=1"
"259","社團法人花蓮縣啄木鳥全人發展協會","http://cdcb.judicial.gov.tw/abbs/wkw/WHD6K05.jsp?ab=AAAdkxAAHAAAGr%2FAAL&bc=103&cd=%AA%6B%B5%6E%A5%4C++++++++++++++&de=000004&ef=HLD&fg=1"
"321","財團法人耶穌基督恩典教會","http://cdcb.judicial.gov.tw/abbs/wkw/WHD6K05.jsp?ab=AAAdkxAAHAAAGpCAAJ&bc=103&cd=%AA%6B%B5%6E%A5%4C++++++++++++++&de=000005&ef=HLD&fg=1"
"49","佛教慈濟醫療財團法人","http://cdcb.judicial.gov.tw/abbs/wkw/WHD6K05.jsp?ab=AAAdkxAAHAAAGqUAAI&bc=103&cd=%AA%6B%B5%6E%A5%4C++++++++++++++&de=000006&ef=HLD&fg=1"
"369","社團法人花蓮縣全方位產業發展技能促進協會","http://cdcb.judicial.gov.tw/abbs/wkw/WHD6K05.jsp?ab=AAAdkxAAHAAAGhqAAG&bc=102&cd=%AA%6B%B5%6E%AA%C0++++++++++++++&de=000001&ef=HLD&fg=1"
"370","台灣古美術文物研究交流協會","http://cdcb.judicial.gov.tw/abbs/wkw/WHD6K05.jsp?ab=AAAdkxAAHAAAGguAAL&bc=102&cd=%AA%6B%B5%6E%AA%C0++++++++++++++&de=000002&ef=HLD&fg=1"
"371","社團法人花蓮縣教保人員協會","http://cdcb.judicial.gov.tw/abbs/wkw/WHD6K05.jsp?ab=AAAdkxAAHAAAGlIAAD&bc=102&cd=%AA%6B%B5%6E%AA%C0++++++++++++++&de=000003&ef=HLD&fg=1"
"372","社團法人花蓮縣身障弱勢及原住民關懷服務協會","http://cdcb.judicial.gov.tw/abbs/wkw/WHD6K05.jsp?ab=AAAdkxAAHAAAGlBAAD&bc=102&cd=%AA%6B%B5%6E%AA%C0++++++++++++++&de=000004&ef=HLD&fg=1"
"373","花蓮縣原住民職業技能發展協會","http://cdcb.judicial.gov.tw/abbs/wkw/WHD6K05.jsp?ab=AAAdkxAAHAAAGlIAAF&bc=102&cd=%AA%6B%B5%6E%AA%C0++++++++++++++&de=000005&ef=HLD&fg=1"
"375","中華民國新生活教育推廣協會","http://cdcb.judicial.gov.tw/abbs/wkw/WHD6K05.jsp?ab=AAAdkxAAHAAAGm4AAJ&bc=102&cd=%AA%6B%B5%6E%AA%C0++++++++++++++&de=000006&ef=HLD&fg=1"
"376","花蓮縣谷若思全人關懷協會","http://cdcb.judicial.gov.tw/abbs/wkw/WHD6K05.jsp?ab=AAAdkxAAHAAAGmfAAI&bc=102&cd=%AA%6B%B5%6E%AA%C0++++++++++++++&de=000007&ef=HLD&fg=1"
"377","台灣基督教聖樂教會協會","http://cdcb.judicial.gov.tw/abbs/wkw/WHD6K05.jsp?ab=AAAdkxAAHAAAGk6AAD&bc=102&cd=%AA%6B%B5%6E%AA%C0++++++++++++++&de=000008&ef=HLD&fg=1"
"378","花蓮縣梧繞部落文化產業發展協會","http://cdcb.judicial.gov.tw/abbs/wkw/WHD6K05.jsp?ab=AAAdkxAAHAAAGlSAAK&bc=102&cd=%AA%6B%B5%6E%AA%C0++++++++++++++&de=000009&ef=HLD&fg=1"
"382","中華飛揚關懷協會","http://cdcb.judicial.gov.tw/abbs/wkw/WHD6K05.jsp?ab=AAAdkxAAHAAAGpFAAJ&bc=102&cd=%AA%6B%B5%6E%AA%C0++++++++++++++&de=000011&ef=HLD&fg=1"
"364","財團法人花蓮縣生活與創意文化藝術基金會","http://cdcb.judicial.gov.tw/abbs/wkw/WHD6K05.jsp?ab=AAAdkxAAHAAAGoJAAB&bc=102&cd=%AA%6B%B5%6E%A5%4C++++++++++++++&de=000077&ef=HLD&fg=1"
"137","財團法人門諾社會福利慈善事業基金會","http://cdcb.judicial.gov.tw/abbs/wkw/WHD6K05.jsp?ab=AAAdkxAAHAAAGqcAAH&bc=102&cd=%AA%6B%B5%6E%A5%4C++++++++++++++&de=000080&ef=HLD&fg=1"
"168","財團法人花蓮縣吉安鄉宜昌國民小學教育基金會","http://cdcb.judicial.gov.tw/abbs/wkw/WHD6K05.jsp?ab=AAAdkxAAHAAAGqeAAA&bc=102&cd=%AA%6B%B5%6E%A5%4C++++++++++++++&de=000081&ef=HLD&fg=1"
"70","財團法人臺灣觀光學院","http://cdcb.judicial.gov.tw/abbs/wkw/WHD6K05.jsp?ab=AAAdkxAAHAAAGqcAAF&bc=102&cd=%AA%6B%B5%6E%A5%4C++++++++++++++&de=000082&ef=HLD&fg=1"
"294","中華民國關愛生命慈善協會","http://cdcb.judicial.gov.tw/abbs/wkw/WHD6K05.jsp?ab=AAAdkxAAHAAAGpRAAL&bc=102&cd=%AA%6B%B5%6E%A5%4C++++++++++++++&de=000083&ef=HLD&fg=1"
"121","財團法人基督教花蓮美崙浸信會","http://cdcb.judicial.gov.tw/abbs/wkw/WHD6K05.jsp?ab=AAAdkxAAHAAAGqcAAG&bc=102&cd=%AA%6B%B5%6E%A5%4C++++++++++++++&de=000084&ef=HLD&fg=1"
"154","社團法人花蓮縣聽障協進會","http://cdcb.judicial.gov.tw/abbs/wkw/WHD6K05.jsp?ab=AAAdkxAAHAAAGsIAAB&bc=102&cd=%AA%6B%B5%6E%A5%4C++++++++++++++&de=000085&ef=HLD&fg=1"
"316","社團法人花蓮縣喜樂關懷協會","http://cdcb.judicial.gov.tw/abbs/wkw/WHD6K05.jsp?ab=AAAdkxAAHAAAGpdAAE&bc=102&cd=%AA%6B%B5%6E%A5%4C++++++++++++++&de=000065&ef=HLD&fg=1"
"220","財團法人臺灣基督教迦南會","http://cdcb.judicial.gov.tw/abbs/wkw/WHD6K05.jsp?ab=AAAdkxAAHAAAGo3AAG&bc=102&cd=%AA%6B%B5%6E%A5%4C++++++++++++++&de=000066&ef=HLD&fg=1"
"73","財團法人中華基督教玉里懷恩堂","http://cdcb.judicial.gov.tw/abbs/wkw/WHD6K05.jsp?ab=AAAdkxAAHAAAGpcAAI&bc=102&cd=%AA%6B%B5%6E%A5%4C++++++++++++++&de=000069&ef=HLD&fg=1"
"136","財團法人花蓮縣私立美崙啟能發展中心","http://cdcb.judicial.gov.tw/abbs/wkw/WHD6K05.jsp?ab=AAAdkxAAHAAAGprAAG&bc=102&cd=%AA%6B%B5%6E%A5%4C++++++++++++++&de=000071&ef=HLD&fg=1"
"170","財團法人花蓮縣社區大學教育基金會","http://cdcb.judicial.gov.tw/abbs/wkw/WHD6K05.jsp?ab=AAAdkxAAHAAAGrIAAC&bc=102&cd=%AA%6B%B5%6E%A5%4C++++++++++++++&de=000072&ef=HLD&fg=1"
"8","財團法人花蓮縣私立海星國民小學","http://cdcb.judicial.gov.tw/abbs/wkw/WHD6K05.jsp?ab=AAAdkxAAHAAAGqbAAJ&bc=102&cd=%AA%6B%B5%6E%A5%4C++++++++++++++&de=000073&ef=HLD&fg=1"
"185","財團法人東海岸文教基金會","http://cdcb.judicial.gov.tw/abbs/wkw/WHD6K05.jsp?ab=AAAdkxAAHAAAGqbAAI&bc=102&cd=%AA%6B%B5%6E%A5%4C++++++++++++++&de=000055&ef=HLD&fg=1"
"238","財團法人花蓮縣陳原紅先生社會福利慈善事業基金會","http://cdcb.judicial.gov.tw/abbs/wkw/WHD6K05.jsp?ab=AAAdkxAAHAAAGn0AAH&bc=102&cd=%AA%6B%B5%6E%A5%4C++++++++++++++&de=000059&ef=HLD&fg=1"
"348","花蓮縣健康美食協會","http://cdcb.judicial.gov.tw/abbs/wkw/WHD6K05.jsp?ab=AAAdkxAAHAAAGn0AAI&bc=102&cd=%AA%6B%B5%6E%A5%4C++++++++++++++&de=000060&ef=HLD&fg=1"
"284","財團法人花蓮縣德馨文化藝術基金會","http://cdcb.judicial.gov.tw/abbs/wkw/WHD6K05.jsp?ab=AAAdkxAAHAAAGpdAAF&bc=102&cd=%AA%6B%B5%6E%A5%4C++++++++++++++&de=000063&ef=HLD&fg=1"
"40","財團法人花蓮縣呂阿章先生獎學教育基金會","http://cdcb.judicial.gov.tw/abbs/wkw/WHD6K05.jsp?ab=AAAdkxAAHAAAGouAAB&bc=102&cd=%AA%6B%B5%6E%A5%4C++++++++++++++&de=000064&ef=HLD&fg=1"
"142","社團法人花蓮縣智障福利協進會","http://cdcb.judicial.gov.tw/abbs/wkw/WHD6K05.jsp?ab=AAAdkxAAHAAAGnpAAF&bc=102&cd=%AA%6B%B5%6E%A5%4C++++++++++++++&de=000045&ef=HLD&fg=1"
"283","財團法人花蓮縣學田國民小學教育基金會","http://cdcb.judicial.gov.tw/abbs/wkw/WHD6K05.jsp?ab=AAAdkxAAHAAAGlsAAD&bc=102&cd=%AA%6B%B5%6E%A5%4C++++++++++++++&de=000046&ef=HLD&fg=1"
"366","社團法人中華太乙金蓮丹鼎會","http://cdcb.judicial.gov.tw/abbs/wkw/WHD6K05.jsp?ab=AAAdkxAAHAAAGmZAAB&bc=102&cd=%AA%6B%B5%6E%A5%4C++++++++++++++&de=000050&ef=HLD&fg=1"
"367","花蓮縣建築師公會","http://cdcb.judicial.gov.tw/abbs/wkw/WHD6K05.jsp?ab=AAAdkxAAHAAAGliAAB&bc=102&cd=%AA%6B%B5%6E%A5%4C++++++++++++++&de=000051&ef=HLD&fg=1"
"113","花蓮縣第一國際獅子會","http://cdcb.judicial.gov.tw/abbs/wkw/WHD6K05.jsp?ab=AAAdkxAAHAAAGk6AAF&bc=102&cd=%AA%6B%B5%6E%A5%4C++++++++++++++&de=000053&ef=HLD&fg=1"
"228","社團法人花蓮縣中區扶輪社","http://cdcb.judicial.gov.tw/abbs/wkw/WHD6K05.jsp?ab=AAAdkxAAHAAAGkOAAL&bc=102&cd=%AA%6B%B5%6E%A5%4C++++++++++++++&de=000054&ef=HLD&fg=1"
"6","財團法人台灣基督長老教會玉山神學院","http://cdcb.judicial.gov.tw/abbs/wkw/WHD6K05.jsp?ab=AAAdkxAAHAAAGlDAAH&bc=102&cd=%AA%6B%B5%6E%A5%4C++++++++++++++&de=000036&ef=HLD&fg=1"
"120","財團法人國立花蓮高級商業職業學校教育基金會","http://cdcb.judicial.gov.tw/abbs/wkw/WHD6K05.jsp?ab=AAAdkxAAHAAAGl%2BAAF&bc=102&cd=%AA%6B%B5%6E%A5%4C++++++++++++++&de=000038&ef=HLD&fg=1"
"17","財團法人台灣省花蓮縣玉里鎮協天宮","http://cdcb.judicial.gov.tw/abbs/wkw/WHD6K05.jsp?ab=AAAdkxAAHAAAGnGAAH&bc=102&cd=%AA%6B%B5%6E%A5%4C++++++++++++++&de=000039&ef=HLD&fg=1"
"135","社團法人中華民國救世慈善協會","http://cdcb.judicial.gov.tw/abbs/wkw/WHD6K05.jsp?ab=AAAdkxAAHAAAGneAAA&bc=102&cd=%AA%6B%B5%6E%A5%4C++++++++++++++&de=000040&ef=HLD&fg=1"
"256","社團法人花蓮縣真佛宗東海同修會","http://cdcb.judicial.gov.tw/abbs/wkw/WHD6K05.jsp?ab=AAAdkxAAHAAAGnGAAE&bc=102&cd=%AA%6B%B5%6E%A5%4C++++++++++++++&de=000041&ef=HLD&fg=1"
"204","財團法人花蓮縣瑞穗鄉瑞美國民小學教育基金會","http://cdcb.judicial.gov.tw/abbs/wkw/WHD6K05.jsp?ab=AAAdkxAAHAAAGnPAAG&bc=102&cd=%AA%6B%B5%6E%A5%4C++++++++++++++&de=000044&ef=HLD&fg=1"
"350","財團法人陽光社會福利基金會","http://cdcb.judicial.gov.tw/abbs/wkw/WHD6K05.jsp?ab=AAAdkxAAHAAAGlIAAE&bc=102&cd=%AA%6B%B5%6E%A5%4C++++++++++++++&de=000027&ef=HLD&fg=1"
"5","財團法人台灣基督長老教會美崙教會","http://cdcb.judicial.gov.tw/abbs/wkw/WHD6K05.jsp?ab=AAAdkxAAHAAAGlxAAC&bc=102&cd=%AA%6B%B5%6E%A5%4C++++++++++++++&de=000028&ef=HLD&fg=1"
"12","財團法人臺灣省花蓮縣花蓮港天宮","http://cdcb.judicial.gov.tw/abbs/wkw/WHD6K05.jsp?ab=AAAdkxAAHAAAGlrAAA&bc=102&cd=%AA%6B%B5%6E%A5%4C++++++++++++++&de=000029&ef=HLD&fg=1"
"76","財團法人中華基督教伯特利會總會","http://cdcb.judicial.gov.tw/abbs/wkw/WHD6K05.jsp?ab=AAAdkxAAHAAAGltAAH&bc=102&cd=%AA%6B%B5%6E%A5%4C++++++++++++++&de=000030&ef=HLD&fg=1"
"262","社團法人花蓮縣大比大家庭關懷協會","http://cdcb.judicial.gov.tw/abbs/wkw/WHD6K05.jsp?ab=AAAdkxAAHAAAGlGAAG&bc=102&cd=%AA%6B%B5%6E%A5%4C++++++++++++++&de=000031&ef=HLD&fg=1"
"109","財團法人石材暨資源產業研究發展中心","http://cdcb.judicial.gov.tw/abbs/wkw/WHD6K05.jsp?ab=AAAdkxAAHAAAGmNAAH&bc=102&cd=%AA%6B%B5%6E%A5%4C++++++++++++++&de=000032&ef=HLD&fg=1"
"173","社團法人花蓮縣生命線協會","http://cdcb.judicial.gov.tw/abbs/wkw/WHD6K05.jsp?ab=AAAdkxAAHAAAGmmAAA&bc=102&cd=%AA%6B%B5%6E%A5%4C++++++++++++++&de=000033&ef=HLD&fg=1"
"198","財團法人花蓮縣呂泰昌教育基金會","http://cdcb.judicial.gov.tw/abbs/wkw/WHD6K05.jsp?ab=AAAdkxAAHAAAGmNAAI&bc=102&cd=%AA%6B%B5%6E%A5%4C++++++++++++++&de=000034&ef=HLD&fg=1"
"11","財團法人花蓮縣玉里鎮春日五榖宮","http://cdcb.judicial.gov.tw/abbs/wkw/WHD6K05.jsp?ab=AAAdkxAAHAAAGktAAC&bc=102&cd=%AA%6B%B5%6E%A5%4C++++++++++++++&de=000015&ef=HLD&fg=1"
"91","財團法人基督教花蓮錫安堂","http://cdcb.judicial.gov.tw/abbs/wkw/WHD6K05.jsp?ab=AAAdkxAAHAAAGktAAD&bc=102&cd=%AA%6B%B5%6E%A5%4C++++++++++++++&de=000016&ef=HLD&fg=1"
"302","財團法人花蓮縣正義宮文化藝術基金會","http://cdcb.judicial.gov.tw/abbs/wkw/WHD6K05.jsp?ab=AAAdkxAAHAAAGgRAAL&bc=102&cd=%AA%6B%B5%6E%A5%4C++++++++++++++&de=000017&ef=HLD&fg=1"
"129","社團法人花蓮基督教女青年會","http://cdcb.judicial.gov.tw/abbs/wkw/WHD6K05.jsp?ab=AAAdkxAAHAAAGktAAE&bc=102&cd=%AA%6B%B5%6E%A5%4C++++++++++++++&de=000018&ef=HLD&fg=1"
"311","社團法人花蓮縣蒲公英關懷協會","http://cdcb.judicial.gov.tw/abbs/wkw/WHD6K05.jsp?ab=AAAdkxAAHAAAGg0AAI&bc=102&cd=%AA%6B%B5%6E%A5%4C++++++++++++++&de=000019&ef=HLD&fg=1"
"7","財團法人台灣省花蓮縣基督教宣教士差會","http://cdcb.judicial.gov.tw/abbs/wkw/WHD6K05.jsp?ab=AAAdkxAAHAAAGglAAF&bc=102&cd=%AA%6B%B5%6E%A5%4C++++++++++++++&de=000021&ef=HLD&fg=1"
"147","社團法人花蓮縣身心障礙協會","http://cdcb.judicial.gov.tw/abbs/wkw/WHD6K05.jsp?ab=AAAdkxAAHAAAGglAAG&bc=102&cd=%AA%6B%B5%6E%A5%4C++++++++++++++&de=000023&ef=HLD&fg=1"
"140","社團法人花蓮縣盲人福利協進會","http://cdcb.judicial.gov.tw/abbs/wkw/WHD6K05.jsp?ab=AAAdkxAAHAAAGhlAAF&bc=102&cd=%AA%6B%B5%6E%A5%4C++++++++++++++&de=000024&ef=HLD&fg=1"
"243","社團法人花蓮縣新象社區交流協會","http://cdcb.judicial.gov.tw/abbs/wkw/WHD6K05.jsp?ab=AAAdkxAAHAAAGiBAAF&bc=102&cd=%AA%6B%B5%6E%A5%4C++++++++++++++&de=000005&ef=HLD&fg=1"
"357","財團法人花蓮縣建昇文化藝術基金會","http://cdcb.judicial.gov.tw/abbs/wkw/WHD6K05.jsp?ab=AAAdkxAAHAAAGjBAAK&bc=102&cd=%AA%6B%B5%6E%A5%4C++++++++++++++&de=000012&ef=HLD&fg=1"
"346","花蓮縣鄉村社區大學發展協會","http://cdcb.judicial.gov.tw/abbs/wkw/WHD6K05.jsp?ab=AAAdkxAAHAAAGktAAB&bc=102&cd=%AA%6B%B5%6E%A5%4C++++++++++++++&de=000014&ef=HLD&fg=1"
"363","社團法人花蓮縣記帳士公會","http://cdcb.judicial.gov.tw/abbs/wkw/WHD6K05.jsp?ab=AAAdkxAAHAAAGFlAAE&bc=101&cd=%AA%6B%B5%6E%AA%C0++++++++++++++&de=000007&ef=HLD&fg=1"
"365","中華妙法蓮公益協會","http://cdcb.judicial.gov.tw/abbs/wkw/WHD6K05.jsp?ab=AAAdkxAAHAAAGNaAAA&bc=101&cd=%AA%6B%B5%6E%AA%C0++++++++++++++&de=000010&ef=HLD&fg=1"
"66","財團法人花蓮縣文化基金會","http://cdcb.judicial.gov.tw/abbs/wkw/WHD6K05.jsp?ab=AAAdkxAAHAAAGMRAAA&bc=102&cd=%AA%6B%B5%6E%A5%4C++++++++++++++&de=000002&ef=HLD&fg=1"
"203","社團法人花蓮縣公益彩券福利協進會","http://cdcb.judicial.gov.tw/abbs/wkw/WHD6K05.jsp?ab=AAAdkxAAHAAAGjnAAD&bc=102&cd=%AA%6B%B5%6E%A5%4C++++++++++++++&de=000004&ef=HLD&fg=1"
"270","社團法人花蓮縣社會公益聯盟","http://cdcb.judicial.gov.tw/abbs/wkw/WHD6K05.jsp?ab=AAAdkxAAHAAAGNvAAC&bc=101&cd=%AA%6B%B5%6E%A5%4C++++++++++++++&de=000071&ef=HLD&fg=1"
"257","社團法人花蓮縣吉安鄉吉娜婦女福利促進發展協會","http://cdcb.judicial.gov.tw/abbs/wkw/WHD6K05.jsp?ab=AAAdkxAAHAAAGhqAAE&bc=101&cd=%AA%6B%B5%6E%A5%4C++++++++++++++&de=000074&ef=HLD&fg=1"
"356","花蓮縣超輕型載具運動協會","http://cdcb.judicial.gov.tw/abbs/wkw/WHD6K05.jsp?ab=AAAdkxAAHAAAF6PAAJ&bc=101&cd=%AA%6B%B5%6E%AA%C0++++++++++++++&de=000001&ef=HLD&fg=1"
"358","社團法人花蓮縣第二專長發展協會","http://cdcb.judicial.gov.tw/abbs/wkw/WHD6K05.jsp?ab=AAAdkxAAHAAAF8EAAC&bc=101&cd=%AA%6B%B5%6E%AA%C0++++++++++++++&de=000003&ef=HLD&fg=1"
"359","花蓮縣多元產業教育協會","http://cdcb.judicial.gov.tw/abbs/wkw/WHD6K05.jsp?ab=AAAdkxAAHAAAGAuAAK&bc=101&cd=%AA%6B%B5%6E%AA%C0++++++++++++++&de=000004&ef=HLD&fg=1"
"360","花蓮縣西拉雅協會","http://cdcb.judicial.gov.tw/abbs/wkw/WHD6K05.jsp?ab=AAAdkxAAHAAAGB%2FAAI&bc=101&cd=%AA%6B%B5%6E%AA%C0++++++++++++++&de=000005&ef=HLD&fg=1"
"361","花蓮縣原住民族產業整合暨社會服務協會","http://cdcb.judicial.gov.tw/abbs/wkw/WHD6K05.jsp?ab=AAAdkxAAHAAAGFDAAD&bc=101&cd=%AA%6B%B5%6E%AA%C0++++++++++++++&de=000006&ef=HLD&fg=1"
"313","社團法人中華民國無犯罪促進會","http://cdcb.judicial.gov.tw/abbs/wkw/WHD6K05.jsp?ab=AAAdkxAAHAAAGNAAAE&bc=101&cd=%AA%6B%B5%6E%A5%4C++++++++++++++&de=000060&ef=HLD&fg=1"
"166","社團法人花蓮縣新城鄉嘉里長青會","http://cdcb.judicial.gov.tw/abbs/wkw/WHD6K05.jsp?ab=AAAdkxAAHAAAGNAAAF&bc=101&cd=%AA%6B%B5%6E%A5%4C++++++++++++++&de=000061&ef=HLD&fg=1"
"227","社團法人花蓮縣持修積善協會","http://cdcb.judicial.gov.tw/abbs/wkw/WHD6K05.jsp?ab=AAAdkxAAHAAAGgtAAB&bc=101&cd=%AA%6B%B5%6E%A5%4C++++++++++++++&de=000062&ef=HLD&fg=1"
"31","財團法人台灣基督教花蓮國語禮拜堂","http://cdcb.judicial.gov.tw/abbs/wkw/WHD6K05.jsp?ab=AAAdkxAAHAAAGNtAAJ&bc=101&cd=%AA%6B%B5%6E%A5%4C++++++++++++++&de=000063&ef=HLD&fg=1"
"293","社團法人花蓮縣兒童暨家庭關懷協會","http://cdcb.judicial.gov.tw/abbs/wkw/WHD6K05.jsp?ab=AAAdkxAAHAAAGMTAAG&bc=101&cd=%AA%6B%B5%6E%A5%4C++++++++++++++&de=000064&ef=HLD&fg=1"
"333","社團法人花蓮縣天祥國際同濟會","http://cdcb.judicial.gov.tw/abbs/wkw/WHD6K05.jsp?ab=AAAdkxAAHAAAGODAAI&bc=101&cd=%AA%6B%B5%6E%A5%4C++++++++++++++&de=000067&ef=HLD&fg=1"
"22","財團法人台灣省花蓮縣光復鄉保安寺","http://cdcb.judicial.gov.tw/abbs/wkw/WHD6K05.jsp?ab=AAAdkxAAHAAAGNvAAB&bc=101&cd=%AA%6B%B5%6E%A5%4C++++++++++++++&de=000068&ef=HLD&fg=1"
"180","財團法人花蓮縣玉里鎮玉里國民小學教育基金會","http://cdcb.judicial.gov.tw/abbs/wkw/WHD6K05.jsp?ab=AAAdkxAAHAAAGNvAAA&bc=101&cd=%AA%6B%B5%6E%A5%4C++++++++++++++&de=000069&ef=HLD&fg=1"
"289","財團法人關聖恩公慈善事業基金會","http://cdcb.judicial.gov.tw/abbs/wkw/WHD6K05.jsp?ab=AAAdkxAAHAAAGhqAAC&bc=101&cd=%AA%6B%B5%6E%A5%4C++++++++++++++&de=000070&ef=HLD&fg=1"
"175","財團法人昱華教育基金會","http://cdcb.judicial.gov.tw/abbs/wkw/WHD6K05.jsp?ab=AAAdkxAAHAAAGLtAAG&bc=101&cd=%AA%6B%B5%6E%A5%4C++++++++++++++&de=000050&ef=HLD&fg=1"
"309","財團法人花蓮縣台灣英文雜誌社文化藝術基金會","http://cdcb.judicial.gov.tw/abbs/wkw/WHD6K05.jsp?ab=AAAdkxAAHAAAGLlAAD&bc=101&cd=%AA%6B%B5%6E%A5%4C++++++++++++++&de=000051&ef=HLD&fg=1"
"209","財團法人台灣兒童暨家庭扶助基金會","http://cdcb.judicial.gov.tw/abbs/wkw/WHD6K05.jsp?ab=AAAdkxAAHAAAGgtAAC&bc=101&cd=%AA%6B%B5%6E%A5%4C++++++++++++++&de=000052&ef=HLD&fg=1"
"184","財團法人私立遠雄海洋動物園","http://cdcb.judicial.gov.tw/abbs/wkw/WHD6K05.jsp?ab=AAAdkxAAHAAAGMHAAI&bc=101&cd=%AA%6B%B5%6E%A5%4C++++++++++++++&de=000053&ef=HLD&fg=1"
"119","財團法人大漢工商教育基金會","http://cdcb.judicial.gov.tw/abbs/wkw/WHD6K05.jsp?ab=AAAdkxAAHAAAGgtAAA&bc=101&cd=%AA%6B%B5%6E%A5%4C++++++++++++++&de=000059&ef=HLD&fg=1"
"132","臺灣基督教門諾會醫療財團法人","http://cdcb.judicial.gov.tw/abbs/wkw/WHD6K05.jsp?ab=AAAdkxAAHAAAGF4AAI&bc=101&cd=%AA%6B%B5%6E%A5%4C++++++++++++++&de=000040&ef=HLD&fg=1"
"223","社團法人花蓮縣東南扶輪社","http://cdcb.judicial.gov.tw/abbs/wkw/WHD6K05.jsp?ab=AAAdkxAAHAAAGFlAAF&bc=101&cd=%AA%6B%B5%6E%A5%4C++++++++++++++&de=000041&ef=HLD&fg=1"
"27","財團法人佛教私立禪光育幼院","http://cdcb.judicial.gov.tw/abbs/wkw/WHD6K05.jsp?ab=AAAdkxAAHAAAGK8AAG&bc=101&cd=%AA%6B%B5%6E%A5%4C++++++++++++++&de=000048&ef=HLD&fg=1"
"233","中華民國優格文化教育推廣學會","http://cdcb.judicial.gov.tw/abbs/wkw/WHD6K05.jsp?ab=AAAdkxAAHAAAGEdAAF&bc=101&cd=%AA%6B%B5%6E%A5%4C++++++++++++++&de=000031&ef=HLD&fg=1"
"296","社團法人花蓮縣產業技能訓練推廣協會","http://cdcb.judicial.gov.tw/abbs/wkw/WHD6K05.jsp?ab=AAAdkxAAHAAAGKqAAD&bc=101&cd=%AA%6B%B5%6E%A5%4C++++++++++++++&de=000034&ef=HLD&fg=1"
"266","中華民國佛教淨土真宗信光會","http://cdcb.judicial.gov.tw/abbs/wkw/WHD6K05.jsp?ab=AAAdkxAAHAAAGF4AAG&bc=101&cd=%AA%6B%B5%6E%A5%4C++++++++++++++&de=000035&ef=HLD&fg=1"
"230","社團法人花蓮縣阿美族噶馹佤世傳人權領海空域建設研究發展會","http://cdcb.judicial.gov.tw/abbs/wkw/WHD6K05.jsp?ab=AAAdkxAAHAAAGFPAAH&bc=101&cd=%AA%6B%B5%6E%A5%4C++++++++++++++&de=000037&ef=HLD&fg=1"
"39","公益社團法人花蓮縣山東同鄉會","http://cdcb.judicial.gov.tw/abbs/wkw/WHD6K05.jsp?ab=AAAdkxAAHAAAGF4AAE&bc=101&cd=%AA%6B%B5%6E%A5%4C++++++++++++++&de=000038&ef=HLD&fg=1"
"362","財團法人德發慈善事業基金會","http://cdcb.judicial.gov.tw/abbs/wkw/WHD6K05.jsp?ab=AAAdkxAAHAAAGF4AAH&bc=101&cd=%AA%6B%B5%6E%A5%4C++++++++++++++&de=000039&ef=HLD&fg=1"
"210","財團法人花蓮縣富里國民小學教育基金會","http://cdcb.judicial.gov.tw/abbs/wkw/WHD6K05.jsp?ab=AAAdkxAAHAAAGBuAAE&bc=101&cd=%AA%6B%B5%6E%A5%4C++++++++++++++&de=000024&ef=HLD&fg=1"
"88","財團法人基督教花蓮福音中心","http://cdcb.judicial.gov.tw/abbs/wkw/WHD6K05.jsp?ab=AAAdkxAAHAAAGEmAAH&bc=101&cd=%AA%6B%B5%6E%A5%4C++++++++++++++&de=000029&ef=HLD&fg=1"
"75","財團法人花蓮港台灣基督長老教會","http://cdcb.judicial.gov.tw/abbs/wkw/WHD6K05.jsp?ab=AAAdkxAAHAAAGArAAJ&bc=101&cd=%AA%6B%B5%6E%A5%4C++++++++++++++&de=000010&ef=HLD&fg=1"
"290","花蓮縣足球協會","http://cdcb.judicial.gov.tw/abbs/wkw/WHD6K05.jsp?ab=AAAdkxAAHAAAF7BAAC&bc=101&cd=%AA%6B%B5%6E%A5%4C++++++++++++++&de=000013&ef=HLD&fg=1"
"343","花蓮縣原住民族永續農業文化發展協會","http://cdcb.judicial.gov.tw/abbs/wkw/WHD6K05.jsp?ab=AAAdkxAAHAAAGAyAAA&bc=101&cd=%AA%6B%B5%6E%A5%4C++++++++++++++&de=000015&ef=HLD&fg=1"
"239","財團法人花蓮縣樂合國民小學教育基金會","http://cdcb.judicial.gov.tw/abbs/wkw/WHD6K05.jsp?ab=AAAdkxAAHAAAGAyAAB&bc=101&cd=%AA%6B%B5%6E%A5%4C++++++++++++++&de=000016&ef=HLD&fg=1"
"167","花蓮縣康復之友協會","http://cdcb.judicial.gov.tw/abbs/wkw/WHD6K05.jsp?ab=AAAdkxAAHAAAGAaAAC&bc=101&cd=%AA%6B%B5%6E%A5%4C++++++++++++++&de=000018&ef=HLD&fg=1"
"352","財團法人花蓮縣私立迦南美地社會福利慈善事業基金會","http://cdcb.judicial.gov.tw/abbs/wkw/WHD6K05.jsp?ab=AAAdkxAAHAAAORxAAE&bc=100&cd=%AA%6B%B5%6E%B0%5D++++++++++++++&de=000005&ef=HLD&fg=1"
"354","財團法人花蓮縣蘇帆海洋文化藝術基金會","http://cdcb.judicial.gov.tw/abbs/wkw/WHD6K05.jsp?ab=AAAdkxAAHAAAF5oAAE&bc=100&cd=%AA%6B%B5%6E%B0%5D++++++++++++++&de=000006&ef=HLD&fg=1"
"178","財團法人啟源文教基金會","http://cdcb.judicial.gov.tw/abbs/wkw/WHD6K05.jsp?ab=AAAdkxAAHAAAF5XAAE&bc=101&cd=%AA%6B%B5%6E%A5%4C++++++++++++++&de=000001&ef=HLD&fg=1"
"344","花蓮縣職業訓練發展協會","http://cdcb.judicial.gov.tw/abbs/wkw/WHD6K05.jsp?ab=AAAdkxAAHAAAORmAAJ&bc=100&cd=%AA%6B%B5%6E%AA%C0++++++++++++++&de=000004&ef=HLD&fg=1"
"349","台灣揚帆協會","http://cdcb.judicial.gov.tw/abbs/wkw/WHD6K05.jsp?ab=AAAdkxAAHAAAOR%2FAAB&bc=100&cd=%AA%6B%B5%6E%AA%C0++++++++++++++&de=000007&ef=HLD&fg=1"
"353","花蓮縣樸門永續生活協會","http://cdcb.judicial.gov.tw/abbs/wkw/WHD6K05.jsp?ab=AAAdkxAAHAAAF5jAAJ&bc=100&cd=%AA%6B%B5%6E%AA%C0++++++++++++++&de=000008&ef=HLD&fg=1"
"355","花蓮縣植福行道功德會","http://cdcb.judicial.gov.tw/abbs/wkw/WHD6K05.jsp?ab=AAAdkxAAHAAAF5eAAD&bc=100&cd=%AA%6B%B5%6E%AA%C0++++++++++++++&de=000009&ef=HLD&fg=1"
"342","財團法人花蓮新生命小組教會","http://cdcb.judicial.gov.tw/abbs/wkw/WHD6K05.jsp?ab=AAAdkxAAHAAAIlpAAF&bc=100&cd=%AA%6B%B5%6E%B0%5D++++++++++++++&de=000001&ef=HLD&fg=1"
"345","財團法人花蓮縣天步文化藝術基金會","http://cdcb.judicial.gov.tw/abbs/wkw/WHD6K05.jsp?ab=AAAdkxAAHAAABdbAAE&bc=100&cd=%AA%6B%B5%6E%B0%5D++++++++++++++&de=000002&ef=HLD&fg=1"
"347","財團法人基督教長老教會花蓮非拉鐵非教會","http://cdcb.judicial.gov.tw/abbs/wkw/WHD6K05.jsp?ab=AAAdkxAAHAAAORLAAF&bc=100&cd=%AA%6B%B5%6E%B0%5D++++++++++++++&de=000003&ef=HLD&fg=1"
"106","財團法人國立玉里高級中學教育基金會","http://cdcb.judicial.gov.tw/abbs/wkw/WHD6K05.jsp?ab=AAAdkxAAHAAAF4PAAG&bc=100&cd=%AA%6B%B5%6E%A5%4C++++++++++++++&de=000066&ef=HLD&fg=1"
"35","財團法人花蓮太魯閣祥德寺","http://cdcb.judicial.gov.tw/abbs/wkw/WHD6K05.jsp?ab=AAAdkxAAHAAAF4TAAC&bc=100&cd=%AA%6B%B5%6E%A5%4C++++++++++++++&de=000068&ef=HLD&fg=1"
"295","中華民國慈濟大學校友會","http://cdcb.judicial.gov.tw/abbs/wkw/WHD6K05.jsp?ab=AAAdkxAAHAAAF50AAC&bc=100&cd=%AA%6B%B5%6E%A5%4C++++++++++++++&de=000070&ef=HLD&fg=1"
"340","花蓮縣花蓮文化協會","http://cdcb.judicial.gov.tw/abbs/wkw/WHD6K05.jsp?ab=AAAdkxAAHAAAJ%2BlAAG&bc=100&cd=%AA%6B%B5%6E%AA%C0++++++++++++++&de=000001&ef=HLD&fg=1"
"341","花蓮縣花蓮市關愛社區發展協會","http://cdcb.judicial.gov.tw/abbs/wkw/WHD6K05.jsp?ab=AAAdkxAAHAAAJ%2BhAAD&bc=100&cd=%AA%6B%B5%6E%AA%C0++++++++++++++&de=000002&ef=HLD&fg=1"
"90","財團法人花蓮縣私立慈惠愛心基金會","http://cdcb.judicial.gov.tw/abbs/wkw/WHD6K05.jsp?ab=AAAdkxAAHAAAOyeAAB&bc=100&cd=%AA%6B%B5%6E%A5%4C++++++++++++++&de=000050&ef=HLD&fg=1"
"299","社團法人花蓮縣美姿造型職業工會","http://cdcb.judicial.gov.tw/abbs/wkw/WHD6K05.jsp?ab=AAAdkxAAHAAAOSHAAH&bc=100&cd=%AA%6B%B5%6E%A5%4C++++++++++++++&de=000055&ef=HLD&fg=1"
"252","花蓮縣花蓮市民生社區發展協會","http://cdcb.judicial.gov.tw/abbs/wkw/WHD6K05.jsp?ab=AAAdkxAAHAAAOR%2FAAA&bc=100&cd=%AA%6B%B5%6E%A5%4C++++++++++++++&de=000056&ef=HLD&fg=1"
"272","社團法人花蓮縣玉里鎮三軒社區發展協會","http://cdcb.judicial.gov.tw/abbs/wkw/WHD6K05.jsp?ab=AAAdkxAAHAAADwBAAG&bc=100&cd=%AA%6B%B5%6E%A5%4C++++++++++++++&de=000058&ef=HLD&fg=1"
"242","花蓮縣記憶空間學會","http://cdcb.judicial.gov.tw/abbs/wkw/WHD6K05.jsp?ab=AAAdkxAAHAAAORxAAF&bc=100&cd=%AA%6B%B5%6E%A5%4C++++++++++++++&de=000061&ef=HLD&fg=1"
"351","台灣雲端計算學會","http://cdcb.judicial.gov.tw/abbs/wkw/WHD6K05.jsp?ab=AAAdkxAAHAAABdTAAC&bc=100&cd=%AA%6B%B5%6E%A5%4C++++++++++++++&de=000042&ef=HLD&fg=1"
"68","財團法人慈濟技術學院","http://cdcb.judicial.gov.tw/abbs/wkw/WHD6K05.jsp?ab=AAAdkxAAHAAAIlxAAE&bc=100&cd=%AA%6B%B5%6E%A5%4C++++++++++++++&de=000032&ef=HLD&fg=1"
"339","社團法人花蓮縣鳳凰創業協會","http://cdcb.judicial.gov.tw/abbs/wkw/WHD6K05.jsp?ab=AAAdkxAAHAAANqyAAH&bc=100&cd=%AA%6B%B5%6E%A5%4C++++++++++++++&de=000035&ef=HLD&fg=1"
"133","財團法人原住民音樂文教基金會","http://cdcb.judicial.gov.tw/abbs/wkw/WHD6K05.jsp?ab=AAAdkxAAHAAAOQqAAD&bc=100&cd=%AA%6B%B5%6E%A5%4C++++++++++++++&de=000038&ef=HLD&fg=1"
"36","財團法人台灣省花蓮縣天主教聖吳甦樂女修會","http://cdcb.judicial.gov.tw/abbs/wkw/WHD6K05.jsp?ab=AAAdkxAAHAAAOQqAAF&bc=100&cd=%AA%6B%B5%6E%A5%4C++++++++++++++&de=000039&ef=HLD&fg=1"
"130","社團法人花蓮縣脊髓損傷福利協進會","http://cdcb.judicial.gov.tw/abbs/wkw/WHD6K05.jsp?ab=AAAdkxAAHAAAINsAAL&bc=100&cd=%AA%6B%B5%6E%A5%4C++++++++++++++&de=000021&ef=HLD&fg=1"
"300","社團法人花蓮縣新世紀文化協會","http://cdcb.judicial.gov.tw/abbs/wkw/WHD6K05.jsp?ab=AAAdkxAAHAAAJ%2BlAAH&bc=100&cd=%AA%6B%B5%6E%A5%4C++++++++++++++&de=000022&ef=HLD&fg=1"
"249","財團法人花蓮縣蘭馨教育基金會","http://cdcb.judicial.gov.tw/abbs/wkw/WHD6K05.jsp?ab=AAAdkxAAHAAAIl1AAH&bc=100&cd=%AA%6B%B5%6E%A5%4C++++++++++++++&de=000023&ef=HLD&fg=1"
"152","財團法人花蓮縣公益教育基金會","http://cdcb.judicial.gov.tw/abbs/wkw/WHD6K05.jsp?ab=AAAdkxAAHAAAImFAAF&bc=100&cd=%AA%6B%B5%6E%A5%4C++++++++++++++&de=000024&ef=HLD&fg=1"
"126","財團法人花蓮縣體育發展基金會","http://cdcb.judicial.gov.tw/abbs/wkw/WHD6K05.jsp?ab=AAAdkxAAHAAAIl1AAA&bc=100&cd=%AA%6B%B5%6E%A5%4C++++++++++++++&de=000029&ef=HLD&fg=1"
"221","財團法人花蓮縣壽豐鄉豐山國民小學教育基金會","http://cdcb.judicial.gov.tw/abbs/wkw/WHD6K05.jsp?ab=AAAdkxAAHAAAJ%2BOAAG&bc=100&cd=%AA%6B%B5%6E%A5%4C++++++++++++++&de=000013&ef=HLD&fg=1"
"101","財團法人人幼教育基金會","http://cdcb.judicial.gov.tw/abbs/wkw/WHD6K05.jsp?ab=AAAdkxAAHAAAJ%2BOAAF&bc=100&cd=%AA%6B%B5%6E%A5%4C++++++++++++++&de=000015&ef=HLD&fg=1"
"331","財團法人創世社會福利基金會","http://cdcb.judicial.gov.tw/abbs/wkw/WHD6K05.jsp?ab=AAAdkxAAHAAAIl1AAE&bc=099&cd=%AA%6B%B5%6E%B0%5D++++++++++++++&de=000004&ef=HLD&fg=1"
"250","財團法人花蓮縣取得私有既成道路基金會","http://cdcb.judicial.gov.tw/abbs/wkw/WHD6K05.jsp?ab=AAAdkxAAHAAANrtAAE&bc=100&cd=%AA%6B%B5%6E%A5%4C++++++++++++++&de=000003&ef=HLD&fg=1"
"89","財團法人中華基督教浸信會花蓮博愛堂","http://cdcb.judicial.gov.tw/abbs/wkw/WHD6K05.jsp?ab=AAAdkxAAHAAAE3vAAH&bc=100&cd=%AA%6B%B5%6E%A5%4C++++++++++++++&de=000006&ef=HLD&fg=1"
"334","花蓮縣基督教烈火團契協會","http://cdcb.judicial.gov.tw/abbs/wkw/WHD6K05.jsp?ab=AAAdkxAAHAAAIldAAF&bc=099&cd=%AA%6B%B5%6E%AA%C0++++++++++++++&de=000010&ef=HLD&fg=1"
"335","社團法人花蓮縣原住民文創紮根發展協會","http://cdcb.judicial.gov.tw/abbs/wkw/WHD6K05.jsp?ab=AAAdkxAAHAAACxxAAC&bc=099&cd=%AA%6B%B5%6E%AA%C0++++++++++++++&de=000011&ef=HLD&fg=1"
"336","社團法人花蓮縣日安花蓮協會","http://cdcb.judicial.gov.tw/abbs/wkw/WHD6K05.jsp?ab=AAAdkxAAHAAAINsAAK&bc=099&cd=%AA%6B%B5%6E%AA%C0++++++++++++++&de=000012&ef=HLD&fg=1"
"338","社團法人花蓮縣物理治療師公會","http://cdcb.judicial.gov.tw/abbs/wkw/WHD6K05.jsp?ab=AAAdkxAAHAAAE0xAAI&bc=099&cd=%AA%6B%B5%6E%AA%C0++++++++++++++&de=000014&ef=HLD&fg=1"
"324","財團法人私立花蓮新光兆豐動物園","http://cdcb.judicial.gov.tw/abbs/wkw/WHD6K05.jsp?ab=AAAdkxAAHAAAGyaAAI&bc=099&cd=%AA%6B%B5%6E%B0%5D++++++++++++++&de=000002&ef=HLD&fg=1"
"323","社團法人中華民國智慧劍學會","http://cdcb.judicial.gov.tw/abbs/wkw/WHD6K05.jsp?ab=AAAdkxAAHAAAOQYAAJ&bc=099&cd=%AA%6B%B5%6E%AA%C0++++++++++++++&de=000002&ef=HLD&fg=1"
"326","社團法人花蓮縣織羅部落文化傳承經濟發展協會","http://cdcb.judicial.gov.tw/abbs/wkw/WHD6K05.jsp?ab=AAAdkxAAHAAAOQwAAH&bc=099&cd=%AA%6B%B5%6E%AA%C0++++++++++++++&de=000003&ef=HLD&fg=1"
"327","社團法人花蓮縣環保生態復育促進會","http://cdcb.judicial.gov.tw/abbs/wkw/WHD6K05.jsp?ab=AAAdkxAAHAAAOQMAAN&bc=099&cd=%AA%6B%B5%6E%AA%C0++++++++++++++&de=000004&ef=HLD&fg=1"
"328","社團法人台灣能源科技研究發展協會","http://cdcb.judicial.gov.tw/abbs/wkw/WHD6K05.jsp?ab=AAAdkxAAHAAAOQYAAM&bc=099&cd=%AA%6B%B5%6E%AA%C0++++++++++++++&de=000005&ef=HLD&fg=1"
"329","社團法人花蓮縣創造服務產業發展協會","http://cdcb.judicial.gov.tw/abbs/wkw/WHD6K05.jsp?ab=AAAdkxAAHAAAOQYAAL&bc=099&cd=%AA%6B%B5%6E%AA%C0++++++++++++++&de=000006&ef=HLD&fg=1"
"330","社團法人花蓮縣七星潭曼波魚發展協會","http://cdcb.judicial.gov.tw/abbs/wkw/WHD6K05.jsp?ab=AAAdkxAAHAAAOQ0AAM&bc=099&cd=%AA%6B%B5%6E%AA%C0++++++++++++++&de=000007&ef=HLD&fg=1"
"274","財團法人花蓮縣壽豐國民小學教育基金會","http://cdcb.judicial.gov.tw/abbs/wkw/WHD6K05.jsp?ab=AAAdkxAAHAAAINsAAJ&bc=099&cd=%AA%6B%B5%6E%A5%4C++++++++++++++&de=000061&ef=HLD&fg=1"
"2","財團法人台灣省基督教倫理堂玉里教會","http://cdcb.judicial.gov.tw/abbs/wkw/WHD6K05.jsp?ab=AAAdkxAAHAAAIldAAE&bc=099&cd=%AA%6B%B5%6E%A5%4C++++++++++++++&de=000050&ef=HLD&fg=1"
"16","財團法人台灣省花蓮縣玉里鎮玉泉寺","http://cdcb.judicial.gov.tw/abbs/wkw/WHD6K05.jsp?ab=AAAdkxAAHAAAGyaAAH&bc=099&cd=%AA%6B%B5%6E%A5%4C++++++++++++++&de=000046&ef=HLD&fg=1"
"105","社團法人花蓮縣花蓮市老人會","http://cdcb.judicial.gov.tw/abbs/wkw/WHD6K05.jsp?ab=AAAdkxAAHAAAOQgAAO&bc=099&cd=%AA%6B%B5%6E%A5%4C++++++++++++++&de=000029&ef=HLD&fg=1"
"207","社團法人花蓮縣玉里鎮原住民終身學習協會","http://cdcb.judicial.gov.tw/abbs/wkw/WHD6K05.jsp?ab=AAAdkxAAHAAAOQYAAK&bc=099&cd=%AA%6B%B5%6E%A5%4C++++++++++++++&de=000019&ef=HLD&fg=1"
"146","社團法人花蓮縣肢體傷殘福利協進會","http://cdcb.judicial.gov.tw/abbs/wkw/WHD6K05.jsp?ab=AAAdkxAAHAAAOQgAAN&bc=099&cd=%AA%6B%B5%6E%A5%4C++++++++++++++&de=000024&ef=HLD&fg=1"
"301","財團法人花蓮縣郭子究文化藝術基金會","http://cdcb.judicial.gov.tw/abbs/wkw/WHD6K05.jsp?ab=AAAdkxAAHAAAOQQAAH&bc=098&cd=%AA%6B%B5%6E%B0%5D++++++++++++++&de=000001&ef=HLD&fg=1"
"308","財團法人花蓮縣兩岸文化藝術基金會","http://cdcb.judicial.gov.tw/abbs/wkw/WHD6K05.jsp?ab=AAAdkxAAHAAAORHAAM&bc=098&cd=%AA%6B%B5%6E%B0%5D++++++++++++++&de=000003&ef=HLD&fg=1"
"319","財團法人花蓮縣宗泰文化藝術基金會","http://cdcb.judicial.gov.tw/abbs/wkw/WHD6K05.jsp?ab=AAAdkxAAHAAAOQwAAN&bc=098&cd=%AA%6B%B5%6E%B0%5D++++++++++++++&de=000005&ef=HLD&fg=1"
"298","財團法人花蓮縣守望台聖經書社","http://cdcb.judicial.gov.tw/abbs/wkw/WHD6K05.jsp?ab=AAAdkxAAHAAAOQgAAI&bc=099&cd=%AA%6B%B5%6E%A5%4C++++++++++++++&de=000003&ef=HLD&fg=1"
"310","社團法人花蓮縣傳愛關懷協會","http://cdcb.judicial.gov.tw/abbs/wkw/WHD6K05.jsp?ab=AAAdkxAAHAAAOQUAAL&bc=098&cd=%AA%6B%B5%6E%AA%C0++++++++++++++&de=000008&ef=HLD&fg=1"
"312","社團法人花蓮縣磐石基督教會","http://cdcb.judicial.gov.tw/abbs/wkw/WHD6K05.jsp?ab=AAAdkxAAHAAAOQcAAF&bc=098&cd=%AA%6B%B5%6E%AA%C0++++++++++++++&de=000010&ef=HLD&fg=1"
"314","社團法人花蓮縣勞工安全衛生教育協進會","http://cdcb.judicial.gov.tw/abbs/wkw/WHD6K05.jsp?ab=AAAdkxAAHAAAOQcAAG&bc=098&cd=%AA%6B%B5%6E%AA%C0++++++++++++++&de=000012&ef=HLD&fg=1"
"315","社團法人花蓮縣東里足球發展協會","http://cdcb.judicial.gov.tw/abbs/wkw/WHD6K05.jsp?ab=AAAdkxAAHAAAOQ0AAL&bc=098&cd=%AA%6B%B5%6E%AA%C0++++++++++++++&de=000013&ef=HLD&fg=1"
"320","社團法人花蓮縣源福全人發展協會","http://cdcb.judicial.gov.tw/abbs/wkw/WHD6K05.jsp?ab=AAAdkxAAHAAAOQsAAJ&bc=098&cd=%AA%6B%B5%6E%AA%C0++++++++++++++&de=000017&ef=HLD&fg=1"
"303","社團法人台灣 e 麥音樂協會","http://cdcb.judicial.gov.tw/abbs/wkw/WHD6K05.jsp?ab=AAAdkxAAHAAAOQQAAI&bc=098&cd=%AA%6B%B5%6E%AA%C0++++++++++++++&de=000002&ef=HLD&fg=1"
"304","社團法人花蓮縣原住民旅遊導覽協會","http://cdcb.judicial.gov.tw/abbs/wkw/WHD6K05.jsp?ab=AAAdkxAAHAAAOQQAAM&bc=098&cd=%AA%6B%B5%6E%AA%C0++++++++++++++&de=000003&ef=HLD&fg=1"
"305","社團法人花蓮縣原住民產業文化協會","http://cdcb.judicial.gov.tw/abbs/wkw/WHD6K05.jsp?ab=AAAdkxAAHAAAOQUAAH&bc=098&cd=%AA%6B%B5%6E%AA%C0++++++++++++++&de=000005&ef=HLD&fg=1"
"306","社團法人台灣大愛車禍防制功德會","http://cdcb.judicial.gov.tw/abbs/wkw/WHD6K05.jsp?ab=AAAdkxAAHAAAOQUAAI&bc=098&cd=%AA%6B%B5%6E%AA%C0++++++++++++++&de=000006&ef=HLD&fg=1"
"307","社團法人台灣原住民農經發展協會","http://cdcb.judicial.gov.tw/abbs/wkw/WHD6K05.jsp?ab=AAAdkxAAHAAAOQUAAJ&bc=098&cd=%AA%6B%B5%6E%AA%C0++++++++++++++&de=000007&ef=HLD&fg=1"
"268","社團法人花蓮縣野鳥學會","http://cdcb.judicial.gov.tw/abbs/wkw/WHD6K05.jsp?ab=AAAdkxAAHAAAOQYAAF&bc=098&cd=%AA%6B%B5%6E%A5%4C++++++++++++++&de=000048&ef=HLD&fg=1"
"258","財團法人基督教頌恩教會","http://cdcb.judicial.gov.tw/abbs/wkw/WHD6K05.jsp?ab=AAAdkxAAHAAAOQMAAJ&bc=098&cd=%AA%6B%B5%6E%A5%4C++++++++++++++&de=000053&ef=HLD&fg=1"
"297","財團法人花蓮縣私立長育社會福利慈善基金會","http://cdcb.judicial.gov.tw/abbs/wkw/WHD6K05.jsp?ab=AAAdkxAAHAAAOQ%2FAAK&bc=097&cd=%AA%6B%B5%6E%B0%5D++++++++++++++&de=000001&ef=HLD&fg=1"
"291","社團法人花蓮縣多加全人關懷協會","http://cdcb.judicial.gov.tw/abbs/wkw/WHD6K05.jsp?ab=AAAdkxAAHAAAORDAAD&bc=097&cd=%AA%6B%B5%6E%AA%C0++++++++++++++&de=000002&ef=HLD&fg=1"
"292","社團法人花蓮縣蓮池老人慈善協會","http://cdcb.judicial.gov.tw/abbs/wkw/WHD6K05.jsp?ab=AAAdkxAAHAAAORHAAF&bc=097&cd=%AA%6B%B5%6E%AA%C0++++++++++++++&de=000003&ef=HLD&fg=1"
"172","財團法人花蓮縣立玉東國民中學教育基金會","http://cdcb.judicial.gov.tw/abbs/wkw/WHD6K05.jsp?ab=AAAdkxAAHAAAORHAAL&bc=097&cd=%AA%6B%B5%6E%A5%4C++++++++++++++&de=000045&ef=HLD&fg=1"
"260","社團法人花蓮縣花蓮國際聯青社","http://cdcb.judicial.gov.tw/abbs/wkw/WHD6K05.jsp?ab=AAAdkxAAHAAAOQ%2FAAG&bc=097&cd=%AA%6B%B5%6E%A5%4C++++++++++++++&de=000047&ef=HLD&fg=1"
"111","財團法人花蓮縣張新發教育基金會","http://cdcb.judicial.gov.tw/abbs/wkw/WHD6K05.jsp?ab=AAAdkxAAHAAAORDAAJ&bc=097&cd=%AA%6B%B5%6E%A5%4C++++++++++++++&de=000033&ef=HLD&fg=1"
"13","財團法人天主教會花蓮教區","http://cdcb.judicial.gov.tw/abbs/wkw/WHD6K05.jsp?ab=AAAdkxAAHAAAOQ7AAP&bc=097&cd=%AA%6B%B5%6E%A5%4C++++++++++++++&de=000026&ef=HLD&fg=1"
"159","財團法人花蓮縣私立勝安慈善事業基金會","http://cdcb.judicial.gov.tw/abbs/wkw/WHD6K05.jsp?ab=AAAdkxAAHAAAOQzAAJ&bc=097&cd=%AA%6B%B5%6E%A5%4C++++++++++++++&de=000007&ef=HLD&fg=1"
"288","社團法人花蓮縣精緻產業發展協會","http://cdcb.judicial.gov.tw/abbs/wkw/WHD6K05.jsp?ab=AAAdkxAAHAAAOQjAAO&bc=096&cd=%AA%6B%B5%6E%AA%C0++++++++++++++&de=000013&ef=HLD&fg=1"
"235","財團法人花蓮縣帝瓦伊撒耘文化藝術基金會","http://cdcb.judicial.gov.tw/abbs/wkw/WHD6K05.jsp?ab=AAAdkxAAHAAAOQvAAK&bc=096&cd=%AA%6B%B5%6E%B0%5D++++++++++++++&de=000001&ef=HLD&fg=1"
"275","社團法人花蓮縣鍾愛一生聯誼會","http://cdcb.judicial.gov.tw/abbs/wkw/WHD6K05.jsp?ab=AAAdkxAAHAAAORAAAM&bc=096&cd=%AA%6B%B5%6E%AA%C0++++++++++++++&de=000004&ef=HLD&fg=1"
"278","社團法人花蓮縣東原部文永續發展協會","http://cdcb.judicial.gov.tw/abbs/wkw/WHD6K05.jsp?ab=AAAdkxAAHAAAOQNAAM&bc=096&cd=%AA%6B%B5%6E%AA%C0++++++++++++++&de=000006&ef=HLD&fg=1"
"280","社團法人台灣原住民族文化暨美容保健教育協會","http://cdcb.judicial.gov.tw/abbs/wkw/WHD6K05.jsp?ab=AAAdkxAAHAAAOQdAAF&bc=096&cd=%AA%6B%B5%6E%AA%C0++++++++++++++&de=000007&ef=HLD&fg=1"
"281","社團法人花蓮縣全民健康運動促進發展協會","http://cdcb.judicial.gov.tw/abbs/wkw/WHD6K05.jsp?ab=AAAdkxAAHAAAOQlAAQ&bc=096&cd=%AA%6B%B5%6E%AA%C0++++++++++++++&de=000008&ef=HLD&fg=1"
"282","社團法人花蓮縣觀光發展暨家庭關懷協會","http://cdcb.judicial.gov.tw/abbs/wkw/WHD6K05.jsp?ab=AAAdkxAAHAAAOQpAAF&bc=096&cd=%AA%6B%B5%6E%AA%C0++++++++++++++&de=000009&ef=HLD&fg=1"
"285","社團法人中華民國道真法門勤桐慈善公益協會","http://cdcb.judicial.gov.tw/abbs/wkw/WHD6K05.jsp?ab=AAAdkxAAHAAAOQ1AAO&bc=096&cd=%AA%6B%B5%6E%AA%C0++++++++++++++&de=000010&ef=HLD&fg=1"
"286","社團法人花蓮縣菸葉生產協進會","http://cdcb.judicial.gov.tw/abbs/wkw/WHD6K05.jsp?ab=AAAdkxAAHAAAOQ5AAG&bc=096&cd=%AA%6B%B5%6E%AA%C0++++++++++++++&de=000011&ef=HLD&fg=1"
"222","財團法人花蓮縣恆蹟文化藝術公益基金會","http://cdcb.judicial.gov.tw/abbs/wkw/WHD6K05.jsp?ab=AAAdkxAAHAAAOQ1AAM&bc=096&cd=%AA%6B%B5%6E%A5%4C++++++++++++++&de=000049&ef=HLD&fg=1"
"271","社團法人花蓮縣航空協會","http://cdcb.judicial.gov.tw/abbs/wkw/WHD6K05.jsp?ab=AAAdkxAAHAAAOQvAAN&bc=096&cd=%AA%6B%B5%6E%AA%C0++++++++++++++&de=000001&ef=HLD&fg=1"
"273","社團法人花蓮縣淨宗學會","http://cdcb.judicial.gov.tw/abbs/wkw/WHD6K05.jsp?ab=AAAdkxAAHAAAOQvAAO&bc=096&cd=%AA%6B%B5%6E%AA%C0++++++++++++++&de=000002&ef=HLD&fg=1"
"93","財團法人台灣基督長老教會太巴塱教會","http://cdcb.judicial.gov.tw/abbs/wkw/WHD6K05.jsp?ab=AAAdkxAAHAAAOQpAAH&bc=096&cd=%AA%6B%B5%6E%A5%4C++++++++++++++&de=000036&ef=HLD&fg=1"
"72","社團法人花蓮縣退伍軍人協會","http://cdcb.judicial.gov.tw/abbs/wkw/WHD6K05.jsp?ab=AAAdkxAAHAAAOQpAAG&bc=096&cd=%AA%6B%B5%6E%A5%4C++++++++++++++&de=000037&ef=HLD&fg=1"
"163","社團法人花蓮縣角石生命發展協會","http://cdcb.judicial.gov.tw/abbs/wkw/WHD6K05.jsp?ab=AAAdkxAAHAAAOQdAAI&bc=096&cd=%AA%6B%B5%6E%A5%4C++++++++++++++&de=000031&ef=HLD&fg=1"
"277","財團法人德華文教基金會","http://cdcb.judicial.gov.tw/abbs/wkw/WHD6K05.jsp?ab=AAAdkxAAHAAAORHAAP&bc=096&cd=%AA%6B%B5%6E%A5%4C++++++++++++++&de=000017&ef=HLD&fg=1"
"122","財團法人興華文教公益基金會","http://cdcb.judicial.gov.tw/abbs/wkw/WHD6K05.jsp?ab=AAAdkxAAHAAAOQRAAG&bc=096&cd=%AA%6B%B5%6E%A5%4C++++++++++++++&de=000023&ef=HLD&fg=1"
"191","社團法人花蓮縣青溪社會服務協會","http://cdcb.judicial.gov.tw/abbs/wkw/WHD6K05.jsp?ab=AAAdkxAAHAAAORAAAH&bc=096&cd=%AA%6B%B5%6E%A5%4C++++++++++++++&de=000007&ef=HLD&fg=1"
"234","社團法人花蓮縣宜昌國民小學校友會","http://cdcb.judicial.gov.tw/abbs/wkw/WHD6K05.jsp?ab=AAAdkxAAHAAAORAAAI&bc=096&cd=%AA%6B%B5%6E%A5%4C++++++++++++++&de=000008&ef=HLD&fg=1"
"265","社團法人花蓮縣消費者保護協會","http://cdcb.judicial.gov.tw/abbs/wkw/WHD6K05.jsp?ab=AAAdkxAAHAAAOQlAAN&bc=095&cd=%AA%6B%B5%6E%AA%C0++++++++++++++&de=000003&ef=HLD&fg=1"
"267","社團法人花蓮縣工商青年社會服務協會","http://cdcb.judicial.gov.tw/abbs/wkw/WHD6K05.jsp?ab=AAAdkxAAHAAAOQfAAM&bc=095&cd=%AA%6B%B5%6E%AA%C0++++++++++++++&de=000005&ef=HLD&fg=1"
"100","社團法人花蓮縣八二三戰役戰友協會","http://cdcb.judicial.gov.tw/abbs/wkw/WHD6K05.jsp?ab=AAAdkxAAHAAAOQvAAP&bc=096&cd=%AA%6B%B5%6E%A5%4C++++++++++++++&de=000003&ef=HLD&fg=1"
"263","社團法人台灣原住民阿美族終身學習教育協會","http://cdcb.judicial.gov.tw/abbs/wkw/WHD6K05.jsp?ab=AAAdkxAAHAAAORIAAO&bc=095&cd=%AA%6B%B5%6E%AA%C0++++++++++++++&de=000001&ef=HLD&fg=1"
"264","社團法人中華民國地坪防滑協會","http://cdcb.judicial.gov.tw/abbs/wkw/WHD6K05.jsp?ab=AAAdkxAAHAAAOQNAAF&bc=095&cd=%AA%6B%B5%6E%AA%C0++++++++++++++&de=000002&ef=HLD&fg=1"
"95","社團法人花蓮縣光復鄉老人會","http://cdcb.judicial.gov.tw/abbs/wkw/WHD6K05.jsp?ab=AAAdkxAAHAAAOQlAAP&bc=095&cd=%AA%6B%B5%6E%A5%4C++++++++++++++&de=000029&ef=HLD&fg=1"
"215","財團法人花蓮縣鳳林鎮大榮國民小學教育基金會","http://cdcb.judicial.gov.tw/abbs/wkw/WHD6K05.jsp?ab=AAAdkxAAHAAAORIAAM&bc=095&cd=%AA%6B%B5%6E%A5%4C++++++++++++++&de=000001&ef=HLD&fg=1"
"96","財團法人台灣省花蓮縣中華基督長老會山宣總會","http://cdcb.judicial.gov.tw/abbs/wkw/WHD6K05.jsp?ab=AAAdkxAAHAAAOQNAAH&bc=095&cd=%AA%6B%B5%6E%A5%4C++++++++++++++&de=000005&ef=HLD&fg=1"
"206","財團法人花蓮縣幼兒教育基金會","http://cdcb.judicial.gov.tw/abbs/wkw/WHD6K05.jsp?ab=AAAdkxAAHAAAOQVAAN&bc=095&cd=%AA%6B%B5%6E%A5%4C++++++++++++++&de=000009&ef=HLD&fg=1"
"255","社團法人花蓮縣鳳林鎮南平社區發展協會","http://cdcb.judicial.gov.tw/abbs/wkw/WHD6K05.jsp?ab=AAAdkxAAHAAAOQrAAJ&bc=094&cd=%AA%6B%B5%6E%AA%C0++++++++++++++&de=000006&ef=HLD&fg=1"
"261","社團法人臺灣美語推廣發展協會","http://cdcb.judicial.gov.tw/abbs/wkw/WHD6K05.jsp?ab=AAAdkxAAHAAAOQ8AAO&bc=094&cd=%AA%6B%B5%6E%AA%C0++++++++++++++&de=000012&ef=HLD&fg=1"
"251","社團法人花蓮縣豐濱鄉貓公部落發展協會","http://cdcb.judicial.gov.tw/abbs/wkw/WHD6K05.jsp?ab=AAAdkxAAHAAAOQtAAN&bc=094&cd=%AA%6B%B5%6E%AA%C0++++++++++++++&de=000002&ef=HLD&fg=1"
"254","社團法人花蓮縣吉安鄉仁里社區發展協會","http://cdcb.judicial.gov.tw/abbs/wkw/WHD6K05.jsp?ab=AAAdkxAAHAAAOQfAAJ&bc=094&cd=%AA%6B%B5%6E%AA%C0++++++++++++++&de=000005&ef=HLD&fg=1"
"241","財團法人花蓮縣私立瑪拉社會福利慈善事業基金會","http://cdcb.judicial.gov.tw/abbs/wkw/WHD6K05.jsp?ab=AAAdkxAAHAAAORIAAK&bc=093&cd=%AA%6B%B5%6E%B0%5D++++++++++++++&de=000004&ef=HLD&fg=1"
"189","財團法人花蓮縣基督教福丁原住民發展中心","http://cdcb.judicial.gov.tw/abbs/wkw/WHD6K05.jsp?ab=AAAdkxAAHAAAOQhAAI&bc=094&cd=%AA%6B%B5%6E%A5%4C++++++++++++++&de=000008&ef=HLD&fg=1"
"237","社團法人台灣觀光民俗文化發展協會","http://cdcb.judicial.gov.tw/abbs/wkw/WHD6K05.jsp?ab=AAAdkxAAHAAAOQ4AAJ&bc=093&cd=%AA%6B%B5%6E%AA%C0++++++++++++++&de=000003&ef=HLD&fg=1"
"245","社團法人花蓮縣原住民權益協進會","http://cdcb.judicial.gov.tw/abbs/wkw/WHD6K05.jsp?ab=AAAdkxAAHAAAORIAAF&bc=093&cd=%AA%6B%B5%6E%AA%C0++++++++++++++&de=000007&ef=HLD&fg=1"
"244","社團法人花蓮縣十方佛學讀書會","http://cdcb.judicial.gov.tw/abbs/wkw/WHD6K05.jsp?ab=AAAdkxAAHAAAOQRAAO&bc=093&cd=%AA%6B%B5%6E%AA%C0++++++++++++++&de=000008&ef=HLD&fg=1"
"247","社團法人中華顧客滿意學會","http://cdcb.judicial.gov.tw/abbs/wkw/WHD6K05.jsp?ab=AAAdkxAAHAAAOQVAAG&bc=093&cd=%AA%6B%B5%6E%AA%C0++++++++++++++&de=000009&ef=HLD&fg=1"
"246","社團法人花蓮縣萬德佛南無阿彌陀佛慈善協會","http://cdcb.judicial.gov.tw/abbs/wkw/WHD6K05.jsp?ab=AAAdkxAAHAAAOQVAAH&bc=093&cd=%AA%6B%B5%6E%AA%C0++++++++++++++&de=000010&ef=HLD&fg=1"
"44","財團法人臺灣省花蓮縣臺灣基督長老教會美港教會","http://cdcb.judicial.gov.tw/abbs/wkw/WHD6K05.jsp?ab=AAAdkxAAHAAAORIAAI&bc=093&cd=%AA%6B%B5%6E%A5%4C++++++++++++++&de=000043&ef=HLD&fg=1"
"114","社團法人中華道教瑤池金母慈惠協會","http://cdcb.judicial.gov.tw/abbs/wkw/WHD6K05.jsp?ab=AAAdkxAAHAAANtBAAM&bc=093&cd=%AA%6B%B5%6E%A5%4C++++++++++++++&de=000019&ef=HLD&fg=1"
"226","財團法人花蓮縣豐濱國中教育基金會","http://cdcb.judicial.gov.tw/abbs/wkw/WHD6K05.jsp?ab=AAAdkxAAHAAAOQtAAI&bc=092&cd=%AA%6B%B5%6E%B0%5D++++++++++++++&de=000004&ef=HLD&fg=1"
"231","財團法人花蓮縣私立丞昇社會福利慈善事業基金會","http://cdcb.judicial.gov.tw/abbs/wkw/WHD6K05.jsp?ab=AAAdkxAAHAAAOQ5AAH&bc=092&cd=%AA%6B%B5%6E%B0%5D++++++++++++++&de=000005&ef=HLD&fg=1"
"225","社團法人花蓮縣新芽社會福利產業促進發展協會","http://cdcb.judicial.gov.tw/abbs/wkw/WHD6K05.jsp?ab=AAAdkxAAHAAAOQRAAK&bc=092&cd=%AA%6B%B5%6E%AA%C0++++++++++++++&de=000003&ef=HLD&fg=1"
"229","社團法人台灣原住民部落發展協會","http://cdcb.judicial.gov.tw/abbs/wkw/WHD6K05.jsp?ab=AAAdkxAAHAAAOQRAAM&bc=092&cd=%AA%6B%B5%6E%AA%C0++++++++++++++&de=000005&ef=HLD&fg=1"
"236","社團法人花蓮縣手工藝協會","http://cdcb.judicial.gov.tw/abbs/wkw/WHD6K05.jsp?ab=AAAdkxAAHAAANsxAAL&bc=092&cd=%AA%6B%B5%6E%AA%C0++++++++++++++&de=000008&ef=HLD&fg=1"
"232","社團法人花蓮縣睦美社會福利產業促進發展協會","http://cdcb.judicial.gov.tw/abbs/wkw/WHD6K05.jsp?ab=AAAdkxAAHAAAOQ9AAF&bc=092&cd=%AA%6B%B5%6E%AA%C0++++++++++++++&de=000009&ef=HLD&fg=1"
"224","社團法人花蓮縣基督教全人更新協會","http://cdcb.judicial.gov.tw/abbs/wkw/WHD6K05.jsp?ab=AAAdkxAAHAAAOQRAAJ&bc=092&cd=%AA%6B%B5%6E%AA%C0++++++++++++++&de=000002&ef=HLD&fg=1"
"4","財團法人北部台灣基督長老教會東部中會","http://cdcb.judicial.gov.tw/abbs/wkw/WHD6K05.jsp?ab=AAAdkxAAHAAAMzlAAC&bc=092&cd=%AA%6B%B5%6E%A5%4C++++++++++++++&de=000024&ef=HLD&fg=1"
"131","財團法人太魯閣之音廣播事業基金會","http://cdcb.judicial.gov.tw/abbs/wkw/WHD6K05.jsp?ab=AAAdkxAAHAAAMzZAAK&bc=092&cd=%AA%6B%B5%6E%A5%4C++++++++++++++&de=000025&ef=HLD&fg=1"
"218","財團法人天主教會花蓮教區原住民牧靈區","http://cdcb.judicial.gov.tw/abbs/wkw/WHD6K05.jsp?ab=AAAdkxAAHAAAMb2AAG&bc=091&cd=%AA%6B%B5%6E%B0%5D++++++++++++++&de=000010&ef=HLD&fg=1"
"219","社團法人花蓮縣花蓮扶輪社","http://cdcb.judicial.gov.tw/abbs/wkw/WHD6K05.jsp?ab=AAAdkxAAHAAAMzRAAA&bc=091&cd=%AA%6B%B5%6E%AA%C0++++++++++++++&de=000004&ef=HLD&fg=1"
"211","財團法人花蓮縣公民大學基金會","http://cdcb.judicial.gov.tw/abbs/wkw/WHD6K05.jsp?ab=AAAdkxAAHAAAMbpAAH&bc=091&cd=%AA%6B%B5%6E%B0%5D++++++++++++++&de=000004&ef=HLD&fg=1"
"217","財團法人臺灣稻米產業策略聯盟農業基金會","http://cdcb.judicial.gov.tw/abbs/wkw/WHD6K05.jsp?ab=AAAdkxAAHAAAMb2AAC&bc=091&cd=%AA%6B%B5%6E%B0%5D++++++++++++++&de=000009&ef=HLD&fg=1"
"125","財團法人花蓮縣吳景聰文化藝術基金會","http://cdcb.judicial.gov.tw/abbs/wkw/WHD6K05.jsp?ab=AAAdkxAAHAAAM0CAAI&bc=091&cd=%AA%6B%B5%6E%A5%4C++++++++++++++&de=000034&ef=HLD&fg=1"
"182","財團法人地藏悲願基金會","http://cdcb.judicial.gov.tw/abbs/wkw/WHD6K05.jsp?ab=AAAdkxAAHAAAMyeAAG&bc=091&cd=%AA%6B%B5%6E%A5%4C++++++++++++++&de=000027&ef=HLD&fg=1"
"169","財團法人花蓮縣光華國民小學教育基金會","http://cdcb.judicial.gov.tw/abbs/wkw/WHD6K05.jsp?ab=AAAdkxAAHAAAMaPAAK&bc=091&cd=%AA%6B%B5%6E%A5%4C++++++++++++++&de=000005&ef=HLD&fg=1"
"195","社團法人花蓮縣原住民生活教育關懷協會","http://cdcb.judicial.gov.tw/abbs/wkw/WHD6K05.jsp?ab=AAAdkxAAHAAAMzKAAF&bc=090&cd=%AA%6B%B5%6E%AA%C0++++++++++++++&de=000003&ef=HLD&fg=1"
"197","社團法人花蓮縣醫事放射師公會","http://cdcb.judicial.gov.tw/abbs/wkw/WHD6K05.jsp?ab=AAAdkxAAHAAAMziAAE&bc=090&cd=%AA%6B%B5%6E%AA%C0++++++++++++++&de=000004&ef=HLD&fg=1"
"201","社團法人花蓮縣吉安鄉大山社區發展促進協會","http://cdcb.judicial.gov.tw/abbs/wkw/WHD6K05.jsp?ab=AAAdkxAAHAAAMzqAAB&bc=090&cd=%AA%6B%B5%6E%AA%C0++++++++++++++&de=000006&ef=HLD&fg=1"
"202","社團法人花蓮縣原住民資源利用發展協會","http://cdcb.judicial.gov.tw/abbs/wkw/WHD6K05.jsp?ab=AAAdkxAAHAAAMzkAAG&bc=090&cd=%AA%6B%B5%6E%AA%C0++++++++++++++&de=000008&ef=HLD&fg=1"
"205","社團法人花蓮縣阿美斯原住民權益促進會","http://cdcb.judicial.gov.tw/abbs/wkw/WHD6K05.jsp?ab=AAAdkxAAHAAAMz4AAD&bc=090&cd=%AA%6B%B5%6E%AA%C0++++++++++++++&de=000009&ef=HLD&fg=1"
"193","財團法人佛教宏明山和南寺","http://cdcb.judicial.gov.tw/abbs/wkw/WHD6K05.jsp?ab=AAAdkxAAHAAAMz4AAI&bc=090&cd=%AA%6B%B5%6E%B0%5D++++++++++++++&de=000001&ef=HLD&fg=1"
"192","財團法人原鄉文教基金會","http://cdcb.judicial.gov.tw/abbs/wkw/WHD6K05.jsp?ab=AAAdkxAAHAAAM0AAAK&bc=090&cd=%AA%6B%B5%6E%B0%5D++++++++++++++&de=000002&ef=HLD&fg=1"
"196","社團法人花蓮縣福建龍岩同鄉會","http://cdcb.judicial.gov.tw/abbs/wkw/WHD6K05.jsp?ab=AAAdkxAAHAAAMz9AAL&bc=090&cd=%AA%6B%B5%6E%AA%C0++++++++++++++&de=000001&ef=HLD&fg=1"
"194","社團法人花蓮縣豐濱鄉靜浦村巴拉峨巒溪護溪協會","http://cdcb.judicial.gov.tw/abbs/wkw/WHD6K05.jsp?ab=AAAdkxAAHAAAMzKAAD&bc=090&cd=%AA%6B%B5%6E%AA%C0++++++++++++++&de=000002&ef=HLD&fg=1"
"190","社團法人花蓮縣進出口商業同業公會","http://cdcb.judicial.gov.tw/abbs/wkw/WHD6K05.jsp?ab=AAAdkxAAHAAAMY6AAK&bc=089&cd=%AA%6B%B5%6E%AA%C0++++++++++++++&de=000009&ef=HLD&fg=1"
"183","財團法人桃源藝境文教基金會","http://cdcb.judicial.gov.tw/abbs/wkw/WHD6K05.jsp?ab=AAAdkxAAHAAAMaTAAI&bc=089&cd=%AA%6B%B5%6E%B0%5D++++++++++++++&de=000003&ef=HLD&fg=1"
"179","社團法人壽豐鄉原住民文化發展協會","http://cdcb.judicial.gov.tw/abbs/wkw/WHD6K05.jsp?ab=AAAdkxAAHAAAMYLAAG&bc=089&cd=%AA%6B%B5%6E%AA%C0++++++++++++++&de=000001&ef=HLD&fg=1"
"187","社團法人花蓮縣直排輪運動協會","http://cdcb.judicial.gov.tw/abbs/wkw/WHD6K05.jsp?ab=AAAdkxAAHAAAMY6AAL&bc=089&cd=%AA%6B%B5%6E%AA%C0++++++++++++++&de=000003&ef=HLD&fg=1"
"186","社團法人花蓮縣觀光夜市推動發展協會","http://cdcb.judicial.gov.tw/abbs/wkw/WHD6K05.jsp?ab=AAAdkxAAHAAAMY6AAI&bc=089&cd=%AA%6B%B5%6E%AA%C0++++++++++++++&de=000005&ef=HLD&fg=1"
"181","財團法人花蓮縣東竹國小文教基金會","http://cdcb.judicial.gov.tw/abbs/wkw/WHD6K05.jsp?ab=AAAdkxAAHAAAMYPAAE&bc=088&cd=%AA%6B%B5%6E%B0%5D++++++++++++++&de=000011&ef=HLD&fg=1"
"171","社團法人花蓮縣社區總體營造促進會","http://cdcb.judicial.gov.tw/abbs/wkw/WHD6K05.jsp?ab=AAAdkxAAHAAAL4CAAC&bc=088&cd=%AA%6B%B5%6E%AA%C0++++++++++++++&de=000006&ef=HLD&fg=1"
"174","社團法人花蓮縣壽豐鄉文化建設協會","http://cdcb.judicial.gov.tw/abbs/wkw/WHD6K05.jsp?ab=AAAdkxAAHAAAL4CAAE&bc=088&cd=%AA%6B%B5%6E%AA%C0++++++++++++++&de=000008&ef=HLD&fg=1"
"176","社團法人花蓮縣原住民槌球協會","http://cdcb.judicial.gov.tw/abbs/wkw/WHD6K05.jsp?ab=AAAdkxAAHAAAL3qAAH&bc=088&cd=%AA%6B%B5%6E%AA%C0++++++++++++++&de=000009&ef=HLD&fg=1"
"165","財團法人日出文教基金會","http://cdcb.judicial.gov.tw/abbs/wkw/WHD6K05.jsp?ab=AAAdkxAAHAAAL3qAAE&bc=088&cd=%AA%6B%B5%6E%B0%5D++++++++++++++&de=000002&ef=HLD&fg=1"
"161","財團法人花蓮縣中國童子軍文教基金會","http://cdcb.judicial.gov.tw/abbs/wkw/WHD6K05.jsp?ab=AAAdkxAAHAAAL3qAAF&bc=088&cd=%AA%6B%B5%6E%B0%5D++++++++++++++&de=000003&ef=HLD&fg=1"
"164","財團法人普明文教基金會","http://cdcb.judicial.gov.tw/abbs/wkw/WHD6K05.jsp?ab=AAAdkxAAHAAAMZSAAK&bc=088&cd=%AA%6B%B5%6E%B0%5D++++++++++++++&de=000005&ef=HLD&fg=1"
"162","社團法人花蓮縣老兵自救互助協會","http://cdcb.judicial.gov.tw/abbs/wkw/WHD6K05.jsp?ab=AAAdkxAAHAAAMZCAAA&bc=088&cd=%AA%6B%B5%6E%AA%C0++++++++++++++&de=000002&ef=HLD&fg=1"
"149","財團法人鴻鵠文教基金會","http://cdcb.judicial.gov.tw/abbs/wkw/WHD6K05.jsp?ab=AAAdkxAAHAAAMZ1AAH&bc=087&cd=%AA%6B%B5%6E%B0%5D++++++++++++++&de=000001&ef=HLD&fg=1"
"157","財團法人圓覺宗智敏慧華金剛上師教育基金會","http://cdcb.judicial.gov.tw/abbs/wkw/WHD6K05.jsp?ab=AAAdkxAAHAAAMZCAAH&bc=087&cd=%AA%6B%B5%6E%B0%5D++++++++++++++&de=000005&ef=HLD&fg=1"
"145","社團法人中華民國非金屬礦業策進會","http://cdcb.judicial.gov.tw/abbs/wkw/WHD6K05.jsp?ab=AAAdkxAAHAAAL36AAF&bc=087&cd=%AA%6B%B5%6E%AA%C0++++++++++++++&de=000002&ef=HLD&fg=1"
"150","社團法人花蓮縣新城鄉七星潭社區老人會","http://cdcb.judicial.gov.tw/abbs/wkw/WHD6K05.jsp?ab=AAAdkxAAHAAAL3%2BAAE&bc=087&cd=%AA%6B%B5%6E%AA%C0++++++++++++++&de=000005&ef=HLD&fg=1"
"156","社團法人花蓮縣壽豐鄉壽興老人會","http://cdcb.judicial.gov.tw/abbs/wkw/WHD6K05.jsp?ab=AAAdkxAAHAAAMZpAAI&bc=087&cd=%AA%6B%B5%6E%AA%C0++++++++++++++&de=000009&ef=HLD&fg=1"
"128","社團法人台灣省山難搜救協會","http://cdcb.judicial.gov.tw/abbs/wkw/WHD6K05.jsp?ab=AAAdkxAAHAAAL3vAAB&bc=087&cd=%AA%6B%B5%6E%A5%4C++++++++++++++&de=000005&ef=HLD&fg=1"
"143","社團法人花蓮縣新城鄉嘉新長青老人會","http://cdcb.judicial.gov.tw/abbs/wkw/WHD6K05.jsp?ab=AAAdkxAAHAAAL3QAAF&bc=086&cd=%AA%6B%B5%6E%AA%C0++++++++++++++&de=000006&ef=HLD&fg=1"
"144","社團法人花蓮縣豐濱鄉老人會","http://cdcb.judicial.gov.tw/abbs/wkw/WHD6K05.jsp?ab=AAAdkxAAHAAAL3%2FAAL&bc=086&cd=%AA%6B%B5%6E%AA%C0++++++++++++++&de=000009&ef=HLD&fg=1"
"134","財團法人天主教會花蓮教區附設花蓮縣私立小樹之家","http://cdcb.judicial.gov.tw/abbs/wkw/WHD6K05.jsp?ab=AAAdkxAAHAAAL3%2FAAK&bc=086&cd=%AA%6B%B5%6E%B0%5D++++++++++++++&de=000004&ef=HLD&fg=1"
"94","財團法人花蓮普明寺","http://cdcb.judicial.gov.tw/abbs/wkw/WHD6K05.jsp?ab=AAAdkxAAHAAAL3UAAJ&bc=086&cd=%AA%6B%B5%6E%A5%4C++++++++++++++&de=000030&ef=HLD&fg=1"
"139","社團法人花蓮縣私立精鍾商業專科學校教師會","http://cdcb.judicial.gov.tw/abbs/wkw/WHD6K05.jsp?ab=AAAdkxAAHAAAL3MAAE&bc=086&cd=%AA%6B%B5%6E%AA%C0++++++++++++++&de=000002&ef=HLD&fg=1"
"141","社團法人花蓮縣德魯固族文化發展協會","http://cdcb.judicial.gov.tw/abbs/wkw/WHD6K05.jsp?ab=AAAdkxAAHAAAL3QAAG&bc=086&cd=%AA%6B%B5%6E%AA%C0++++++++++++++&de=000004&ef=HLD&fg=1"
"127","社團法人花蓮縣范姓宗親會","http://cdcb.judicial.gov.tw/abbs/wkw/WHD6K05.jsp?ab=AAAdkxAAHAAAL37AAG&bc=085&cd=%AA%6B%B5%6E%AA%C0++++++++++++++&de=000003&ef=HLD&fg=1"
"123","社團法人花蓮縣吉安鄉慈善福德會","http://cdcb.judicial.gov.tw/abbs/wkw/WHD6K05.jsp?ab=AAAdkxAAHAAAL3RAAA&bc=084&cd=%AA%6B%B5%6E++++++++++++++++&de=000019&ef=HLD&fg=1"
"124","財團法人花蓮縣幼兒文教基金會","http://cdcb.judicial.gov.tw/abbs/wkw/WHD6K05.jsp?ab=AAAdkxAAHAAAL3cAAK&bc=084&cd=%AA%6B%B5%6E++++++++++++++++&de=000021&ef=HLD&fg=1"
"117","社團法人臺灣省緊急救難協會","http://cdcb.judicial.gov.tw/abbs/wkw/WHD6K05.jsp?ab=AAAdkxAAHAAAL33AAA&bc=083&cd=%AA%6B%B5%6E++++++++++++++++&de=000013&ef=HLD&fg=1"
"112","財團法人花蓮縣私立明星慈善基金會","http://cdcb.judicial.gov.tw/abbs/wkw/WHD6K05.jsp?ab=AAAdkxAAHAAAL3MAAB&bc=082&cd=%AA%6B%B5%6E++++++++++++++++&de=000029&ef=HLD&fg=1"
"115","社團法人花蓮縣李氏宗親會","http://cdcb.judicial.gov.tw/abbs/wkw/WHD6K05.jsp?ab=AAAdkxAAHAAAL3%2FAAC&bc=083&cd=%AA%6B%B5%6E++++++++++++++++&de=000007&ef=HLD&fg=1"
"118","社團法人花蓮縣青年團結促進會","http://cdcb.judicial.gov.tw/abbs/wkw/WHD6K05.jsp?ab=AAAdkxAAHAAAL3%2FAAD&bc=083&cd=%AA%6B%B5%6E++++++++++++++++&de=000008&ef=HLD&fg=1"
"53","財團法人中華基督教協同會花蓮新生禮拜堂","http://cdcb.judicial.gov.tw/abbs/wkw/WHD6K05.jsp?ab=AAAdkxAAHAAAL3RAAG&bc=082&cd=%AA%6B%B5%6E++++++++++++++++&de=000021&ef=HLD&fg=1"
"110","財團法人花東文教基金會","http://cdcb.judicial.gov.tw/abbs/wkw/WHD6K05.jsp?ab=AAAdkxAAHAAAL3UAAD&bc=082&cd=%AA%6B%B5%6E++++++++++++++++&de=000026&ef=HLD&fg=1"
"107","社團法人花蓮縣大光明慈善協會","http://cdcb.judicial.gov.tw/abbs/wkw/WHD6K05.jsp?ab=AAAdkxAAHAAAL3MAAM&bc=082&cd=%AA%6B%B5%6E++++++++++++++++&de=000007&ef=HLD&fg=1"
"108","財團法人亞洲宣教教會","http://cdcb.judicial.gov.tw/abbs/wkw/WHD6K05.jsp?ab=AAAdkxAAHAAAL3ZAAK&bc=082&cd=%AA%6B%B5%6E++++++++++++++++&de=000013&ef=HLD&fg=1"
"104","社團法人花蓮縣秀林鄉水源社區發展協會","http://cdcb.judicial.gov.tw/abbs/wkw/WHD6K05.jsp?ab=AAAdkxAAHAAAL3VAAN&bc=081&cd=%AA%6B%B5%6E++++++++++++++++&de=000016&ef=HLD&fg=1"
"103","財團法人花蓮迴瀾文教基金會","http://cdcb.judicial.gov.tw/abbs/wkw/WHD6K05.jsp?ab=AAAdkxAAHAAAL3VAAM&bc=081&cd=%AA%6B%B5%6E++++++++++++++++&de=000020&ef=HLD&fg=1"
"102","社團法人花蓮縣退休警察人員協會","http://cdcb.judicial.gov.tw/abbs/wkw/WHD6K05.jsp?ab=AAAdkxAAHAAAL3cAAC&bc=081&cd=%AA%6B%B5%6E++++++++++++++++&de=000021&ef=HLD&fg=1"
"98","社團法人花蓮縣光復鄉大進社區發展協會","http://cdcb.judicial.gov.tw/abbs/wkw/WHD6K05.jsp?ab=AAAdkxAAHAAAM1pAAE&bc=081&cd=%AA%6B%B5%6E++++++++++++++++&de=000006&ef=HLD&fg=1"
"99","社團法人花蓮縣富里鄉富里社區發展協會","http://cdcb.judicial.gov.tw/abbs/wkw/WHD6K05.jsp?ab=AAAdkxAAHAAAM1VAAK&bc=081&cd=%AA%6B%B5%6E++++++++++++++++&de=000008&ef=HLD&fg=1"
"97","財團法人明志堂祭祀公業協會","http://cdcb.judicial.gov.tw/abbs/wkw/WHD6K05.jsp?ab=AAAdkxAAHAAAM1lAAE&bc=081&cd=%AA%6B%B5%6E++++++++++++++++&de=000009&ef=HLD&fg=1"
"77","財團法人中華血業基金會花蓮捐血中心","http://cdcb.judicial.gov.tw/abbs/wkw/WHD6K05.jsp?ab=AAAdkxAAHAAAM1zAAJ&bc=081&cd=%AA%6B%B5%6E++++++++++++++++&de=000011&ef=HLD&fg=1"
"81","社團法人花蓮縣貴州同鄉會","http://cdcb.judicial.gov.tw/abbs/wkw/WHD6K05.jsp?ab=AAAdkxAAHAAAMZ3AAF&bc=079&cd=%AA%6B%B5%6E++++++++++++++++&de=000010&ef=HLD&fg=1"
"74","財團法人新約教會花蓮教會","http://cdcb.judicial.gov.tw/abbs/wkw/WHD6K05.jsp?ab=AAAdkxAAHAAAMZXAAG&bc=078&cd=%AA%6B%B5%6E++++++++++++++++&de=000012&ef=HLD&fg=1"
"78","社團法人中華民國岱原人社會福利協會","http://cdcb.judicial.gov.tw/abbs/wkw/WHD6K05.jsp?ab=AAAdkxAAHAAAMaGAAL&bc=079&cd=%AA%6B%B5%6E++++++++++++++++&de=000006&ef=HLD&fg=1"
"71","財團法人中國青年服務事業文教基金會花蓮縣分事務所","http://cdcb.judicial.gov.tw/abbs/wkw/WHD6K05.jsp?ab=AAAdkxAAHAAAM1QAAA&bc=078&cd=%AA%6B%B5%6E++++++++++++++++&de=000007&ef=HLD&fg=1"
"67","財團法人天帝教","http://cdcb.judicial.gov.tw/abbs/wkw/WHD6K05.jsp?ab=AAAdkxAAHAAAM1PAAJ&bc=077&cd=%AA%6B%B5%6E++++++++++++++++&de=000005&ef=HLD&fg=1"
"59","財團法人花蓮縣觀光協會","http://cdcb.judicial.gov.tw/abbs/wkw/WHD6K05.jsp?ab=AAAdkxAAHAAAMZXAAL&bc=075&cd=%AA%6B%B5%6E++++++++++++++++&de=000005&ef=HLD&fg=1"
"54","社團法人花蓮縣江西同鄉會","http://cdcb.judicial.gov.tw/abbs/wkw/WHD6K05.jsp?ab=AAAdkxAAHAAAMZMAAJ&bc=074&cd=%AA%6B%B5%6E++++++++++++++++&de=000024&ef=HLD&fg=1"
"28","財團法人台灣省花蓮縣鳳林鎮林榮里碧雲寺","http://cdcb.judicial.gov.tw/abbs/wkw/WHD6K05.jsp?ab=AAAdkxAAHAAAM2IAAK&bc=069&cd=%AA%6B%B5%6E++++++++++++++++&de=000010&ef=HLD&fg=1"
"26","財團法人台灣省林姓宗親會花蓮分會","http://cdcb.judicial.gov.tw/abbs/wkw/WHD6K05.jsp?ab=AAAdkxAAHAAANqRAAG&bc=069&cd=%AA%6B%B5%6E++++++++++++++++&de=000003&ef=HLD&fg=1"
"9","財團法人台灣省花蓮縣無極寺","http://cdcb.judicial.gov.tw/abbs/wkw/WHD6K05.jsp?ab=AAAdkxAAHAAAMZkAAJ&bc=062&cd=%B5%6E++++++++++++++++++&de=000007&ef=HLD&fg=1"
"32","財團法人花蓮縣營造會館","http://cdcb.judicial.gov.tw/abbs/wkw/WHD6K05.jsp?ab=AAAdkxAAHAAAMa6AAK&bc=060&cd=%B5%6E++++++++++++++++++&de=000007&ef=HLD&fg=1"
"33","財團法人花蓮縣婦幼福利中心","http://cdcb.judicial.gov.tw/abbs/wkw/WHD6K05.jsp?ab=AAAdkxAAHAAAMa6AAM&bc=060&cd=%B5%6E++++++++++++++++++&de=000008&ef=HLD&fg=1"
"34","財團法人私立稚暉海事專科學校董事會","http://cdcb.judicial.gov.tw/abbs/wkw/WHD6K05.jsp?ab=AAAdkxAAHAAAMbjAAC&bc=061&cd=%B5%6E++++++++++++++++++&de=000003&ef=HLD&fg=1"
