"398","宜蘭縣冒險體驗教育推廣協會","http://cdcb.judicial.gov.tw/abbs/wkw/WHD6K05.jsp?ab=AAAdkxAAHAAAGtsAAD&bc=103&cd=%AA%6B%B5%6E%AA%C0++++++++++++++&de=000005&ef=ILD&fg=1"
"392","財團法人綠產業發展教育基金會","http://cdcb.judicial.gov.tw/abbs/wkw/WHD6K05.jsp?ab=AAAdkxAAHAAAGqUAAH&bc=103&cd=%AA%6B%B5%6E%B0%5D++++++++++++++&de=000001&ef=ILD&fg=1"
"395","財團法人金花教育基金會","http://cdcb.judicial.gov.tw/abbs/wkw/WHD6K05.jsp?ab=AAAdkxAAHAAAGtBAAE&bc=103&cd=%AA%6B%B5%6E%B0%5D++++++++++++++&de=000002&ef=ILD&fg=1"
"399","財團法人楊乾鐘美學文化藝術基金會","http://cdcb.judicial.gov.tw/abbs/wkw/WHD6K05.jsp?ab=AAAdkxAAHAAAGtiAAI&bc=103&cd=%AA%6B%B5%6E%B0%5D++++++++++++++&de=000003&ef=ILD&fg=1"
"343","財團法人宜蘭縣私立楊水旺慈善事業基金會","http://cdcb.judicial.gov.tw/abbs/wkw/WHD6K05.jsp?ab=AAAdkxAAHAAAGtpAAD&bc=103&cd=%AA%6B%B5%6E%A5%4C++++++++++++++&de=000029&ef=ILD&fg=1"
"321","社團法人宜蘭縣漳浦公功德會","http://cdcb.judicial.gov.tw/abbs/wkw/WHD6K05.jsp?ab=AAAdkxAAHAAAGuXAAH&bc=103&cd=%AA%6B%B5%6E%A5%4C++++++++++++++&de=000030&ef=ILD&fg=1"
"360","社團法人宜蘭縣博物館家族協會","http://cdcb.judicial.gov.tw/abbs/wkw/WHD6K05.jsp?ab=AAAdkxAAHAAAGtvAAK&bc=103&cd=%AA%6B%B5%6E%A5%4C++++++++++++++&de=000031&ef=ILD&fg=1"
"104","社團法人宜蘭縣冬山鄉大進社區發展協會","http://cdcb.judicial.gov.tw/abbs/wkw/WHD6K05.jsp?ab=AAAdkxAAHAAAGu%2BAAC&bc=103&cd=%AA%6B%B5%6E%A5%4C++++++++++++++&de=000033&ef=ILD&fg=1"
"145","社團法人宜蘭縣陽光之友會","http://cdcb.judicial.gov.tw/abbs/wkw/WHD6K05.jsp?ab=AAAdkxAAHAAAGu%2BAAB&bc=103&cd=%AA%6B%B5%6E%A5%4C++++++++++++++&de=000034&ef=ILD&fg=1"
"379","社團法人宜蘭縣公民監督聯盟","http://cdcb.judicial.gov.tw/abbs/wkw/WHD6K05.jsp?ab=AAAdkxAAHAAAGsfAAE&bc=103&cd=%AA%6B%B5%6E%A5%4C++++++++++++++&de=000035&ef=ILD&fg=1"
"393","中華職業技能發展學會","http://cdcb.judicial.gov.tw/abbs/wkw/WHD6K05.jsp?ab=AAAdkxAAHAAAGreAAK&bc=103&cd=%AA%6B%B5%6E%AA%C0++++++++++++++&de=000001&ef=ILD&fg=1"
"394","宜蘭縣休閒農業發展協會","http://cdcb.judicial.gov.tw/abbs/wkw/WHD6K05.jsp?ab=AAAdkxAAHAAAGr5AAJ&bc=103&cd=%AA%6B%B5%6E%AA%C0++++++++++++++&de=000002&ef=ILD&fg=1"
"396","台灣獨立媒體工作者協會","http://cdcb.judicial.gov.tw/abbs/wkw/WHD6K05.jsp?ab=AAAdkxAAHAAAGuXAAG&bc=103&cd=%AA%6B%B5%6E%AA%C0++++++++++++++&de=000003&ef=ILD&fg=1"
"397","宜蘭縣愛胰協會","http://cdcb.judicial.gov.tw/abbs/wkw/WHD6K05.jsp?ab=AAAdkxAAHAAAGtLAAD&bc=103&cd=%AA%6B%B5%6E%AA%C0++++++++++++++&de=000004&ef=ILD&fg=1"
"96","財團法人宜蘭縣私立佛教幸夫社會福利慈善事業基金會","http://cdcb.judicial.gov.tw/abbs/wkw/WHD6K05.jsp?ab=AAAdkxAAHAAAGqiAAC&bc=103&cd=%AA%6B%B5%6E%A5%4C++++++++++++++&de=000017&ef=ILD&fg=1"
"324","財團法人葛瑪蘭文化基金會","http://cdcb.judicial.gov.tw/abbs/wkw/WHD6K05.jsp?ab=AAAdkxAAHAAAGsEAAE&bc=103&cd=%AA%6B%B5%6E%A5%4C++++++++++++++&de=000018&ef=ILD&fg=1"
"105","財團法人羅許基金會","http://cdcb.judicial.gov.tw/abbs/wkw/WHD6K05.jsp?ab=AAAdkxAAHAAAGr1AAK&bc=103&cd=%AA%6B%B5%6E%A5%4C++++++++++++++&de=000020&ef=ILD&fg=1"
"144","財團法人宜蘭縣學進國民小學教育基金會","http://cdcb.judicial.gov.tw/abbs/wkw/WHD6K05.jsp?ab=AAAdkxAAHAAAGoVAAJ&bc=103&cd=%AA%6B%B5%6E%A5%4C++++++++++++++&de=000021&ef=ILD&fg=1"
"179","社團法人宜蘭縣宇宙能健康協會","http://cdcb.judicial.gov.tw/abbs/wkw/WHD6K05.jsp?ab=AAAdkxAAHAAAGsiAAI&bc=103&cd=%AA%6B%B5%6E%A5%4C++++++++++++++&de=000022&ef=ILD&fg=1"
"109","財團法人蘭陽女中教育基金會","http://cdcb.judicial.gov.tw/abbs/wkw/WHD6K05.jsp?ab=AAAdkxAAHAAAGoKAAI&bc=103&cd=%AA%6B%B5%6E%A5%4C++++++++++++++&de=000023&ef=ILD&fg=1"
"12","財團法人天主教救主會","http://cdcb.judicial.gov.tw/abbs/wkw/WHD6K05.jsp?ab=AAAdkxAAHAAAGsoAAG&bc=103&cd=%AA%6B%B5%6E%A5%4C++++++++++++++&de=000024&ef=ILD&fg=1"
"10","財團法人蘭陽林姓興德會","http://cdcb.judicial.gov.tw/abbs/wkw/WHD6K05.jsp?ab=AAAdkxAAHAAAGtrAAG&bc=103&cd=%AA%6B%B5%6E%A5%4C++++++++++++++&de=000025&ef=ILD&fg=1"
"136","財團法人宜蘭縣立南安國民中學教育基金會","http://cdcb.judicial.gov.tw/abbs/wkw/WHD6K05.jsp?ab=AAAdkxAAHAAAGtLAAC&bc=103&cd=%AA%6B%B5%6E%A5%4C++++++++++++++&de=000026&ef=ILD&fg=1"
"115","財團法人宜蘭縣私立慧燈高級中學","http://cdcb.judicial.gov.tw/abbs/wkw/WHD6K05.jsp?ab=AAAdkxAAHAAAGtiAAH&bc=103&cd=%AA%6B%B5%6E%A5%4C++++++++++++++&de=000027&ef=ILD&fg=1"
"283","社團法人台灣生態登山教育協會","http://cdcb.judicial.gov.tw/abbs/wkw/WHD6K05.jsp?ab=AAAdkxAAHAAAGrHAAF&bc=103&cd=%AA%6B%B5%6E%A5%4C++++++++++++++&de=000007&ef=ILD&fg=1"
"267","財團法人台灣傳統藝術推廣基金會","http://cdcb.judicial.gov.tw/abbs/wkw/WHD6K05.jsp?ab=AAAdkxAAHAAAGrKAAJ&bc=103&cd=%AA%6B%B5%6E%A5%4C++++++++++++++&de=000008&ef=ILD&fg=1"
"110","財團法人林務局羅東林區管理處職工福利會","http://cdcb.judicial.gov.tw/abbs/wkw/WHD6K05.jsp?ab=AAAdkxAAHAAAGrDAAD&bc=103&cd=%AA%6B%B5%6E%A5%4C++++++++++++++&de=000009&ef=ILD&fg=1"
"319","社團法人宜蘭縣盲人按摩協會","http://cdcb.judicial.gov.tw/abbs/wkw/WHD6K05.jsp?ab=AAAdkxAAHAAAGqRAAF&bc=103&cd=%AA%6B%B5%6E%A5%4C++++++++++++++&de=000010&ef=ILD&fg=1"
"139","財團法人太陽湖文教基金會","http://cdcb.judicial.gov.tw/abbs/wkw/WHD6K05.jsp?ab=AAAdkxAAHAAAGrxAAH&bc=103&cd=%AA%6B%B5%6E%A5%4C++++++++++++++&de=000011&ef=ILD&fg=1"
"307","財團法人蘭陽玉尊宮社教文化藝術基金會","http://cdcb.judicial.gov.tw/abbs/wkw/WHD6K05.jsp?ab=AAAdkxAAHAAAGqiAAB&bc=103&cd=%AA%6B%B5%6E%A5%4C++++++++++++++&de=000012&ef=ILD&fg=1"
"389","財團法人宜蘭縣私立惇仁人本社會福利慈善事業基金會","http://cdcb.judicial.gov.tw/abbs/wkw/WHD6K05.jsp?ab=AAAdkxAAHAAAGrxAAG&bc=103&cd=%AA%6B%B5%6E%A5%4C++++++++++++++&de=000013&ef=ILD&fg=1"
"170","財團法人宜蘭縣蘇澳鎮士敏國民小學教育基金會","http://cdcb.judicial.gov.tw/abbs/wkw/WHD6K05.jsp?ab=AAAdkxAAHAAAGqiAAD&bc=103&cd=%AA%6B%B5%6E%A5%4C++++++++++++++&de=000014&ef=ILD&fg=1"
"108","財團法人慈懷社會福利基金會","http://cdcb.judicial.gov.tw/abbs/wkw/WHD6K05.jsp?ab=AAAdkxAAHAAAGrRAAL&bc=103&cd=%AA%6B%B5%6E%A5%4C++++++++++++++&de=000015&ef=ILD&fg=1"
"357","社團法人宜蘭縣安安慢飛天使家庭關懷協會","http://cdcb.judicial.gov.tw/abbs/wkw/WHD6K05.jsp?ab=AAAdkxAAHAAAGraAAC&bc=103&cd=%AA%6B%B5%6E%A5%4C++++++++++++++&de=000016&ef=ILD&fg=1"
"383","財團法人宜蘭縣體育運動發展教育基金會","http://cdcb.judicial.gov.tw/abbs/wkw/WHD6K05.jsp?ab=AAAdkxAAHAAAGlkAAB&bc=102&cd=%AA%6B%B5%6E%B0%5D++++++++++++++&de=000002&ef=ILD&fg=1"
"387","財團法人宜蘭縣私立力麗樂活老人長期照顧中心（長期照護型）","http://cdcb.judicial.gov.tw/abbs/wkw/WHD6K05.jsp?ab=AAAdkxAAHAAAGnkAAB&bc=102&cd=%AA%6B%B5%6E%B0%5D++++++++++++++&de=000003&ef=ILD&fg=1"
"391","財團法人宜蘭吳沙文化基金會","http://cdcb.judicial.gov.tw/abbs/wkw/WHD6K05.jsp?ab=AAAdkxAAHAAAGpCAAD&bc=102&cd=%AA%6B%B5%6E%B0%5D++++++++++++++&de=000005&ef=ILD&fg=1"
"160","財團法人蘇澳海事教育基金會","http://cdcb.judicial.gov.tw/abbs/wkw/WHD6K05.jsp?ab=AAAdkxAAHAAAGrKAAH&bc=103&cd=%AA%6B%B5%6E%A5%4C++++++++++++++&de=000001&ef=ILD&fg=1"
"92","財團法人蘭陽技術學院","http://cdcb.judicial.gov.tw/abbs/wkw/WHD6K05.jsp?ab=AAAdkxAAHAAAGrvAAB&bc=103&cd=%AA%6B%B5%6E%A5%4C++++++++++++++&de=000002&ef=ILD&fg=1"
"74","財團法人聖母醫護管理專科學校","http://cdcb.judicial.gov.tw/abbs/wkw/WHD6K05.jsp?ab=AAAdkxAAHAAAGqaAAK&bc=103&cd=%AA%6B%B5%6E%A5%4C++++++++++++++&de=000003&ef=ILD&fg=1"
"164","財團法人私立佛光大學","http://cdcb.judicial.gov.tw/abbs/wkw/WHD6K05.jsp?ab=AAAdkxAAHAAAGrvAAA&bc=103&cd=%AA%6B%B5%6E%A5%4C++++++++++++++&de=000004&ef=ILD&fg=1"
"163","財團法人二結王公廟","http://cdcb.judicial.gov.tw/abbs/wkw/WHD6K05.jsp?ab=AAAdkxAAHAAAGq1AAA&bc=103&cd=%AA%6B%B5%6E%A5%4C++++++++++++++&de=000005&ef=ILD&fg=1"
"107","中道學校財團法人","http://cdcb.judicial.gov.tw/abbs/wkw/WHD6K05.jsp?ab=AAAdkxAAHAAAGqRAAE&bc=103&cd=%AA%6B%B5%6E%A5%4C++++++++++++++&de=000006&ef=ILD&fg=1"
"380","台灣福利社區促進協會","http://cdcb.judicial.gov.tw/abbs/wkw/WHD6K05.jsp?ab=AAAdkxAAHAAAGmGAAI&bc=102&cd=%AA%6B%B5%6E%AA%C0++++++++++++++&de=000003&ef=ILD&fg=1"
"381","中華萬宇宙天壇萬壽聖殿總道院發展協會","http://cdcb.judicial.gov.tw/abbs/wkw/WHD6K05.jsp?ab=AAAdkxAAHAAAGnvAAK&bc=102&cd=%AA%6B%B5%6E%AA%C0++++++++++++++&de=000005&ef=ILD&fg=1"
"382","宜蘭縣石斑魚產銷發展協會","http://cdcb.judicial.gov.tw/abbs/wkw/WHD6K05.jsp?ab=AAAdkxAAHAAAGnvAAI&bc=102&cd=%AA%6B%B5%6E%AA%C0++++++++++++++&de=000006&ef=ILD&fg=1"
"384","宜蘭縣艮樣原住民部落永續營造發展協會","http://cdcb.judicial.gov.tw/abbs/wkw/WHD6K05.jsp?ab=AAAdkxAAHAAAGniAAG&bc=102&cd=%AA%6B%B5%6E%AA%C0++++++++++++++&de=000008&ef=ILD&fg=1"
"385","基督教宜蘭浸信會真愛生命關懷協會","http://cdcb.judicial.gov.tw/abbs/wkw/WHD6K05.jsp?ab=AAAdkxAAHAAAGoCAAB&bc=102&cd=%AA%6B%B5%6E%AA%C0++++++++++++++&de=000009&ef=ILD&fg=1"
"386","社團法人宜蘭縣思源仁愛協會","http://cdcb.judicial.gov.tw/abbs/wkw/WHD6K05.jsp?ab=AAAdkxAAHAAAGoGAAC&bc=102&cd=%AA%6B%B5%6E%AA%C0++++++++++++++&de=000010&ef=ILD&fg=1"
"388","宜蘭縣泰雅族部落公共事務促進發展協會","http://cdcb.judicial.gov.tw/abbs/wkw/WHD6K05.jsp?ab=AAAdkxAAHAAAGolAAI&bc=102&cd=%AA%6B%B5%6E%AA%C0++++++++++++++&de=000011&ef=ILD&fg=1"
"390","宜蘭縣藍灣風景推廣協會","http://cdcb.judicial.gov.tw/abbs/wkw/WHD6K05.jsp?ab=AAAdkxAAHAAAGpeAAD&bc=102&cd=%AA%6B%B5%6E%AA%C0++++++++++++++&de=000012&ef=ILD&fg=1"
"377","財團法人台北市失親兒福利基金會","http://cdcb.judicial.gov.tw/abbs/wkw/WHD6K05.jsp?ab=AAAdkxAAHAAAGh1AAJ&bc=102&cd=%AA%6B%B5%6E%B0%5D++++++++++++++&de=000001&ef=ILD&fg=1"
"213","財團法人宜蘭縣九龍山白鵝湖玉清宮","http://cdcb.judicial.gov.tw/abbs/wkw/WHD6K05.jsp?ab=AAAdkxAAHAAAGp%2BAAC&bc=102&cd=%AA%6B%B5%6E%A5%4C++++++++++++++&de=000077&ef=ILD&fg=1"
"159","財團法人宜蘭縣冬山國民小學教育基金會","http://cdcb.judicial.gov.tw/abbs/wkw/WHD6K05.jsp?ab=AAAdkxAAHAAAGpeAAJ&bc=102&cd=%AA%6B%B5%6E%A5%4C++++++++++++++&de=000078&ef=ILD&fg=1"
"358","財團法人新匯流文化基金會","http://cdcb.judicial.gov.tw/abbs/wkw/WHD6K05.jsp?ab=AAAdkxAAHAAAGpfAAA&bc=102&cd=%AA%6B%B5%6E%A5%4C++++++++++++++&de=000079&ef=ILD&fg=1"
"279","財團法人紅富善坊教育基金會","http://cdcb.judicial.gov.tw/abbs/wkw/WHD6K05.jsp?ab=AAAdkxAAHAAAGozAAI&bc=102&cd=%AA%6B%B5%6E%A5%4C++++++++++++++&de=000080&ef=ILD&fg=1"
"135","財團法人大三鬮慈惠寺","http://cdcb.judicial.gov.tw/abbs/wkw/WHD6K05.jsp?ab=AAAdkxAAHAAAGoyAAF&bc=102&cd=%AA%6B%B5%6E%A5%4C++++++++++++++&de=000081&ef=ILD&fg=1"
"150","財團法人台灣基督長老教會泰雅爾中會","http://cdcb.judicial.gov.tw/abbs/wkw/WHD6K05.jsp?ab=AAAdkxAAHAAAGoOAAE&bc=102&cd=%AA%6B%B5%6E%A5%4C++++++++++++++&de=000082&ef=ILD&fg=1"
"326","財團法人華馨文教基金會","http://cdcb.judicial.gov.tw/abbs/wkw/WHD6K05.jsp?ab=AAAdkxAAHAAAGpVAAG&bc=102&cd=%AA%6B%B5%6E%A5%4C++++++++++++++&de=000083&ef=ILD&fg=1"
"375","社團法人宜蘭縣渡安居女性關懷協會","http://cdcb.judicial.gov.tw/abbs/wkw/WHD6K05.jsp?ab=AAAdkxAAHAAAGjnAAI&bc=102&cd=%AA%6B%B5%6E%AA%C0++++++++++++++&de=000001&ef=ILD&fg=1"
"378","社團法人宜蘭縣簡姓宗親會","http://cdcb.judicial.gov.tw/abbs/wkw/WHD6K05.jsp?ab=AAAdkxAAHAAAGkqAAE&bc=102&cd=%AA%6B%B5%6E%AA%C0++++++++++++++&de=000002&ef=ILD&fg=1"
"248","財團法人宜蘭縣力行國民小學教育基金會","http://cdcb.judicial.gov.tw/abbs/wkw/WHD6K05.jsp?ab=AAAdkxAAHAAAGp4AAH&bc=102&cd=%AA%6B%B5%6E%A5%4C++++++++++++++&de=000066&ef=ILD&fg=1"
"178","財團法人白府仙姑宗教基金會","http://cdcb.judicial.gov.tw/abbs/wkw/WHD6K05.jsp?ab=AAAdkxAAHAAAGp9AAB&bc=102&cd=%AA%6B%B5%6E%A5%4C++++++++++++++&de=000067&ef=ILD&fg=1"
"245","社團法人中華民國宣揚道德協進會","http://cdcb.judicial.gov.tw/abbs/wkw/WHD6K05.jsp?ab=AAAdkxAAHAAAGrtAAJ&bc=102&cd=%AA%6B%B5%6E%A5%4C++++++++++++++&de=000068&ef=ILD&fg=1"
"271","財團法人陳定南教育基金會","http://cdcb.judicial.gov.tw/abbs/wkw/WHD6K05.jsp?ab=AAAdkxAAHAAAGpXAAJ&bc=102&cd=%AA%6B%B5%6E%A5%4C++++++++++++++&de=000069&ef=ILD&fg=1"
"265","財團法人國立宜蘭高商教育基金會","http://cdcb.judicial.gov.tw/abbs/wkw/WHD6K05.jsp?ab=AAAdkxAAHAAAGq4AAC&bc=102&cd=%AA%6B%B5%6E%A5%4C++++++++++++++&de=000070&ef=ILD&fg=1"
"250","財團法人生命傳播文化志業基金會","http://cdcb.judicial.gov.tw/abbs/wkw/WHD6K05.jsp?ab=AAAdkxAAHAAAGpCAAC&bc=102&cd=%AA%6B%B5%6E%A5%4C++++++++++++++&de=000071&ef=ILD&fg=1"
"137","社團法人宜蘭縣智障者權益促進會","http://cdcb.judicial.gov.tw/abbs/wkw/WHD6K05.jsp?ab=AAAdkxAAHAAAGpJAAF&bc=102&cd=%AA%6B%B5%6E%A5%4C++++++++++++++&de=000072&ef=ILD&fg=1"
"277","財團法人方舟教育基金會","http://cdcb.judicial.gov.tw/abbs/wkw/WHD6K05.jsp?ab=AAAdkxAAHAAAGq4AAD&bc=102&cd=%AA%6B%B5%6E%A5%4C++++++++++++++&de=000073&ef=ILD&fg=1"
"352","財團法人台灣頭產業發展基金會","http://cdcb.judicial.gov.tw/abbs/wkw/WHD6K05.jsp?ab=AAAdkxAAHAAAGolAAK&bc=102&cd=%AA%6B%B5%6E%A5%4C++++++++++++++&de=000074&ef=ILD&fg=1"
"204","財團法人小米穗原住民文化基金會","http://cdcb.judicial.gov.tw/abbs/wkw/WHD6K05.jsp?ab=AAAdkxAAHAAAGoMAAC&bc=102&cd=%AA%6B%B5%6E%A5%4C++++++++++++++&de=000075&ef=ILD&fg=1"
"328","財團法人永蓁教育基金會","http://cdcb.judicial.gov.tw/abbs/wkw/WHD6K05.jsp?ab=AAAdkxAAHAAAGmjAAB&bc=102&cd=%AA%6B%B5%6E%A5%4C++++++++++++++&de=000057&ef=ILD&fg=1"
"195","財團法人宜蘭縣私立竹安身心障礙養護院","http://cdcb.judicial.gov.tw/abbs/wkw/WHD6K05.jsp?ab=AAAdkxAAHAAAGo4AAI&bc=102&cd=%AA%6B%B5%6E%A5%4C++++++++++++++&de=000058&ef=ILD&fg=1"
"310","社團法人宜蘭縣職能發展協會","http://cdcb.judicial.gov.tw/abbs/wkw/WHD6K05.jsp?ab=AAAdkxAAHAAAGnDAAD&bc=102&cd=%AA%6B%B5%6E%A5%4C++++++++++++++&de=000059&ef=ILD&fg=1"
"197","財團法人昭華教育基金會","http://cdcb.judicial.gov.tw/abbs/wkw/WHD6K05.jsp?ab=AAAdkxAAHAAAGnkAAA&bc=102&cd=%AA%6B%B5%6E%A5%4C++++++++++++++&de=000060&ef=ILD&fg=1"
"262","社團法人中華護生協會","http://cdcb.judicial.gov.tw/abbs/wkw/WHD6K05.jsp?ab=AAAdkxAAHAAAGpbAAB&bc=102&cd=%AA%6B%B5%6E%A5%4C++++++++++++++&de=000061&ef=ILD&fg=1"
"212","財團法人龔立逑教育基金會","http://cdcb.judicial.gov.tw/abbs/wkw/WHD6K05.jsp?ab=AAAdkxAAHAAAGpcAAA&bc=102&cd=%AA%6B%B5%6E%A5%4C++++++++++++++&de=000062&ef=ILD&fg=1"
"373","宜蘭縣建築師公會","http://cdcb.judicial.gov.tw/abbs/wkw/WHD6K05.jsp?ab=AAAdkxAAHAAAGobAAG&bc=102&cd=%AA%6B%B5%6E%A5%4C++++++++++++++&de=000064&ef=ILD&fg=1"
"132","財團法人宜蘭縣礁溪國民小學教育基金會","http://cdcb.judicial.gov.tw/abbs/wkw/WHD6K05.jsp?ab=AAAdkxAAHAAAGo4AAJ&bc=102&cd=%AA%6B%B5%6E%A5%4C++++++++++++++&de=000065&ef=ILD&fg=1"
"186","財團法人宜蘭縣立三星國民中學教育基金會","http://cdcb.judicial.gov.tw/abbs/wkw/WHD6K05.jsp?ab=AAAdkxAAHAAAGmqAAC&bc=102&cd=%AA%6B%B5%6E%A5%4C++++++++++++++&de=000047&ef=ILD&fg=1"
"113","財團法人人文空間發展文教基金會","http://cdcb.judicial.gov.tw/abbs/wkw/WHD6K05.jsp?ab=AAAdkxAAHAAAGnvAAJ&bc=102&cd=%AA%6B%B5%6E%A5%4C++++++++++++++&de=000048&ef=ILD&fg=1"
"287","社團法人宜蘭縣教師會","http://cdcb.judicial.gov.tw/abbs/wkw/WHD6K05.jsp?ab=AAAdkxAAHAAAGnRAAJ&bc=102&cd=%AA%6B%B5%6E%A5%4C++++++++++++++&de=000049&ef=ILD&fg=1"
"101","財團法人宜蘭縣立羅東國民中學教育基金會","http://cdcb.judicial.gov.tw/abbs/wkw/WHD6K05.jsp?ab=AAAdkxAAHAAAGncAAG&bc=102&cd=%AA%6B%B5%6E%A5%4C++++++++++++++&de=000050&ef=ILD&fg=1"
"98","財團法人宜蘭縣私立竹林養護院","http://cdcb.judicial.gov.tw/abbs/wkw/WHD6K05.jsp?ab=AAAdkxAAHAAAGmiAAI&bc=102&cd=%AA%6B%B5%6E%A5%4C++++++++++++++&de=000051&ef=ILD&fg=1"
"188","財團法人宜蘭縣竹安國民小學教育基金會","http://cdcb.judicial.gov.tw/abbs/wkw/WHD6K05.jsp?ab=AAAdkxAAHAAAGkZAAG&bc=102&cd=%AA%6B%B5%6E%A5%4C++++++++++++++&de=000053&ef=ILD&fg=1"
"80","財團法人羅東高中教育基金會","http://cdcb.judicial.gov.tw/abbs/wkw/WHD6K05.jsp?ab=AAAdkxAAHAAAGlEAAG&bc=102&cd=%AA%6B%B5%6E%A5%4C++++++++++++++&de=000054&ef=ILD&fg=1"
"278","財團法人善導教育基金會","http://cdcb.judicial.gov.tw/abbs/wkw/WHD6K05.jsp?ab=AAAdkxAAHAAAGlEAAF&bc=102&cd=%AA%6B%B5%6E%A5%4C++++++++++++++&de=000055&ef=ILD&fg=1"
"161","財團法人宜蘭縣私立鴻德養護院","http://cdcb.judicial.gov.tw/abbs/wkw/WHD6K05.jsp?ab=AAAdkxAAHAAAGksAAB&bc=102&cd=%AA%6B%B5%6E%A5%4C++++++++++++++&de=000036&ef=ILD&fg=1"
"291","社團法人宜蘭縣產業技能訓練推廣協會","http://cdcb.judicial.gov.tw/abbs/wkw/WHD6K05.jsp?ab=AAAdkxAAHAAAGmGAAH&bc=102&cd=%AA%6B%B5%6E%A5%4C++++++++++++++&de=000038&ef=ILD&fg=1"
"368","財團法人桃園縣私立力麗社會福利慈善事業基金會","http://cdcb.judicial.gov.tw/abbs/wkw/WHD6K05.jsp?ab=AAAdkxAAHAAAGm9AAE&bc=102&cd=%AA%6B%B5%6E%A5%4C++++++++++++++&de=000039&ef=ILD&fg=1"
"128","財團法人台灣基督宣道團","http://cdcb.judicial.gov.tw/abbs/wkw/WHD6K05.jsp?ab=AAAdkxAAHAAAGnLAAF&bc=102&cd=%AA%6B%B5%6E%A5%4C++++++++++++++&de=000040&ef=ILD&fg=1"
"237","財團法人台灣牽手基金會","http://cdcb.judicial.gov.tw/abbs/wkw/WHD6K05.jsp?ab=AAAdkxAAHAAAGndAAF&bc=102&cd=%AA%6B%B5%6E%A5%4C++++++++++++++&de=000041&ef=ILD&fg=1"
"259","財團法人黃大魚文化藝術基金會","http://cdcb.judicial.gov.tw/abbs/wkw/WHD6K05.jsp?ab=AAAdkxAAHAAAGklAAK&bc=102&cd=%AA%6B%B5%6E%A5%4C++++++++++++++&de=000043&ef=ILD&fg=1"
"316","財團法人宜蘭縣私立佛教普賢社會福利慈善事業基金會","http://cdcb.judicial.gov.tw/abbs/wkw/WHD6K05.jsp?ab=AAAdkxAAHAAAGksAAA&bc=102&cd=%AA%6B%B5%6E%A5%4C++++++++++++++&de=000044&ef=ILD&fg=1"
"9","財團法人宜蘭縣私立神愛兒童之家","http://cdcb.judicial.gov.tw/abbs/wkw/WHD6K05.jsp?ab=AAAdkxAAHAAAGnLAAE&bc=102&cd=%AA%6B%B5%6E%A5%4C++++++++++++++&de=000045&ef=ILD&fg=1"
"165","社團法人宜蘭縣生命線協會","http://cdcb.judicial.gov.tw/abbs/wkw/WHD6K05.jsp?ab=AAAdkxAAHAAAGktAAG&bc=102&cd=%AA%6B%B5%6E%A5%4C++++++++++++++&de=000025&ef=ILD&fg=1"
"4","","http://cdcb.judicial.gov.tw/abbs/wkw/WHD6K05.jsp?ab=AAAdkxAAHAAAGkqAAC&bc=102&cd=%AA%6B%B5%6E%A5%4C++++++++++++++&de=000026&ef=ILD&fg=1"
"140","財團法人宜蘭縣立國華國民中學教育基金會","http://cdcb.judicial.gov.tw/abbs/wkw/WHD6K05.jsp?ab=AAAdkxAAHAAAGkqAAD&bc=102&cd=%AA%6B%B5%6E%A5%4C++++++++++++++&de=000028&ef=ILD&fg=1"
"329","財團法人宜蘭縣基督徒蘭陽禮拜堂","http://cdcb.judicial.gov.tw/abbs/wkw/WHD6K05.jsp?ab=AAAdkxAAHAAAChWAAH&bc=102&cd=%AA%6B%B5%6E%A5%4C++++++++++++++&de=000030&ef=ILD&fg=1"
"187","財團法人人智學教育基金會","http://cdcb.judicial.gov.tw/abbs/wkw/WHD6K05.jsp?ab=AAAdkxAAHAAAGkvAAA&bc=102&cd=%AA%6B%B5%6E%A5%4C++++++++++++++&de=000031&ef=ILD&fg=1"
"181","財團法人宜蘭縣立復興國民中學教育基金會","http://cdcb.judicial.gov.tw/abbs/wkw/WHD6K05.jsp?ab=AAAdkxAAHAAAGk7AAD&bc=102&cd=%AA%6B%B5%6E%A5%4C++++++++++++++&de=000033&ef=ILD&fg=1"
"180","社團法人宜蘭縣家庭生活教育推廣協會","http://cdcb.judicial.gov.tw/abbs/wkw/WHD6K05.jsp?ab=AAAdkxAAHAAAChWAAI&bc=102&cd=%AA%6B%B5%6E%A5%4C++++++++++++++&de=000034&ef=ILD&fg=1"
"72","財團法人羅東高工教育基金會","http://cdcb.judicial.gov.tw/abbs/wkw/WHD6K05.jsp?ab=AAAdkxAAHAAAGmuAAC&bc=102&cd=%AA%6B%B5%6E%A5%4C++++++++++++++&de=000035&ef=ILD&fg=1"
"153","社團法人宜蘭縣肢體障礙者協會","http://cdcb.judicial.gov.tw/abbs/wkw/WHD6K05.jsp?ab=AAAdkxAAHAAAGiDAAF&bc=102&cd=%AA%6B%B5%6E%A5%4C++++++++++++++&de=000015&ef=ILD&fg=1"
"286","社團法人宜蘭縣得安家庭關懷協會","http://cdcb.judicial.gov.tw/abbs/wkw/WHD6K05.jsp?ab=AAAdkxAAHAAAGjQAAG&bc=102&cd=%AA%6B%B5%6E%A5%4C++++++++++++++&de=000016&ef=ILD&fg=1"
"125","財團法人宜蘭縣利澤國民小學教育基金會","http://cdcb.judicial.gov.tw/abbs/wkw/WHD6K05.jsp?ab=AAAdkxAAHAAAGjeAAE&bc=102&cd=%AA%6B%B5%6E%A5%4C++++++++++++++&de=000017&ef=ILD&fg=1"
"91","財團法人蘭陽仁愛醫院","http://cdcb.judicial.gov.tw/abbs/wkw/WHD6K05.jsp?ab=AAAdkxAAHAAAGiTAAH&bc=102&cd=%AA%6B%B5%6E%A5%4C++++++++++++++&de=000018&ef=ILD&fg=1"
"266","財團法人艾爾電氣研究發展教育基金會","http://cdcb.judicial.gov.tw/abbs/wkw/WHD6K05.jsp?ab=AAAdkxAAHAAAGkvAAB&bc=102&cd=%AA%6B%B5%6E%A5%4C++++++++++++++&de=000019&ef=ILD&fg=1"
"5","財團法人蘭陽文教基金會","http://cdcb.judicial.gov.tw/abbs/wkw/WHD6K05.jsp?ab=AAAdkxAAHAAAGi1AAA&bc=102&cd=%AA%6B%B5%6E%A5%4C++++++++++++++&de=000021&ef=ILD&fg=1"
"78","財團法人仰山文教基金會","http://cdcb.judicial.gov.tw/abbs/wkw/WHD6K05.jsp?ab=AAAdkxAAHAAAGgPAAK&bc=102&cd=%AA%6B%B5%6E%A5%4C++++++++++++++&de=000022&ef=ILD&fg=1"
"264","社團法人宜蘭縣鴻毅志願服務協會","http://cdcb.judicial.gov.tw/abbs/wkw/WHD6K05.jsp?ab=AAAdkxAAHAAAGiEAAC&bc=102&cd=%AA%6B%B5%6E%A5%4C++++++++++++++&de=000023&ef=ILD&fg=1"
"311","社團法人宜蘭縣紅娘婚姻媒合服務協會","http://cdcb.judicial.gov.tw/abbs/wkw/WHD6K05.jsp?ab=AAAdkxAAHAAAGh1AAI&bc=102&cd=%AA%6B%B5%6E%A5%4C++++++++++++++&de=000024&ef=ILD&fg=1"
"255","財團法人蘭智社會福利基金會","http://cdcb.judicial.gov.tw/abbs/wkw/WHD6K05.jsp?ab=AAAdkxAAHAAAGiEAAB&bc=102&cd=%AA%6B%B5%6E%A5%4C++++++++++++++&de=000005&ef=ILD&fg=1"
"371","財團法人台灣基督長老會鴿夏教會祈禱所","http://cdcb.judicial.gov.tw/abbs/wkw/WHD6K05.jsp?ab=AAAdkxAAHAAAGieAAG&bc=102&cd=%AA%6B%B5%6E%A5%4C++++++++++++++&de=000007&ef=ILD&fg=1"
"173","財團法人宜蘭縣立頭城國民中學教育基金會","http://cdcb.judicial.gov.tw/abbs/wkw/WHD6K05.jsp?ab=AAAdkxAAHAAAGhgAAI&bc=102&cd=%AA%6B%B5%6E%A5%4C++++++++++++++&de=000008&ef=ILD&fg=1"
"71","宜蘭普門醫療財團法人","http://cdcb.judicial.gov.tw/abbs/wkw/WHD6K05.jsp?ab=AAAdkxAAHAAAGhgAAH&bc=102&cd=%AA%6B%B5%6E%A5%4C++++++++++++++&de=000009&ef=ILD&fg=1"
"260","社團法人宜蘭縣佛教會","http://cdcb.judicial.gov.tw/abbs/wkw/WHD6K05.jsp?ab=AAAdkxAAHAAAGjrAAA&bc=102&cd=%AA%6B%B5%6E%A5%4C++++++++++++++&de=000011&ef=ILD&fg=1"
"224","財團法人微龍教育基金會","http://cdcb.judicial.gov.tw/abbs/wkw/WHD6K05.jsp?ab=AAAdkxAAHAAAGieAAF&bc=102&cd=%AA%6B%B5%6E%A5%4C++++++++++++++&de=000012&ef=ILD&fg=1"
"246","社團法人宜蘭縣藥師公會","http://cdcb.judicial.gov.tw/abbs/wkw/WHD6K05.jsp?ab=AAAdkxAAHAAAGiDAAI&bc=102&cd=%AA%6B%B5%6E%A5%4C++++++++++++++&de=000013&ef=ILD&fg=1"
"355","財團法人新月教育基金會","http://cdcb.judicial.gov.tw/abbs/wkw/WHD6K05.jsp?ab=AAAdkxAAHAAAF7GAAE&bc=101&cd=%AA%6B%B5%6E%B0%5D++++++++++++++&de=000002&ef=ILD&fg=1"
"356","財團法人宜蘭縣私立弘愛啟智教養學苑","http://cdcb.judicial.gov.tw/abbs/wkw/WHD6K05.jsp?ab=AAAdkxAAHAAAGAwAAA&bc=101&cd=%AA%6B%B5%6E%B0%5D++++++++++++++&de=000003&ef=ILD&fg=1"
"359","財團法人台灣基督長老教會宜蘭教會","http://cdcb.judicial.gov.tw/abbs/wkw/WHD6K05.jsp?ab=AAAdkxAAHAAAGEOAAC&bc=101&cd=%AA%6B%B5%6E%B0%5D++++++++++++++&de=000004&ef=ILD&fg=1"
"361","財團法人周澄文化藝術基金會","http://cdcb.judicial.gov.tw/abbs/wkw/WHD6K05.jsp?ab=AAAdkxAAHAAAGBPAAE&bc=101&cd=%AA%6B%B5%6E%B0%5D++++++++++++++&de=000006&ef=ILD&fg=1"
"362","財團法人鑑湖堂文化基金會","http://cdcb.judicial.gov.tw/abbs/wkw/WHD6K05.jsp?ab=AAAdkxAAHAAAGBXAAC&bc=101&cd=%AA%6B%B5%6E%B0%5D++++++++++++++&de=000007&ef=ILD&fg=1"
"146","財團法人薛長興慈善文教基金會","http://cdcb.judicial.gov.tw/abbs/wkw/WHD6K05.jsp?ab=AAAdkxAAHAAAGi%2FAAG&bc=102&cd=%AA%6B%B5%6E%A5%4C++++++++++++++&de=000001&ef=ILD&fg=1"
"133","財團法人陳水盛教育基金會","http://cdcb.judicial.gov.tw/abbs/wkw/WHD6K05.jsp?ab=AAAdkxAAHAAAGh%2FAAJ&bc=102&cd=%AA%6B%B5%6E%A5%4C++++++++++++++&de=000002&ef=ILD&fg=1"
"364","社團法人宜蘭縣教育多元化協會","http://cdcb.judicial.gov.tw/abbs/wkw/WHD6K05.jsp?ab=AAAdkxAAHAAAGFUAAE&bc=101&cd=%AA%6B%B5%6E%AA%C0++++++++++++++&de=000006&ef=ILD&fg=1"
"366","社團法人中華圓善書院協會","http://cdcb.judicial.gov.tw/abbs/wkw/WHD6K05.jsp?ab=AAAdkxAAHAAAGKMAAG&bc=101&cd=%AA%6B%B5%6E%AA%C0++++++++++++++&de=000007&ef=ILD&fg=1"
"367","社團法人宜蘭縣職業技能推廣協會","http://cdcb.judicial.gov.tw/abbs/wkw/WHD6K05.jsp?ab=AAAdkxAAHAAAGK8AAI&bc=101&cd=%AA%6B%B5%6E%AA%C0++++++++++++++&de=000008&ef=ILD&fg=1"
"365","社團法人宜蘭縣有氧體能運動學會","http://cdcb.judicial.gov.tw/abbs/wkw/WHD6K05.jsp?ab=AAAdkxAAHAAAGKvAAF&bc=101&cd=%AA%6B%B5%6E%AA%C0++++++++++++++&de=000009&ef=ILD&fg=1"
"370","社團法人宜蘭縣育兒樂協會","http://cdcb.judicial.gov.tw/abbs/wkw/WHD6K05.jsp?ab=AAAdkxAAHAAAGMrAAD&bc=101&cd=%AA%6B%B5%6E%AA%C0++++++++++++++&de=000012&ef=ILD&fg=1"
"372","社團法人台灣華德福教育協會","http://cdcb.judicial.gov.tw/abbs/wkw/WHD6K05.jsp?ab=AAAdkxAAHAAAGN%2FAAI&bc=101&cd=%AA%6B%B5%6E%AA%C0++++++++++++++&de=000013&ef=ILD&fg=1"
"374","中華國際環保與綠能技術交流協會","http://cdcb.judicial.gov.tw/abbs/wkw/WHD6K05.jsp?ab=AAAdkxAAHAAAGh8AAA&bc=101&cd=%AA%6B%B5%6E%AA%C0++++++++++++++&de=000015&ef=ILD&fg=1"
"376","社團法人宜蘭縣技職教育推廣協會","http://cdcb.judicial.gov.tw/abbs/wkw/WHD6K05.jsp?ab=AAAdkxAAHAAAGj4AAG&bc=101&cd=%AA%6B%B5%6E%AA%C0++++++++++++++&de=000016&ef=ILD&fg=1"
"354","財團法人洛城基督徒敬拜中心宜蘭教會","http://cdcb.judicial.gov.tw/abbs/wkw/WHD6K05.jsp?ab=AAAdkxAAHAAAGAyAAC&bc=101&cd=%AA%6B%B5%6E%B0%5D++++++++++++++&de=000001&ef=ILD&fg=1"
"244","財團法人宜蘭縣林永記公廳基金會","http://cdcb.judicial.gov.tw/abbs/wkw/WHD6K05.jsp?ab=AAAdkxAAHAAAGghAAC&bc=101&cd=%AA%6B%B5%6E%A5%4C++++++++++++++&de=000075&ef=ILD&fg=1"
"225","財團法人阿寶教育基金會","http://cdcb.judicial.gov.tw/abbs/wkw/WHD6K05.jsp?ab=AAAdkxAAHAAAGhQAAK&bc=101&cd=%AA%6B%B5%6E%A5%4C++++++++++++++&de=000079&ef=ILD&fg=1"
"353","社團法人台灣經典國際婚姻媒合協會","http://cdcb.judicial.gov.tw/abbs/wkw/WHD6K05.jsp?ab=AAAdkxAAHAAAF5XAAK&bc=101&cd=%AA%6B%B5%6E%AA%C0++++++++++++++&de=000001&ef=ILD&fg=1"
"363","社團法人宜蘭縣非營利組織聯盟","http://cdcb.judicial.gov.tw/abbs/wkw/WHD6K05.jsp?ab=AAAdkxAAHAAAGEUAAF&bc=101&cd=%AA%6B%B5%6E%AA%C0++++++++++++++&de=000005&ef=ILD&fg=1"
"249","財團法人宜蘭縣順安國民小學教育基金會","http://cdcb.judicial.gov.tw/abbs/wkw/WHD6K05.jsp?ab=AAAdkxAAHAAAGM6AAB&bc=101&cd=%AA%6B%B5%6E%A5%4C++++++++++++++&de=000064&ef=ILD&fg=1"
"85","財團法人宜蘭縣私立慕光盲人重建中心","http://cdcb.judicial.gov.tw/abbs/wkw/WHD6K05.jsp?ab=AAAdkxAAHAAAGKsAAA&bc=101&cd=%AA%6B%B5%6E%A5%4C++++++++++++++&de=000067&ef=ILD&fg=1"
"76","財團法人天主教靈醫修女會","http://cdcb.judicial.gov.tw/abbs/wkw/WHD6K05.jsp?ab=AAAdkxAAHAAAGKyAAI&bc=101&cd=%AA%6B%B5%6E%A5%4C++++++++++++++&de=000068&ef=ILD&fg=1"
"151","財團法人伊甸社會福利基金會","http://cdcb.judicial.gov.tw/abbs/wkw/WHD6K05.jsp?ab=AAAdkxAAHAAAGMxAAG&bc=101&cd=%AA%6B%B5%6E%A5%4C++++++++++++++&de=000070&ef=ILD&fg=1"
"203","財團法人台灣兒童暨家庭扶助基金會","http://cdcb.judicial.gov.tw/abbs/wkw/WHD6K05.jsp?ab=AAAdkxAAHAAAGMrAAC&bc=101&cd=%AA%6B%B5%6E%A5%4C++++++++++++++&de=000071&ef=ILD&fg=1"
"369","社團法人臺灣美術協會","http://cdcb.judicial.gov.tw/abbs/wkw/WHD6K05.jsp?ab=AAAdkxAAHAAAGMrAAB&bc=101&cd=%AA%6B%B5%6E%A5%4C++++++++++++++&de=000072&ef=ILD&fg=1"
"183","財團法人宜蘭縣私立松柏社會福利慈善事業基金會","http://cdcb.judicial.gov.tw/abbs/wkw/WHD6K05.jsp?ab=AAAdkxAAHAAAGMZAAG&bc=101&cd=%AA%6B%B5%6E%A5%4C++++++++++++++&de=000073&ef=ILD&fg=1"
"7","財團法人宜蘭縣私立蘭陽仁愛之家","http://cdcb.judicial.gov.tw/abbs/wkw/WHD6K05.jsp?ab=AAAdkxAAHAAAGg4AAF&bc=101&cd=%AA%6B%B5%6E%A5%4C++++++++++++++&de=000074&ef=ILD&fg=1"
"202","財團法人蘭陽農業發展基金會","http://cdcb.judicial.gov.tw/abbs/wkw/WHD6K05.jsp?ab=AAAdkxAAHAAAGEPAAJ&bc=101&cd=%AA%6B%B5%6E%A5%4C++++++++++++++&de=000055&ef=ILD&fg=1"
"172","財團法人宜蘭縣中華國中教育基金會","http://cdcb.judicial.gov.tw/abbs/wkw/WHD6K05.jsp?ab=AAAdkxAAHAAAGEMAAE&bc=101&cd=%AA%6B%B5%6E%A5%4C++++++++++++++&de=000056&ef=ILD&fg=1"
"299","財團法人石盤教育基金會","http://cdcb.judicial.gov.tw/abbs/wkw/WHD6K05.jsp?ab=AAAdkxAAHAAAGFhAAB&bc=101&cd=%AA%6B%B5%6E%A5%4C++++++++++++++&de=000058&ef=ILD&fg=1"
"93","財團法人宜蘭縣私立天主教弘道仁愛之家","http://cdcb.judicial.gov.tw/abbs/wkw/WHD6K05.jsp?ab=AAAdkxAAHAAAGF8AAF&bc=101&cd=%AA%6B%B5%6E%A5%4C++++++++++++++&de=000059&ef=ILD&fg=1"
"147","財團法人宜蘭縣南安國民小學教育基金會","http://cdcb.judicial.gov.tw/abbs/wkw/WHD6K05.jsp?ab=AAAdkxAAHAAAGK3AAE&bc=101&cd=%AA%6B%B5%6E%A5%4C++++++++++++++&de=000060&ef=ILD&fg=1"
"297","財團法人郭山林教育基金會","http://cdcb.judicial.gov.tw/abbs/wkw/WHD6K05.jsp?ab=AAAdkxAAHAAAGGIAAE&bc=101&cd=%AA%6B%B5%6E%A5%4C++++++++++++++&de=000061&ef=ILD&fg=1"
"121","財團法人宜蘭縣孝威國民小學教育基金會","http://cdcb.judicial.gov.tw/abbs/wkw/WHD6K05.jsp?ab=AAAdkxAAHAAAGErAAK&bc=101&cd=%AA%6B%B5%6E%A5%4C++++++++++++++&de=000045&ef=ILD&fg=1"
"247","財團法人東馬教育基金會","http://cdcb.judicial.gov.tw/abbs/wkw/WHD6K05.jsp?ab=AAAdkxAAHAAAGE6AAF&bc=101&cd=%AA%6B%B5%6E%A5%4C++++++++++++++&de=000046&ef=ILD&fg=1"
"238","財團法人宜蘭人文基金會","http://cdcb.judicial.gov.tw/abbs/wkw/WHD6K05.jsp?ab=AAAdkxAAHAAAGF8AAD&bc=101&cd=%AA%6B%B5%6E%A5%4C++++++++++++++&de=000047&ef=ILD&fg=1"
"253","財團法人雪儒教育基金會","http://cdcb.judicial.gov.tw/abbs/wkw/WHD6K05.jsp?ab=AAAdkxAAHAAAGENAAA&bc=101&cd=%AA%6B%B5%6E%A5%4C++++++++++++++&de=000048&ef=ILD&fg=1"
"235","社團法人宜蘭縣登山協會","http://cdcb.judicial.gov.tw/abbs/wkw/WHD6K05.jsp?ab=AAAdkxAAHAAAGFbAAE&bc=101&cd=%AA%6B%B5%6E%A5%4C++++++++++++++&de=000049&ef=ILD&fg=1"
"117","財團法人宜蘭縣深溝國民小學教育基金會","http://cdcb.judicial.gov.tw/abbs/wkw/WHD6K05.jsp?ab=AAAdkxAAHAAAGFhAAA&bc=101&cd=%AA%6B%B5%6E%A5%4C++++++++++++++&de=000050&ef=ILD&fg=1"
"256","財團法人人文適性教育基金會","http://cdcb.judicial.gov.tw/abbs/wkw/WHD6K05.jsp?ab=AAAdkxAAHAAAGEPAAK&bc=101&cd=%AA%6B%B5%6E%A5%4C++++++++++++++&de=000052&ef=ILD&fg=1"
"302","社團法人宜蘭縣美容協會","http://cdcb.judicial.gov.tw/abbs/wkw/WHD6K05.jsp?ab=AAAdkxAAHAAAGApAAD&bc=101&cd=%AA%6B%B5%6E%A5%4C++++++++++++++&de=000033&ef=ILD&fg=1"
"3","財團法人天主教仁愛聖母聖衣會","http://cdcb.judicial.gov.tw/abbs/wkw/WHD6K05.jsp?ab=AAAdkxAAHAAAGKpAAI&bc=101&cd=%AA%6B%B5%6E%A5%4C++++++++++++++&de=000035&ef=ILD&fg=1"
"199","財團法人宜蘭縣私立親水園養護之家","http://cdcb.judicial.gov.tw/abbs/wkw/WHD6K05.jsp?ab=AAAdkxAAHAAAGBvAAJ&bc=101&cd=%AA%6B%B5%6E%A5%4C++++++++++++++&de=000038&ef=ILD&fg=1"
"129","財團法人宜蘭縣北成國民小學教育基金會","http://cdcb.judicial.gov.tw/abbs/wkw/WHD6K05.jsp?ab=AAAdkxAAHAAAGCEAAI&bc=101&cd=%AA%6B%B5%6E%A5%4C++++++++++++++&de=000039&ef=ILD&fg=1"
"75","財團法人宜蘭縣光復國民小學教育基金會","http://cdcb.judicial.gov.tw/abbs/wkw/WHD6K05.jsp?ab=AAAdkxAAHAAAGBQAAF&bc=101&cd=%AA%6B%B5%6E%A5%4C++++++++++++++&de=000040&ef=ILD&fg=1"
"8","財團法人慈林教育基金會","http://cdcb.judicial.gov.tw/abbs/wkw/WHD6K05.jsp?ab=AAAdkxAAHAAAGBMAAH&bc=101&cd=%AA%6B%B5%6E%A5%4C++++++++++++++&de=000041&ef=ILD&fg=1"
"305","社團法人宜蘭縣志願服務協會","http://cdcb.judicial.gov.tw/abbs/wkw/WHD6K05.jsp?ab=AAAdkxAAHAAAGGIAAF&bc=101&cd=%AA%6B%B5%6E%A5%4C++++++++++++++&de=000042&ef=ILD&fg=1"
"208","財團法人真愛教育基金會","http://cdcb.judicial.gov.tw/abbs/wkw/WHD6K05.jsp?ab=AAAdkxAAHAAAGAlAAJ&bc=101&cd=%AA%6B%B5%6E%A5%4C++++++++++++++&de=000023&ef=ILD&fg=1"
"220","財團法人北部台灣基督長老教會羅東教會","http://cdcb.judicial.gov.tw/abbs/wkw/WHD6K05.jsp?ab=AAAdkxAAHAAAF70AAJ&bc=101&cd=%AA%6B%B5%6E%A5%4C++++++++++++++&de=000024&ef=ILD&fg=1"
"103","財團法人宜蘭縣羅東鎮文宗社","http://cdcb.judicial.gov.tw/abbs/wkw/WHD6K05.jsp?ab=AAAdkxAAHAAAF7wAAC&bc=101&cd=%AA%6B%B5%6E%A5%4C++++++++++++++&de=000026&ef=ILD&fg=1"
"124","財團法人宜蘭縣私立慈愛養護院","http://cdcb.judicial.gov.tw/abbs/wkw/WHD6K05.jsp?ab=AAAdkxAAHAAAGAjAAD&bc=101&cd=%AA%6B%B5%6E%A5%4C++++++++++++++&de=000027&ef=ILD&fg=1"
"123","財團法人宜蘭縣蘇澳國民小學教育基金會","http://cdcb.judicial.gov.tw/abbs/wkw/WHD6K05.jsp?ab=AAAdkxAAHAAAF7vAAE&bc=101&cd=%AA%6B%B5%6E%A5%4C++++++++++++++&de=000028&ef=ILD&fg=1"
"298","財團法人開蘭教育基金會","http://cdcb.judicial.gov.tw/abbs/wkw/WHD6K05.jsp?ab=AAAdkxAAHAAAGAjAAC&bc=101&cd=%AA%6B%B5%6E%A5%4C++++++++++++++&de=000030&ef=ILD&fg=1"
"214","財團法人宜蘭縣四結國民小學教育基金會","http://cdcb.judicial.gov.tw/abbs/wkw/WHD6K05.jsp?ab=AAAdkxAAHAAAGAyAAE&bc=101&cd=%AA%6B%B5%6E%A5%4C++++++++++++++&de=000031&ef=ILD&fg=1"
"209","財團法人祭祀公業林廷才林元旻思孝堂","http://cdcb.judicial.gov.tw/abbs/wkw/WHD6K05.jsp?ab=AAAdkxAAHAAAGA5AAI&bc=101&cd=%AA%6B%B5%6E%A5%4C++++++++++++++&de=000032&ef=ILD&fg=1"
"118","財團法人宜蘭縣新生國民小學教育基金會","http://cdcb.judicial.gov.tw/abbs/wkw/WHD6K05.jsp?ab=AAAdkxAAHAAAF6mAAA&bc=101&cd=%AA%6B%B5%6E%A5%4C++++++++++++++&de=000012&ef=ILD&fg=1"
"223","社團法人宜蘭縣視障協會","http://cdcb.judicial.gov.tw/abbs/wkw/WHD6K05.jsp?ab=AAAdkxAAHAAAF8IAAA&bc=101&cd=%AA%6B%B5%6E%A5%4C++++++++++++++&de=000015&ef=ILD&fg=1"
"193","財團法人基督教史懷哲宣道會","http://cdcb.judicial.gov.tw/abbs/wkw/WHD6K05.jsp?ab=AAAdkxAAHAAAGArAAE&bc=101&cd=%AA%6B%B5%6E%A5%4C++++++++++++++&de=000016&ef=ILD&fg=1"
"210","財團法人日和教育基金會","http://cdcb.judicial.gov.tw/abbs/wkw/WHD6K05.jsp?ab=AAAdkxAAHAAAF70AAI&bc=101&cd=%AA%6B%B5%6E%A5%4C++++++++++++++&de=000019&ef=ILD&fg=1"
"162","社團法人宜蘭縣自閉症者福利協進會","http://cdcb.judicial.gov.tw/abbs/wkw/WHD6K05.jsp?ab=AAAdkxAAHAAAF8EAAK&bc=101&cd=%AA%6B%B5%6E%A5%4C++++++++++++++&de=000020&ef=ILD&fg=1"
"211","財團法人宜蘭縣古亭國民小學教育基金會","http://cdcb.judicial.gov.tw/abbs/wkw/WHD6K05.jsp?ab=AAAdkxAAHAAAGAyAAD&bc=101&cd=%AA%6B%B5%6E%A5%4C++++++++++++++&de=000021&ef=ILD&fg=1"
"218","社團法人宜蘭縣頭城鎮拔雅社區發展協會","http://cdcb.judicial.gov.tw/abbs/wkw/WHD6K05.jsp?ab=AAAdkxAAHAAAF6%2FAAJ&bc=101&cd=%AA%6B%B5%6E%A5%4C++++++++++++++&de=000003&ef=ILD&fg=1"
"95","財團法人國立宜蘭高中教育基金會","http://cdcb.judicial.gov.tw/abbs/wkw/WHD6K05.jsp?ab=AAAdkxAAHAAAF6%2FAAI&bc=101&cd=%AA%6B%B5%6E%A5%4C++++++++++++++&de=000004&ef=ILD&fg=1"
"258","財團法人基督教會宜蘭錫安堂","http://cdcb.judicial.gov.tw/abbs/wkw/WHD6K05.jsp?ab=AAAdkxAAHAAAF5RAAI&bc=101&cd=%AA%6B%B5%6E%A5%4C++++++++++++++&de=000005&ef=ILD&fg=1"
"77","財團法人宜蘭縣後備軍人獎學金基金會","http://cdcb.judicial.gov.tw/abbs/wkw/WHD6K05.jsp?ab=AAAdkxAAHAAAF7ZAAG&bc=101&cd=%AA%6B%B5%6E%A5%4C++++++++++++++&de=000006&ef=ILD&fg=1"
"293","財團法人宜蘭縣大隱國民小學教育基金會","http://cdcb.judicial.gov.tw/abbs/wkw/WHD6K05.jsp?ab=AAAdkxAAHAAAF6sAAG&bc=101&cd=%AA%6B%B5%6E%A5%4C++++++++++++++&de=000007&ef=ILD&fg=1"
"97","財團法人宜蘭縣東興國民小學教育基金會","http://cdcb.judicial.gov.tw/abbs/wkw/WHD6K05.jsp?ab=AAAdkxAAHAAAF69AAF&bc=101&cd=%AA%6B%B5%6E%A5%4C++++++++++++++&de=000010&ef=ILD&fg=1"
"348","社團法人宜蘭縣社區照顧促進會","http://cdcb.judicial.gov.tw/abbs/wkw/WHD6K05.jsp?ab=AAAdkxAAHAAABd3AAB&bc=100&cd=%AA%6B%B5%6E%AA%C0++++++++++++++&de=000007&ef=ILD&fg=1"
"349","社團法人全國道教宮廟人才培訓協會","http://cdcb.judicial.gov.tw/abbs/wkw/WHD6K05.jsp?ab=AAAdkxAAHAAAORhAAA&bc=100&cd=%AA%6B%B5%6E%AA%C0++++++++++++++&de=000008&ef=ILD&fg=1"
"350","社團法人中華九華公益協會","http://cdcb.judicial.gov.tw/abbs/wkw/WHD6K05.jsp?ab=AAAdkxAAHAAAORxAAB&bc=100&cd=%AA%6B%B5%6E%AA%C0++++++++++++++&de=000009&ef=ILD&fg=1"
"351","社團法人宜蘭縣勞工志願服務協會","http://cdcb.judicial.gov.tw/abbs/wkw/WHD6K05.jsp?ab=AAAdkxAAHAAABeIAAC&bc=100&cd=%AA%6B%B5%6E%AA%C0++++++++++++++&de=000010&ef=ILD&fg=1"
"338","財團法人楊光碧水教育基金會","http://cdcb.judicial.gov.tw/abbs/wkw/WHD6K05.jsp?ab=AAAdkxAAHAAAINdAAE&bc=100&cd=%AA%6B%B5%6E%B0%5D++++++++++++++&de=000001&ef=ILD&fg=1"
"340","財團法人宜蘭縣立冬山國民中學教育基金會","http://cdcb.judicial.gov.tw/abbs/wkw/WHD6K05.jsp?ab=AAAdkxAAHAAALTdAAA&bc=100&cd=%AA%6B%B5%6E%B0%5D++++++++++++++&de=000002&ef=ILD&fg=1"
"342","財團法人大二結文化基金會","http://cdcb.judicial.gov.tw/abbs/wkw/WHD6K05.jsp?ab=AAAdkxAAHAAABdgAAG&bc=100&cd=%AA%6B%B5%6E%B0%5D++++++++++++++&de=000004&ef=ILD&fg=1"
"174","財團法人宜蘭縣黎明國民小學教育基金會","http://cdcb.judicial.gov.tw/abbs/wkw/WHD6K05.jsp?ab=AAAdkxAAHAAAF6AAAC&bc=100&cd=%AA%6B%B5%6E%A5%4C++++++++++++++&de=000077&ef=ILD&fg=1"
"232","財團法人宜蘭縣員山國民小學教育基金會","http://cdcb.judicial.gov.tw/abbs/wkw/WHD6K05.jsp?ab=AAAdkxAAHAAAF7GAAF&bc=100&cd=%AA%6B%B5%6E%A5%4C++++++++++++++&de=000078&ef=ILD&fg=1"
"280","財團法人宜蘭縣社會福利聯合勸募基金會","http://cdcb.judicial.gov.tw/abbs/wkw/WHD6K05.jsp?ab=AAAdkxAAHAAAF5SAAA&bc=100&cd=%AA%6B%B5%6E%A5%4C++++++++++++++&de=000079&ef=ILD&fg=1"
"339","社團法人宜蘭縣青少年棒球發展協會","http://cdcb.judicial.gov.tw/abbs/wkw/WHD6K05.jsp?ab=AAAdkxAAHAAAJbEAAB&bc=100&cd=%AA%6B%B5%6E%AA%C0++++++++++++++&de=000001&ef=ILD&fg=1"
"341","社團法人宜蘭縣產業勞工權益協進會","http://cdcb.judicial.gov.tw/abbs/wkw/WHD6K05.jsp?ab=AAAdkxAAHAAANrFAAB&bc=100&cd=%AA%6B%B5%6E%AA%C0++++++++++++++&de=000002&ef=ILD&fg=1"
"344","社團法人宜蘭縣玉皇上帝弘道協進會","http://cdcb.judicial.gov.tw/abbs/wkw/WHD6K05.jsp?ab=AAAdkxAAHAAAOydAAG&bc=100&cd=%AA%6B%B5%6E%AA%C0++++++++++++++&de=000003&ef=ILD&fg=1"
"345","社團法人宜蘭縣愛加倍關懷協會","http://cdcb.judicial.gov.tw/abbs/wkw/WHD6K05.jsp?ab=AAAdkxAAHAAAOyOAAC&bc=100&cd=%AA%6B%B5%6E%AA%C0++++++++++++++&de=000004&ef=ILD&fg=1"
"347","社團法人宜蘭縣長期照護發展協會","http://cdcb.judicial.gov.tw/abbs/wkw/WHD6K05.jsp?ab=AAAdkxAAHAAADwHAAD&bc=100&cd=%AA%6B%B5%6E%AA%C0++++++++++++++&de=000005&ef=ILD&fg=1"
"346","社團法人宜蘭縣培德關懷協進會","http://cdcb.judicial.gov.tw/abbs/wkw/WHD6K05.jsp?ab=AAAdkxAAHAAABdyAAI&bc=100&cd=%AA%6B%B5%6E%AA%C0++++++++++++++&de=000006&ef=ILD&fg=1"
"276","社團法人宜蘭縣賢德禪修協進會","http://cdcb.judicial.gov.tw/abbs/wkw/WHD6K05.jsp?ab=AAAdkxAAHAAAF46AAA&bc=100&cd=%AA%6B%B5%6E%A5%4C++++++++++++++&de=000065&ef=ILD&fg=1"
"196","財團法人宜蘭縣羅東國民小學教育基金會","http://cdcb.judicial.gov.tw/abbs/wkw/WHD6K05.jsp?ab=AAAdkxAAHAAAOzDAAK&bc=100&cd=%AA%6B%B5%6E%A5%4C++++++++++++++&de=000066&ef=ILD&fg=1"
"11","財團法人尊親科學文化教育基金會","http://cdcb.judicial.gov.tw/abbs/wkw/WHD6K05.jsp?ab=AAAdkxAAHAAAF6VAAC&bc=100&cd=%AA%6B%B5%6E%A5%4C++++++++++++++&de=000067&ef=ILD&fg=1"
"175","財團法人宜蘭社區大學教育基金會","http://cdcb.judicial.gov.tw/abbs/wkw/WHD6K05.jsp?ab=AAAdkxAAHAAABd3AAA&bc=100&cd=%AA%6B%B5%6E%A5%4C++++++++++++++&de=000069&ef=ILD&fg=1"
"289","社團法人宜蘭縣蘭陽福利社區促進會","http://cdcb.judicial.gov.tw/abbs/wkw/WHD6K05.jsp?ab=AAAdkxAAHAAABdzAAK&bc=100&cd=%AA%6B%B5%6E%A5%4C++++++++++++++&de=000070&ef=ILD&fg=1"
"201","財團法人宜蘭縣私立懷哲復康之家","http://cdcb.judicial.gov.tw/abbs/wkw/WHD6K05.jsp?ab=AAAdkxAAHAAADv6AAJ&bc=100&cd=%AA%6B%B5%6E%A5%4C++++++++++++++&de=000071&ef=ILD&fg=1"
"270","社團法人宜蘭縣冬山鄉珍珠社區發展協會","http://cdcb.judicial.gov.tw/abbs/wkw/WHD6K05.jsp?ab=AAAdkxAAHAAAF5kAAA&bc=100&cd=%AA%6B%B5%6E%A5%4C++++++++++++++&de=000072&ef=ILD&fg=1"
"158","財團法人宜蘭縣私立蘭馨婦幼中心","http://cdcb.judicial.gov.tw/abbs/wkw/WHD6K05.jsp?ab=AAAdkxAAHAAAF5HAAH&bc=100&cd=%AA%6B%B5%6E%A5%4C++++++++++++++&de=000073&ef=ILD&fg=1"
"254","財團法人感恩社會福利慈善基金會","http://cdcb.judicial.gov.tw/abbs/wkw/WHD6K05.jsp?ab=AAAdkxAAHAAABdjAAF&bc=100&cd=%AA%6B%B5%6E%A5%4C++++++++++++++&de=000056&ef=ILD&fg=1"
"17","財團法人天主教蘭陽青年會","http://cdcb.judicial.gov.tw/abbs/wkw/WHD6K05.jsp?ab=AAAdkxAAHAAAPkSAAL&bc=100&cd=%AA%6B%B5%6E%A5%4C++++++++++++++&de=000063&ef=ILD&fg=1"
"198","財團法人宜蘭縣立成功國民小學教育基金會","http://cdcb.judicial.gov.tw/abbs/wkw/WHD6K05.jsp?ab=AAAdkxAAHAAANtLAAF&bc=100&cd=%AA%6B%B5%6E%A5%4C++++++++++++++&de=000046&ef=ILD&fg=1"
"157","財團法人宜蘭縣同樂國民小學教育基金會","http://cdcb.judicial.gov.tw/abbs/wkw/WHD6K05.jsp?ab=AAAdkxAAHAAAOymAAB&bc=100&cd=%AA%6B%B5%6E%A5%4C++++++++++++++&de=000047&ef=ILD&fg=1"
"156","社團法人宜蘭縣聽障者聲暉協會","http://cdcb.judicial.gov.tw/abbs/wkw/WHD6K05.jsp?ab=AAAdkxAAHAAAPldAAB&bc=100&cd=%AA%6B%B5%6E%A5%4C++++++++++++++&de=000050&ef=ILD&fg=1"
"268","社團法人宜蘭縣羅東鎮社會救濟事業協會","http://cdcb.judicial.gov.tw/abbs/wkw/WHD6K05.jsp?ab=AAAdkxAAHAAAPl3AAA&bc=100&cd=%AA%6B%B5%6E%A5%4C++++++++++++++&de=000051&ef=ILD&fg=1"
"112","財團法人宜蘭縣國立台灣大學教育基金會","http://cdcb.judicial.gov.tw/abbs/wkw/WHD6K05.jsp?ab=AAAdkxAAHAAAOzyAAB&bc=100&cd=%AA%6B%B5%6E%A5%4C++++++++++++++&de=000052&ef=ILD&fg=1"
"148","財團法人宜蘭縣教育會教育基金會","http://cdcb.judicial.gov.tw/abbs/wkw/WHD6K05.jsp?ab=AAAdkxAAHAAADvhAAB&bc=100&cd=%AA%6B%B5%6E%A5%4C++++++++++++++&de=000054&ef=ILD&fg=1"
"142","財團法人宜蘭縣龍潭國民小學教育基金會","http://cdcb.judicial.gov.tw/abbs/wkw/WHD6K05.jsp?ab=AAAdkxAAHAAANtiAAF&bc=100&cd=%AA%6B%B5%6E%A5%4C++++++++++++++&de=000036&ef=ILD&fg=1"
"234","社團法人宜蘭縣頭城鎮中元祭典協會","http://cdcb.judicial.gov.tw/abbs/wkw/WHD6K05.jsp?ab=AAAdkxAAHAAABdtAAD&bc=100&cd=%AA%6B%B5%6E%A5%4C++++++++++++++&de=000037&ef=ILD&fg=1"
"114","財團法人宜蘭縣大湖國民小學教育基金會","http://cdcb.judicial.gov.tw/abbs/wkw/WHD6K05.jsp?ab=AAAdkxAAHAAAJ%2BYAAI&bc=100&cd=%AA%6B%B5%6E%A5%4C++++++++++++++&de=000038&ef=ILD&fg=1"
"138","社團法人宜蘭縣康復之友協會","http://cdcb.judicial.gov.tw/abbs/wkw/WHD6K05.jsp?ab=AAAdkxAAHAAABdtAAE&bc=100&cd=%AA%6B%B5%6E%A5%4C++++++++++++++&de=000040&ef=ILD&fg=1"
"194","財團法人陳燈章教育基金會","http://cdcb.judicial.gov.tw/abbs/wkw/WHD6K05.jsp?ab=AAAdkxAAHAAALSMAAE&bc=100&cd=%AA%6B%B5%6E%A5%4C++++++++++++++&de=000043&ef=ILD&fg=1"
"274","財團法人秀春教育基金會","http://cdcb.judicial.gov.tw/abbs/wkw/WHD6K05.jsp?ab=AAAdkxAAHAAAJ%2B%2BAAE&bc=100&cd=%AA%6B%B5%6E%A5%4C++++++++++++++&de=000025&ef=ILD&fg=1"
"130","財團法人宜蘭市教會聚會所","http://cdcb.judicial.gov.tw/abbs/wkw/WHD6K05.jsp?ab=AAAdkxAAHAAALTdAAF&bc=100&cd=%AA%6B%B5%6E%A5%4C++++++++++++++&de=000026&ef=ILD&fg=1"
"205","財團法人宜蘭縣五結國民小學教育基金會","http://cdcb.judicial.gov.tw/abbs/wkw/WHD6K05.jsp?ab=AAAdkxAAHAAAJ%2FiAAB&bc=100&cd=%AA%6B%B5%6E%A5%4C++++++++++++++&de=000027&ef=ILD&fg=1"
"134","社團法人宜蘭縣脊髓損傷者協會","http://cdcb.judicial.gov.tw/abbs/wkw/WHD6K05.jsp?ab=AAAdkxAAHAAAMYZAAF&bc=100&cd=%AA%6B%B5%6E%A5%4C++++++++++++++&de=000034&ef=ILD&fg=1"
"169","財團法人宜蘭縣新南國民小學教育基金會","http://cdcb.judicial.gov.tw/abbs/wkw/WHD6K05.jsp?ab=AAAdkxAAHAAAIm8AAJ&bc=100&cd=%AA%6B%B5%6E%A5%4C++++++++++++++&de=000019&ef=ILD&fg=1"
"182","財團法人賴氏關懷教育基金會","http://cdcb.judicial.gov.tw/abbs/wkw/WHD6K05.jsp?ab=AAAdkxAAHAAALTVAAK&bc=100&cd=%AA%6B%B5%6E%A5%4C++++++++++++++&de=000009&ef=ILD&fg=1"
"2","財團法人宜蘭縣私立五結美德社會福利慈善事業基金會","http://cdcb.judicial.gov.tw/abbs/wkw/WHD6K05.jsp?ab=AAAdkxAAHAAAGydAAE&bc=100&cd=%AA%6B%B5%6E%A5%4C++++++++++++++&de=000010&ef=ILD&fg=1"
"336","社團法人宜蘭縣職訓教育協進會","http://cdcb.judicial.gov.tw/abbs/wkw/WHD6K05.jsp?ab=AAAdkxAAHAAAE8BAAA&bc=099&cd=%AA%6B%B5%6E%AA%C0++++++++++++++&de=000020&ef=ILD&fg=1"
"337","社團法人宜蘭縣噶瑪蘭飲食發展協會","http://cdcb.judicial.gov.tw/abbs/wkw/WHD6K05.jsp?ab=AAAdkxAAHAAAE7SAAJ&bc=099&cd=%AA%6B%B5%6E%AA%C0++++++++++++++&de=000021&ef=ILD&fg=1"
"323","財團法人創世社會福利基金會","http://cdcb.judicial.gov.tw/abbs/wkw/WHD6K05.jsp?ab=AAAdkxAAHAAAOzhAAB&bc=099&cd=%AA%6B%B5%6E%B0%5D++++++++++++++&de=000002&ef=ILD&fg=1"
"322","社團法人宜蘭縣萬得福弱勢族群權益發展協會","http://cdcb.judicial.gov.tw/abbs/wkw/WHD6K05.jsp?ab=AAAdkxAAHAAAOzeAAI&bc=099&cd=%AA%6B%B5%6E%AA%C0++++++++++++++&de=000011&ef=ILD&fg=1"
"327","社團法人宜蘭縣發展遲緩兒童早期療育協會","http://cdcb.judicial.gov.tw/abbs/wkw/WHD6K05.jsp?ab=AAAdkxAAHAAAEbIAAF&bc=099&cd=%AA%6B%B5%6E%AA%C0++++++++++++++&de=000013&ef=ILD&fg=1"
"330","社團法人宜蘭縣吳儒觀公派下宗親會","http://cdcb.judicial.gov.tw/abbs/wkw/WHD6K05.jsp?ab=AAAdkxAAHAAAClRAAA&bc=099&cd=%AA%6B%B5%6E%AA%C0++++++++++++++&de=000014&ef=ILD&fg=1"
"331","社團法人中華民俗禮儀研究推廣協會","http://cdcb.judicial.gov.tw/abbs/wkw/WHD6K05.jsp?ab=AAAdkxAAHAAACnQAAF&bc=099&cd=%AA%6B%B5%6E%AA%C0++++++++++++++&de=000015&ef=ILD&fg=1"
"332","社團法人宜蘭縣全福關懷協會","http://cdcb.judicial.gov.tw/abbs/wkw/WHD6K05.jsp?ab=AAAdkxAAHAAAClVAAB&bc=099&cd=%AA%6B%B5%6E%AA%C0++++++++++++++&de=000016&ef=ILD&fg=1"
"333","社團法人宜蘭縣以琳家庭關懷協會","http://cdcb.judicial.gov.tw/abbs/wkw/WHD6K05.jsp?ab=AAAdkxAAHAAAE3jAAA&bc=099&cd=%AA%6B%B5%6E%AA%C0++++++++++++++&de=000017&ef=ILD&fg=1"
"334","社團法人宜蘭縣附鳳社林氏宗親會","http://cdcb.judicial.gov.tw/abbs/wkw/WHD6K05.jsp?ab=AAAdkxAAHAAAE85AAD&bc=099&cd=%AA%6B%B5%6E%AA%C0++++++++++++++&de=000018&ef=ILD&fg=1"
"335","社團法人中華民國產業職能教育協進會","http://cdcb.judicial.gov.tw/abbs/wkw/WHD6K05.jsp?ab=AAAdkxAAHAAAE75AAD&bc=099&cd=%AA%6B%B5%6E%AA%C0++++++++++++++&de=000019&ef=ILD&fg=1"
"312","社團法人宜蘭縣千里緣婚姻媒合協會","http://cdcb.judicial.gov.tw/abbs/wkw/WHD6K05.jsp?ab=AAAdkxAAHAAAPlIAAH&bc=099&cd=%AA%6B%B5%6E%AA%C0++++++++++++++&de=000001&ef=ILD&fg=1"
"320","社團法人宜蘭縣歡笑愛心協會","http://cdcb.judicial.gov.tw/abbs/wkw/WHD6K05.jsp?ab=AAAdkxAAHAAAPkLAAE&bc=099&cd=%AA%6B%B5%6E%AA%C0++++++++++++++&de=000003&ef=ILD&fg=1"
"314","社團法人宜蘭縣聾啞福利協進會","http://cdcb.judicial.gov.tw/abbs/wkw/WHD6K05.jsp?ab=AAAdkxAAHAAAPk%2BAAM&bc=099&cd=%AA%6B%B5%6E%AA%C0++++++++++++++&de=000004&ef=ILD&fg=1"
"313","社團法人台灣生命智慧協會","http://cdcb.judicial.gov.tw/abbs/wkw/WHD6K05.jsp?ab=AAAdkxAAHAAAPkuAAJ&bc=099&cd=%AA%6B%B5%6E%AA%C0++++++++++++++&de=000005&ef=ILD&fg=1"
"317","社團法人宜蘭縣蘭雨社會福利協會","http://cdcb.judicial.gov.tw/abbs/wkw/WHD6K05.jsp?ab=AAAdkxAAHAAAPk1AAL&bc=099&cd=%AA%6B%B5%6E%AA%C0++++++++++++++&de=000006&ef=ILD&fg=1"
"315","社團法人宜蘭縣弱勢家庭關懷協會","http://cdcb.judicial.gov.tw/abbs/wkw/WHD6K05.jsp?ab=AAAdkxAAHAAAPkLAAK&bc=099&cd=%AA%6B%B5%6E%AA%C0++++++++++++++&de=000007&ef=ILD&fg=1"
"318","社團法人台灣創意生活美學促進會","http://cdcb.judicial.gov.tw/abbs/wkw/WHD6K05.jsp?ab=AAAdkxAAHAAAPkwAAI&bc=099&cd=%AA%6B%B5%6E%AA%C0++++++++++++++&de=000008&ef=ILD&fg=1"
"6","財團法人天主教宜蘭救主修女會","http://cdcb.judicial.gov.tw/abbs/wkw/WHD6K05.jsp?ab=AAAdkxAAHAAACnQAAK&bc=099&cd=%AA%6B%B5%6E%A5%4C++++++++++++++&de=000079&ef=ILD&fg=1"
"243","財團法人立大基金會","http://cdcb.judicial.gov.tw/abbs/wkw/WHD6K05.jsp?ab=AAAdkxAAHAAAE%2BAAAH&bc=099&cd=%AA%6B%B5%6E%A5%4C++++++++++++++&de=000080&ef=ILD&fg=1"
"273","社團法人臺灣護理之家協會","http://cdcb.judicial.gov.tw/abbs/wkw/WHD6K05.jsp?ab=AAAdkxAAHAAAE2cAAE&bc=099&cd=%AA%6B%B5%6E%A5%4C++++++++++++++&de=000081&ef=ILD&fg=1"
"231","財團法人宜蘭縣武淵國民小學教育基金會","http://cdcb.judicial.gov.tw/abbs/wkw/WHD6K05.jsp?ab=AAAdkxAAHAAACfhAAK&bc=099&cd=%AA%6B%B5%6E%A5%4C++++++++++++++&de=000066&ef=ILD&fg=1"
"143","社團法人宜蘭縣盲人福利協進會","http://cdcb.judicial.gov.tw/abbs/wkw/WHD6K05.jsp?ab=AAAdkxAAHAAACqGAAA&bc=099&cd=%AA%6B%B5%6E%A5%4C++++++++++++++&de=000068&ef=ILD&fg=1"
"269","社團法人宜蘭縣蘇澳鎮港邊社區發展協會","http://cdcb.judicial.gov.tw/abbs/wkw/WHD6K05.jsp?ab=AAAdkxAAHAAACupAAB&bc=099&cd=%AA%6B%B5%6E%A5%4C++++++++++++++&de=000075&ef=ILD&fg=1"
"120","財團法人北宜產業廣播事業基金會","http://cdcb.judicial.gov.tw/abbs/wkw/WHD6K05.jsp?ab=AAAdkxAAHAAAOzeAAJ&bc=099&cd=%AA%6B%B5%6E%A5%4C++++++++++++++&de=000051&ef=ILD&fg=1"
"126","財團法人宜蘭縣五結鄉孝威村國姓廟","http://cdcb.judicial.gov.tw/abbs/wkw/WHD6K05.jsp?ab=AAAdkxAAHAAAOzkAAH&bc=099&cd=%AA%6B%B5%6E%A5%4C++++++++++++++&de=000052&ef=ILD&fg=1"
"236","社團法人宜蘭縣邦榮敦親會","http://cdcb.judicial.gov.tw/abbs/wkw/WHD6K05.jsp?ab=AAAdkxAAHAAAOzlAAJ&bc=099&cd=%AA%6B%B5%6E%A5%4C++++++++++++++&de=000054&ef=ILD&fg=1"
"141","社團法人宜蘭縣車禍受難者關懷協會","http://cdcb.judicial.gov.tw/abbs/wkw/WHD6K05.jsp?ab=AAAdkxAAHAAAPk5AAC&bc=099&cd=%AA%6B%B5%6E%A5%4C++++++++++++++&de=000028&ef=ILD&fg=1"
"191","社團法人宜蘭縣基督教生命之光青少年發展協會","http://cdcb.judicial.gov.tw/abbs/wkw/WHD6K05.jsp?ab=AAAdkxAAHAAAOzXAAI&bc=099&cd=%AA%6B%B5%6E%A5%4C++++++++++++++&de=000015&ef=ILD&fg=1"
"300","財團法人城鄉創意文化基金會","http://cdcb.judicial.gov.tw/abbs/wkw/WHD6K05.jsp?ab=AAAdkxAAHAAAPlEAAB&bc=098&cd=%AA%6B%B5%6E%B0%5D++++++++++++++&de=000005&ef=ILD&fg=1"
"308","財團法人中國基督教靈糧世界佈道會蘭陽靈糧堂","http://cdcb.judicial.gov.tw/abbs/wkw/WHD6K05.jsp?ab=AAAdkxAAHAAAPk7AAF&bc=098&cd=%AA%6B%B5%6E%B0%5D++++++++++++++&de=000007&ef=ILD&fg=1"
"301","社團法人宜蘭縣頭城鎮龜山島社區發展協會","http://cdcb.judicial.gov.tw/abbs/wkw/WHD6K05.jsp?ab=AAAdkxAAHAAAPkMAAE&bc=098&cd=%AA%6B%B5%6E%AA%C0++++++++++++++&de=000008&ef=ILD&fg=1"
"304","社團法人台灣人智學健康社群協會","http://cdcb.judicial.gov.tw/abbs/wkw/WHD6K05.jsp?ab=AAAdkxAAHAAAPlCAAI&bc=098&cd=%AA%6B%B5%6E%AA%C0++++++++++++++&de=000009&ef=ILD&fg=1"
"303","社團法人宜蘭縣宜萱婦幼關懷協會","http://cdcb.judicial.gov.tw/abbs/wkw/WHD6K05.jsp?ab=AAAdkxAAHAAAOzYAAE&bc=098&cd=%AA%6B%B5%6E%AA%C0++++++++++++++&de=000011&ef=ILD&fg=1"
"306","社團法人中華民國法天宮道教會","http://cdcb.judicial.gov.tw/abbs/wkw/WHD6K05.jsp?ab=AAAdkxAAHAAAOyfAAD&bc=098&cd=%AA%6B%B5%6E%AA%C0++++++++++++++&de=000012&ef=ILD&fg=1"
"309","社團法人宜蘭縣日月婚姻媒合協會","http://cdcb.judicial.gov.tw/abbs/wkw/WHD6K05.jsp?ab=AAAdkxAAHAAAOzYAAF&bc=098&cd=%AA%6B%B5%6E%AA%C0++++++++++++++&de=000013&ef=ILD&fg=1"
"292","社團法人宜蘭縣餐飲推廣協會","http://cdcb.judicial.gov.tw/abbs/wkw/WHD6K05.jsp?ab=AAAdkxAAHAAAOzRAAD&bc=098&cd=%AA%6B%B5%6E%AA%C0++++++++++++++&de=000001&ef=ILD&fg=1"
"294","社團法人宜蘭縣關懷中高齡權益協會","http://cdcb.judicial.gov.tw/abbs/wkw/WHD6K05.jsp?ab=AAAdkxAAHAAAPk9AAF&bc=098&cd=%AA%6B%B5%6E%AA%C0++++++++++++++&de=000003&ef=ILD&fg=1"
"295","社團法人宜蘭縣愛德仁協會","http://cdcb.judicial.gov.tw/abbs/wkw/WHD6K05.jsp?ab=AAAdkxAAHAAAPlIAAF&bc=098&cd=%AA%6B%B5%6E%AA%C0++++++++++++++&de=000004&ef=ILD&fg=1"
"296","社團法人宜蘭縣信望愛同舟共濟會","http://cdcb.judicial.gov.tw/abbs/wkw/WHD6K05.jsp?ab=AAAdkxAAHAAAOzxAAF&bc=098&cd=%AA%6B%B5%6E%AA%C0++++++++++++++&de=000005&ef=ILD&fg=1"
"285","","http://cdcb.judicial.gov.tw/abbs/wkw/WHD6K05.jsp?ab=AAAdkxAAHAAAOzjAAD&bc=098&cd=%AA%6B%B5%6E%A5%4C++++++++++++++&de=000059&ef=ILD&fg=1"
"241","財團法人宜蘭縣取得私有既成道路基金會","http://cdcb.judicial.gov.tw/abbs/wkw/WHD6K05.jsp?ab=AAAdkxAAHAAAOzsAAE&bc=098&cd=%AA%6B%B5%6E%A5%4C++++++++++++++&de=000063&ef=ILD&fg=1"
"206","財團法人宜蘭縣東澳國民小學教育基金會","http://cdcb.judicial.gov.tw/abbs/wkw/WHD6K05.jsp?ab=AAAdkxAAHAAAPk6AAE&bc=098&cd=%AA%6B%B5%6E%A5%4C++++++++++++++&de=000043&ef=ILD&fg=1"
"168","社團法人宜蘭縣學習障礙者發展協會","http://cdcb.judicial.gov.tw/abbs/wkw/WHD6K05.jsp?ab=AAAdkxAAHAAAPk%2FAAD&bc=098&cd=%AA%6B%B5%6E%A5%4C++++++++++++++&de=000023&ef=ILD&fg=1"
"171","財團法人宜蘭縣玉田國民小學教育基金會","http://cdcb.judicial.gov.tw/abbs/wkw/WHD6K05.jsp?ab=AAAdkxAAHAAAOzfAAF&bc=098&cd=%AA%6B%B5%6E%A5%4C++++++++++++++&de=000026&ef=ILD&fg=1"
"290","社團法人宜蘭縣美學才藝發展協會","http://cdcb.judicial.gov.tw/abbs/wkw/WHD6K05.jsp?ab=AAAdkxAAHAAAPlDAAJ&bc=097&cd=%AA%6B%B5%6E%AA%C0++++++++++++++&de=000008&ef=ILD&fg=1"
"288","財團法人宜蘭縣私立宏仁老人長期照顧中心(養護型)","http://cdcb.judicial.gov.tw/abbs/wkw/WHD6K05.jsp?ab=AAAdkxAAHAAAPk6AAD&bc=097&cd=%AA%6B%B5%6E%B0%5D++++++++++++++&de=000002&ef=ILD&fg=1"
"282","社團法人宜蘭縣康健老人福利關懷協會","http://cdcb.judicial.gov.tw/abbs/wkw/WHD6K05.jsp?ab=AAAdkxAAHAAAPk4AAI&bc=097&cd=%AA%6B%B5%6E%AA%C0++++++++++++++&de=000001&ef=ILD&fg=1"
"281","社團法人宜蘭縣溫馨家庭促進協會","http://cdcb.judicial.gov.tw/abbs/wkw/WHD6K05.jsp?ab=AAAdkxAAHAAAPlEAAN&bc=097&cd=%AA%6B%B5%6E%AA%C0++++++++++++++&de=000002&ef=ILD&fg=1"
"284","社團法人宜蘭縣中西餐飲廚藝研究發展協會","http://cdcb.judicial.gov.tw/abbs/wkw/WHD6K05.jsp?ab=AAAdkxAAHAAAOzcAAA&bc=097&cd=%AA%6B%B5%6E%AA%C0++++++++++++++&de=000003&ef=ILD&fg=1"
"184","財團法人自然環境保護基金會","http://cdcb.judicial.gov.tw/abbs/wkw/WHD6K05.jsp?ab=AAAdkxAAHAAAPlDAAD&bc=097&cd=%AA%6B%B5%6E%A5%4C++++++++++++++&de=000047&ef=ILD&fg=1"
"217","社團法人宜蘭縣志通外內丹功愛心協會","http://cdcb.judicial.gov.tw/abbs/wkw/WHD6K05.jsp?ab=AAAdkxAAHAAAPlIAAJ&bc=097&cd=%AA%6B%B5%6E%A5%4C++++++++++++++&de=000033&ef=ILD&fg=1"
"15","財團法人天主教靈醫會","http://cdcb.judicial.gov.tw/abbs/wkw/WHD6K05.jsp?ab=AAAdkxAAHAAAPlEAAL&bc=097&cd=%AA%6B%B5%6E%A5%4C++++++++++++++&de=000004&ef=ILD&fg=1"
"275","社團法人宜蘭縣永續發展工程學會","http://cdcb.judicial.gov.tw/abbs/wkw/WHD6K05.jsp?ab=AAAdkxAAHAAAPkxAAG&bc=096&cd=%AA%6B%B5%6E%AA%C0++++++++++++++&de=000006&ef=ILD&fg=1"
"192","財團法人頭城家商教育基金會","http://cdcb.judicial.gov.tw/abbs/wkw/WHD6K05.jsp?ab=AAAdkxAAHAAAPlHAAB&bc=096&cd=%AA%6B%B5%6E%A5%4C++++++++++++++&de=000044&ef=ILD&fg=1"
"87","財團法人宜蘭縣私立蘭陽智能發展中心","http://cdcb.judicial.gov.tw/abbs/wkw/WHD6K05.jsp?ab=AAAdkxAAHAAAPkyAAJ&bc=096&cd=%AA%6B%B5%6E%A5%4C++++++++++++++&de=000036&ef=ILD&fg=1"
"13","財團法人新約教會宜蘭教會","http://cdcb.judicial.gov.tw/abbs/wkw/WHD6K05.jsp?ab=AAAdkxAAHAAAPk2AAA&bc=096&cd=%AA%6B%B5%6E%A5%4C++++++++++++++&de=000023&ef=ILD&fg=1"
"154","財團法人祭祀公業鄭康成公益基金會","http://cdcb.judicial.gov.tw/abbs/wkw/WHD6K05.jsp?ab=AAAdkxAAHAAAOzgAAD&bc=096&cd=%AA%6B%B5%6E%A5%4C++++++++++++++&de=000013&ef=ILD&fg=1"
"252","社團法人宜蘭縣身心障礙職業技能促進協會","http://cdcb.judicial.gov.tw/abbs/wkw/WHD6K05.jsp?ab=AAAdkxAAHAAAOzWAAB&bc=095&cd=%AA%6B%B5%6E%AA%C0++++++++++++++&de=000001&ef=ILD&fg=1"
"257","社團法人宜蘭縣頭城鎮老人福利服務協進會","http://cdcb.judicial.gov.tw/abbs/wkw/WHD6K05.jsp?ab=AAAdkxAAHAAAOzWAAJ&bc=095&cd=%AA%6B%B5%6E%AA%C0++++++++++++++&de=000002&ef=ILD&fg=1"
"263","社團法人宜蘭縣救難協會","http://cdcb.judicial.gov.tw/abbs/wkw/WHD6K05.jsp?ab=AAAdkxAAHAAAOzcAAI&bc=095&cd=%AA%6B%B5%6E%AA%C0++++++++++++++&de=000005&ef=ILD&fg=1"
"261","社團法人宜蘭縣蘇澳鎮海岸社區發展協會","http://cdcb.judicial.gov.tw/abbs/wkw/WHD6K05.jsp?ab=AAAdkxAAHAAAPkzAAD&bc=095&cd=%AA%6B%B5%6E%AA%C0++++++++++++++&de=000006&ef=ILD&fg=1"
"102","財團法人祭祀公業潘桑基金會","http://cdcb.judicial.gov.tw/abbs/wkw/WHD6K05.jsp?ab=AAAdkxAAHAAAOzZAAE&bc=095&cd=%AA%6B%B5%6E%A5%4C++++++++++++++&de=000055&ef=ILD&fg=1"
"16","財團法人基督教聖召會頭城福音中心","http://cdcb.judicial.gov.tw/abbs/wkw/WHD6K05.jsp?ab=AAAdkxAAHAAAPkPAAH&bc=095&cd=%AA%6B%B5%6E%A5%4C++++++++++++++&de=000044&ef=ILD&fg=1"
"177","財團法人宜蘭縣私立慈海社會福利慈善事業基金會(96年11月19日註銷登記)","http://cdcb.judicial.gov.tw/abbs/wkw/WHD6K05.jsp?ab=AAAdkxAAHAAAPkPAAI&bc=095&cd=%AA%6B%B5%6E%A5%4C++++++++++++++&de=000045&ef=ILD&fg=1"
"70","財團法人基督徒宜蘭禮拜堂","http://cdcb.judicial.gov.tw/abbs/wkw/WHD6K05.jsp?ab=AAAdkxAAHAAAPkvAAB&bc=095&cd=%AA%6B%B5%6E%A5%4C++++++++++++++&de=000049&ef=ILD&fg=1"
"176","社團法人宜蘭縣蘭陽國際獅子會","http://cdcb.judicial.gov.tw/abbs/wkw/WHD6K05.jsp?ab=AAAdkxAAHAAAO0AAAD&bc=094&cd=%AA%6B%B5%6E%A5%4C++++++++++++++&de=000039&ef=ILD&fg=1"
"119","財團法人宜蘭縣黃純善公基金會","http://cdcb.judicial.gov.tw/abbs/wkw/WHD6K05.jsp?ab=AAAdkxAAHAAAPk3AAB&bc=094&cd=%AA%6B%B5%6E%A5%4C++++++++++++++&de=000044&ef=ILD&fg=1"
"1","財團法人台灣省宜蘭縣爐源寺","http://cdcb.judicial.gov.tw/abbs/wkw/WHD6K05.jsp?ab=AAAdkxAAHAAAPkyAAA&bc=094&cd=%AA%6B%B5%6E%A5%4C++++++++++++++&de=000026&ef=ILD&fg=1"
"240","社團法人宜蘭縣五結國際獅子會","http://cdcb.judicial.gov.tw/abbs/wkw/WHD6K05.jsp?ab=AAAdkxAAHAAAPlAAAA&bc=093&cd=%AA%6B%B5%6E%AA%C0++++++++++++++&de=000010&ef=ILD&fg=1"
"242","社團法人宜蘭縣關懷兒童協會","http://cdcb.judicial.gov.tw/abbs/wkw/WHD6K05.jsp?ab=AAAdkxAAHAAAOzhAAE&bc=093&cd=%AA%6B%B5%6E%AA%C0++++++++++++++&de=000012&ef=ILD&fg=1"
"233","社團法人宜蘭縣冬山鄉太和社區發展協會","http://cdcb.judicial.gov.tw/abbs/wkw/WHD6K05.jsp?ab=AAAdkxAAHAAAOzQAAC&bc=093&cd=%AA%6B%B5%6E%AA%C0++++++++++++++&de=000004&ef=ILD&fg=1"
"215","社團法人宜蘭縣勞工教育協進會","http://cdcb.judicial.gov.tw/abbs/wkw/WHD6K05.jsp?ab=AAAdkxAAHAAAOzQAAE&bc=093&cd=%AA%6B%B5%6E%AA%C0++++++++++++++&de=000005&ef=ILD&fg=1"
"84","財團法人羅東高商教育基金會","http://cdcb.judicial.gov.tw/abbs/wkw/WHD6K05.jsp?ab=AAAdkxAAHAAAOz6AAB&bc=093&cd=%AA%6B%B5%6E%A5%4C++++++++++++++&de=000031&ef=ILD&fg=1"
"216","社團法人宜蘭縣玉皇上帝弘道協會","http://cdcb.judicial.gov.tw/abbs/wkw/WHD6K05.jsp?ab=AAAdkxAAHAAAOz4AAD&bc=093&cd=%AA%6B%B5%6E%A5%4C++++++++++++++&de=000025&ef=ILD&fg=1"
"79","社團法人宜蘭縣冬山鄉梅花社區發展協會","http://cdcb.judicial.gov.tw/abbs/wkw/WHD6K05.jsp?ab=AAAdkxAAHAAAOybAAB&bc=092&cd=%AA%6B%B5%6E%A5%4C++++++++++++++&de=000041&ef=ILD&fg=1"
"166","財團法人宜蘭縣私立昱仁社會福利慈善事業基金會                        ","http://cdcb.judicial.gov.tw/abbs/wkw/WHD6K05.jsp?ab=AAAdkxAAHAAAOz7AAD&bc=088&cd=%AA%6B%B5%6E%B0%5D++++++++++++++&de=000005&ef=ILD&fg=1"
"167","社團法人宜蘭縣李氏宗親會                                            ","http://cdcb.judicial.gov.tw/abbs/wkw/WHD6K05.jsp?ab=AAAdkxAAHAAAO0FAAC&bc=088&cd=%AA%6B%B5%6E%AA%C0++++++++++++++&de=000006&ef=ILD&fg=1"
"149","社團法人宜蘭縣冬山鄉廣興社區發展協會                                ","http://cdcb.judicial.gov.tw/abbs/wkw/WHD6K05.jsp?ab=AAAdkxAAHAAAO0GAAA&bc=087&cd=%AA%6B%B5%6E%AA%C0++++++++++++++&de=000011&ef=ILD&fg=1"
"152","社團法人宜蘭縣三星鄉尚武社區發展協會                                ","http://cdcb.judicial.gov.tw/abbs/wkw/WHD6K05.jsp?ab=AAAdkxAAHAAAOzSAAD&bc=087&cd=%AA%6B%B5%6E%AA%C0++++++++++++++&de=000017&ef=ILD&fg=1"
"155","社團法人宜蘭縣民間藝能發展協會                                      ","http://cdcb.judicial.gov.tw/abbs/wkw/WHD6K05.jsp?ab=AAAdkxAAHAAAOz2AAD&bc=087&cd=%AA%6B%B5%6E%AA%C0++++++++++++++&de=000001&ef=ILD&fg=1"
"127","社團法人宜蘭縣三星鄉行健社區發展協會                        ","http://cdcb.judicial.gov.tw/abbs/wkw/WHD6K05.jsp?ab=AAAdkxAAHAAAOygAAB&bc=086&cd=%AA%6B%B5%6E%B0%5D++++++++++++++&de=000023&ef=ILD&fg=1"
"227","財團法人社團法人宜蘭縣慈福觀音功德會                                ","http://cdcb.judicial.gov.tw/abbs/wkw/WHD6K05.jsp?ab=AAAdkxAAHAAAOyXAAB&bc=085&cd=%AA%6B%B5%6E%B0%5D++++++++++++++&de=000035&ef=ILD&fg=1"
"122","社團法人宜蘭縣三星鄉萬富社區法展協會                        ","http://cdcb.judicial.gov.tw/abbs/wkw/WHD6K05.jsp?ab=AAAdkxAAHAAAOyfAAB&bc=086&cd=%AA%6B%B5%6E%AA%C0++++++++++++++&de=000007&ef=ILD&fg=1"
"131","社團法人台灣省畫學會                                        ","http://cdcb.judicial.gov.tw/abbs/wkw/WHD6K05.jsp?ab=AAAdkxAAHAAAOzTAAE&bc=086&cd=%AA%6B%B5%6E%AA%C0++++++++++++++&de=000025&ef=ILD&fg=1"
"111","社團法人宜蘭縣三星鄉大義社區發展協會                                ","http://cdcb.judicial.gov.tw/abbs/wkw/WHD6K05.jsp?ab=AAAdkxAAHAAAOzrAAA&bc=085&cd=%AA%6B%B5%6E%AA%C0++++++++++++++&de=000009&ef=ILD&fg=1"
"116","社團法人宜蘭縣慈福觀音功德會","http://cdcb.judicial.gov.tw/abbs/wkw/WHD6K05.jsp?ab=AAAdkxAAHAAAOzrAAB&bc=085&cd=%AA%6B%B5%6E%AA%C0++++++++++++++&de=000035&ef=ILD&fg=1"
"106","財團法人宜蘭縣私立慈愛幼稚園                                        ","http://cdcb.judicial.gov.tw/abbs/wkw/WHD6K05.jsp?ab=AAAdkxAAHAAAOzrAAC&bc=085&cd=%AA%6B%B5%6E%B0%5D++++++++++++++&de=000001&ef=ILD&fg=1"
"94","社團法人宜蘭縣冬山鄉群英社區發展協會                                ","http://cdcb.judicial.gov.tw/abbs/wkw/WHD6K05.jsp?ab=AAAdkxAAHAAAOzLAAC&bc=084&cd=%AA%6B%B5%6E++++++++++++++++&de=000006&ef=ILD&fg=1"
"100","社團法人宜蘭縣蘇澳鎮白米社區發展協會                                ","http://cdcb.judicial.gov.tw/abbs/wkw/WHD6K05.jsp?ab=AAAdkxAAHAAAOyVAAF&bc=084&cd=%AA%6B%B5%6E%AA%C0++++++++++++++&de=000016&ef=ILD&fg=1"
"99","社團法人宜蘭縣三星鄉大隱社區發展協會                                ","http://cdcb.judicial.gov.tw/abbs/wkw/WHD6K05.jsp?ab=AAAdkxAAHAAAOyWAAB&bc=084&cd=%AA%6B%B5%6E%B0%5D++++++++++++++&de=000015&ef=ILD&fg=1"
"27","財團法人中國青年服務事業文教基金會宜蘭縣分事務所","http://cdcb.judicial.gov.tw/abbs/wkw/WHD6K05.jsp?ab=AAAdkxAAHAAAPlBAAG&bc=078&cd=%AA%6B%B5%6E++++++++++++++++&de=000003&ef=ILD&fg=1"
