"262","財團法人黃笑園文學基金會","http://cdcb.judicial.gov.tw/abbs/wkw/WHD6K05.jsp?ab=AAAdkxAAHAAAGuKAAK&bc=103&cd=%AA%6B%B5%6E%B0%5D++++++++++++++&de=000004&ef=KLD&fg=1"
"101","財團法人新北市私立中華商業海事職業學校","http://cdcb.judicial.gov.tw/abbs/wkw/WHD6K05.jsp?ab=AAAdkxAAHAAAGuKAAJ&bc=103&cd=%AA%6B%B5%6E%A5%4C++++++++++++++&de=000032&ef=KLD&fg=1"
"201","社團法人基隆市祥和慈善推展服務協會","http://cdcb.judicial.gov.tw/abbs/wkw/WHD6K05.jsp?ab=AAAdkxAAHAAAGuvAAA&bc=103&cd=%AA%6B%B5%6E%A5%4C++++++++++++++&de=000033&ef=KLD&fg=1"
"257","社團法人臺灣海商法學會","http://cdcb.judicial.gov.tw/abbs/wkw/WHD6K05.jsp?ab=AAAdkxAAHAAAGrfAAC&bc=103&cd=%AA%6B%B5%6E%AA%C0++++++++++++++&de=000001&ef=KLD&fg=1"
"258","社團法人新北市房地產業發展協會","http://cdcb.judicial.gov.tw/abbs/wkw/WHD6K05.jsp?ab=AAAdkxAAHAAAGrvAAH&bc=103&cd=%AA%6B%B5%6E%AA%C0++++++++++++++&de=000002&ef=KLD&fg=1"
"259","社團法人基隆市社會工作師公會","http://cdcb.judicial.gov.tw/abbs/wkw/WHD6K05.jsp?ab=AAAdkxAAHAAAGrgAAI&bc=103&cd=%AA%6B%B5%6E%AA%C0++++++++++++++&de=000003&ef=KLD&fg=1"
"260","社團法人中華道教瑤池金母弘道協會","http://cdcb.judicial.gov.tw/abbs/wkw/WHD6K05.jsp?ab=AAAdkxAAHAAAGrCAAB&bc=103&cd=%AA%6B%B5%6E%AA%C0++++++++++++++&de=000004&ef=KLD&fg=1"
"263","社團法人台灣遊艇碼頭管理協會","http://cdcb.judicial.gov.tw/abbs/wkw/WHD6K05.jsp?ab=AAAdkxAAHAAAGuKAAI&bc=103&cd=%AA%6B%B5%6E%AA%C0++++++++++++++&de=000005&ef=KLD&fg=1"
"255","財團法人傑華教育基金會","http://cdcb.judicial.gov.tw/abbs/wkw/WHD6K05.jsp?ab=AAAdkxAAHAAAGquAAJ&bc=103&cd=%AA%6B%B5%6E%B0%5D++++++++++++++&de=000001&ef=KLD&fg=1"
"256","財團法人新北市金山慈音寺","http://cdcb.judicial.gov.tw/abbs/wkw/WHD6K05.jsp?ab=AAAdkxAAHAAAGqPAAE&bc=103&cd=%AA%6B%B5%6E%B0%5D++++++++++++++&de=000002&ef=KLD&fg=1"
"261","財團法人基隆市私立謝修平社會福利慈善事業基金會","http://cdcb.judicial.gov.tw/abbs/wkw/WHD6K05.jsp?ab=AAAdkxAAHAAAGspAAF&bc=103&cd=%AA%6B%B5%6E%B0%5D++++++++++++++&de=000003&ef=KLD&fg=1"
"36","財團法人中華基督教台灣省基隆市浸信會","http://cdcb.judicial.gov.tw/abbs/wkw/WHD6K05.jsp?ab=AAAdkxAAHAAAGsvAAB&bc=103&cd=%AA%6B%B5%6E%A5%4C++++++++++++++&de=000022&ef=KLD&fg=1"
"13","財團法人台灣省基隆市教會聚會所","http://cdcb.judicial.gov.tw/abbs/wkw/WHD6K05.jsp?ab=AAAdkxAAHAAAGtCAAH&bc=103&cd=%AA%6B%B5%6E%A5%4C++++++++++++++&de=000023&ef=KLD&fg=1"
"178","財團法人新北市私立馨園老人養護中心","http://cdcb.judicial.gov.tw/abbs/wkw/WHD6K05.jsp?ab=AAAdkxAAHAAAGtPAAH&bc=103&cd=%AA%6B%B5%6E%A5%4C++++++++++++++&de=000024&ef=KLD&fg=1"
"180","財團法人基隆市體育發展基金會","http://cdcb.judicial.gov.tw/abbs/wkw/WHD6K05.jsp?ab=AAAdkxAAHAAAGtPAAG&bc=103&cd=%AA%6B%B5%6E%A5%4C++++++++++++++&de=000025&ef=KLD&fg=1"
"230","社團法人基隆市志願服務協會","http://cdcb.judicial.gov.tw/abbs/wkw/WHD6K05.jsp?ab=AAAdkxAAHAAAGuIAAD&bc=103&cd=%AA%6B%B5%6E%A5%4C++++++++++++++&de=000026&ef=KLD&fg=1"
"187","社團法人基隆市自閉症家長協會","http://cdcb.judicial.gov.tw/abbs/wkw/WHD6K05.jsp?ab=AAAdkxAAHAAAGs%2BAAH&bc=103&cd=%AA%6B%B5%6E%A5%4C++++++++++++++&de=000027&ef=KLD&fg=1"
"206","社團法人基隆市生命線協會","http://cdcb.judicial.gov.tw/abbs/wkw/WHD6K05.jsp?ab=AAAdkxAAHAAAGs%2BAAG&bc=103&cd=%AA%6B%B5%6E%A5%4C++++++++++++++&de=000028&ef=KLD&fg=1"
"51","財團法人基隆市胡氏漁民遺屬慈善服務基金會","http://cdcb.judicial.gov.tw/abbs/wkw/WHD6K05.jsp?ab=AAAdkxAAHAAAGtMAAJ&bc=103&cd=%AA%6B%B5%6E%A5%4C++++++++++++++&de=000029&ef=KLD&fg=1"
"200","財團法人陽明海運股份有限公司職工福利委員會","http://cdcb.judicial.gov.tw/abbs/wkw/WHD6K05.jsp?ab=AAAdkxAAHAAAGsfAAD&bc=103&cd=%AA%6B%B5%6E%A5%4C++++++++++++++&de=000030&ef=KLD&fg=1"
"63","社團法人基隆東區扶輪社","http://cdcb.judicial.gov.tw/abbs/wkw/WHD6K05.jsp?ab=AAAdkxAAHAAAGtbAAH&bc=103&cd=%AA%6B%B5%6E%A5%4C++++++++++++++&de=000031&ef=KLD&fg=1"
"18","財團法人崇右技術學院","http://cdcb.judicial.gov.tw/abbs/wkw/WHD6K05.jsp?ab=AAAdkxAAHAAAGplAAF&bc=103&cd=%AA%6B%B5%6E%A5%4C++++++++++++++&de=000010&ef=KLD&fg=1"
"19","財團法人台灣省基隆市基督教韓國教會","http://cdcb.judicial.gov.tw/abbs/wkw/WHD6K05.jsp?ab=AAAdkxAAHAAAGrtAAI&bc=103&cd=%AA%6B%B5%6E%A5%4C++++++++++++++&de=000011&ef=KLD&fg=1"
"122","財團法人波錠文教基金會","http://cdcb.judicial.gov.tw/abbs/wkw/WHD6K05.jsp?ab=AAAdkxAAHAAAGr9AAF&bc=103&cd=%AA%6B%B5%6E%A5%4C++++++++++++++&de=000012&ef=KLD&fg=1"
"168","社團法人基隆市山岳會","http://cdcb.judicial.gov.tw/abbs/wkw/WHD6K05.jsp?ab=AAAdkxAAHAAAGqwAAI&bc=103&cd=%AA%6B%B5%6E%A5%4C++++++++++++++&de=000014&ef=KLD&fg=1"
"231","社團法人中華民國青澀芷蘭菁英培育發展協會","http://cdcb.judicial.gov.tw/abbs/wkw/WHD6K05.jsp?ab=AAAdkxAAHAAAGoQAAA&bc=103&cd=%AA%6B%B5%6E%A5%4C++++++++++++++&de=000015&ef=KLD&fg=1"
"114","財團法人基督門徒訓練中心","http://cdcb.judicial.gov.tw/abbs/wkw/WHD6K05.jsp?ab=AAAdkxAAHAAAGoRAAH&bc=103&cd=%AA%6B%B5%6E%A5%4C++++++++++++++&de=000018&ef=KLD&fg=1"
"12","二信學校財團法人","http://cdcb.judicial.gov.tw/abbs/wkw/WHD6K05.jsp?ab=AAAdkxAAHAAAGrCAAC&bc=103&cd=%AA%6B%B5%6E%A5%4C++++++++++++++&de=000019&ef=KLD&fg=1"
"232","財團法人基督教基隆靈糧堂","http://cdcb.judicial.gov.tw/abbs/wkw/WHD6K05.jsp?ab=AAAdkxAAHAAAGrJAAK&bc=103&cd=%AA%6B%B5%6E%A5%4C++++++++++++++&de=000020&ef=KLD&fg=1"
"129","財團法人基隆社區大學教育基金會","http://cdcb.judicial.gov.tw/abbs/wkw/WHD6K05.jsp?ab=AAAdkxAAHAAAGstAAC&bc=103&cd=%AA%6B%B5%6E%A5%4C++++++++++++++&de=000021&ef=KLD&fg=1"
"252","財團法人天王救難基金會","http://cdcb.judicial.gov.tw/abbs/wkw/WHD6K05.jsp?ab=AAAdkxAAHAAAGpeAAE&bc=102&cd=%AA%6B%B5%6E%B0%5D++++++++++++++&de=000002&ef=KLD&fg=1"
"131","時雨學校財團法人新北市私立時雨高級中學","http://cdcb.judicial.gov.tw/abbs/wkw/WHD6K05.jsp?ab=AAAdkxAAHAAAGrDAAB&bc=103&cd=%AA%6B%B5%6E%A5%4C++++++++++++++&de=000001&ef=KLD&fg=1"
"60","財團法人基隆市私立松柏社會福利慈善事業基金會","http://cdcb.judicial.gov.tw/abbs/wkw/WHD6K05.jsp?ab=AAAdkxAAHAAAGoeAAF&bc=103&cd=%AA%6B%B5%6E%A5%4C++++++++++++++&de=000002&ef=KLD&fg=1"
"65","社團法人基隆市中醫師公會","http://cdcb.judicial.gov.tw/abbs/wkw/WHD6K05.jsp?ab=AAAdkxAAHAAAGpSAAA&bc=103&cd=%AA%6B%B5%6E%A5%4C++++++++++++++&de=000003&ef=KLD&fg=1"
"25","財團法人台灣省基隆市私立光隆高級家事商業職業學校","http://cdcb.judicial.gov.tw/abbs/wkw/WHD6K05.jsp?ab=AAAdkxAAHAAAGrMAAB&bc=103&cd=%AA%6B%B5%6E%A5%4C++++++++++++++&de=000004&ef=KLD&fg=1"
"212","社團法人基隆市公教退休人員協會","http://cdcb.judicial.gov.tw/abbs/wkw/WHD6K05.jsp?ab=AAAdkxAAHAAAGqAAAJ&bc=103&cd=%AA%6B%B5%6E%A5%4C++++++++++++++&de=000005&ef=KLD&fg=1"
"139","財團法人經國文教基金會","http://cdcb.judicial.gov.tw/abbs/wkw/WHD6K05.jsp?ab=AAAdkxAAHAAAGpSAAK&bc=103&cd=%AA%6B%B5%6E%A5%4C++++++++++++++&de=000006&ef=KLD&fg=1"
"33","財團法人台灣省基隆市私立培德高級工業家事職業學校","http://cdcb.judicial.gov.tw/abbs/wkw/WHD6K05.jsp?ab=AAAdkxAAHAAAGpSAAL&bc=103&cd=%AA%6B%B5%6E%A5%4C++++++++++++++&de=000007&ef=KLD&fg=1"
"197","社團法人基隆律師公會","http://cdcb.judicial.gov.tw/abbs/wkw/WHD6K05.jsp?ab=AAAdkxAAHAAAGqUAAJ&bc=103&cd=%AA%6B%B5%6E%A5%4C++++++++++++++&de=000008&ef=KLD&fg=1"
"248","法鼓學校財團法人","http://cdcb.judicial.gov.tw/abbs/wkw/WHD6K05.jsp?ab=AAAdkxAAHAAAGplAAG&bc=103&cd=%AA%6B%B5%6E%A5%4C++++++++++++++&de=000009&ef=KLD&fg=1"
"208","醫療財團法人臺灣區煤礦業基金會","http://cdcb.judicial.gov.tw/abbs/wkw/WHD6K05.jsp?ab=AAAdkxAAHAAAGqzAAG&bc=102&cd=%AA%6B%B5%6E%A5%4C++++++++++++++&de=000074&ef=KLD&fg=1"
"74","財團法人基隆陳胡姚氏宗祠","http://cdcb.judicial.gov.tw/abbs/wkw/WHD6K05.jsp?ab=AAAdkxAAHAAAGqzAAH&bc=102&cd=%AA%6B%B5%6E%A5%4C++++++++++++++&de=000075&ef=KLD&fg=1"
"21","財團法人經國管理暨健康學院","http://cdcb.judicial.gov.tw/abbs/wkw/WHD6K05.jsp?ab=AAAdkxAAHAAAGrDAAA&bc=102&cd=%AA%6B%B5%6E%A5%4C++++++++++++++&de=000076&ef=KLD&fg=1"
"247","社團法人基隆市勞資和諧促進會","http://cdcb.judicial.gov.tw/abbs/wkw/WHD6K05.jsp?ab=AAAdkxAAHAAAGiPAAA&bc=102&cd=%AA%6B%B5%6E%AA%C0++++++++++++++&de=000001&ef=KLD&fg=1"
"249","社團法人基隆楊姓宗親會","http://cdcb.judicial.gov.tw/abbs/wkw/WHD6K05.jsp?ab=AAAdkxAAHAAAGoBAAH&bc=102&cd=%AA%6B%B5%6E%AA%C0++++++++++++++&de=000002&ef=KLD&fg=1"
"250","社團法人基隆市環境保護志願服務協會","http://cdcb.judicial.gov.tw/abbs/wkw/WHD6K05.jsp?ab=AAAdkxAAHAAAGkVAAG&bc=102&cd=%AA%6B%B5%6E%AA%C0++++++++++++++&de=000003&ef=KLD&fg=1"
"253","社團法人中華願意來關懷協會","http://cdcb.judicial.gov.tw/abbs/wkw/WHD6K05.jsp?ab=AAAdkxAAHAAAGqzAAD&bc=102&cd=%AA%6B%B5%6E%AA%C0++++++++++++++&de=000004&ef=KLD&fg=1"
"254","社團法人基隆市雞籠草根文教協會","http://cdcb.judicial.gov.tw/abbs/wkw/WHD6K05.jsp?ab=AAAdkxAAHAAAGqzAAI&bc=102&cd=%AA%6B%B5%6E%AA%C0++++++++++++++&de=000005&ef=KLD&fg=1"
"251","財團法人基隆市私立擁恆社會福利慈善事業基金會","http://cdcb.judicial.gov.tw/abbs/wkw/WHD6K05.jsp?ab=AAAdkxAAHAAAGpoAAG&bc=102&cd=%AA%6B%B5%6E%B0%5D++++++++++++++&de=000001&ef=KLD&fg=1"
"67","財團法人基隆市一信文教基金會","http://cdcb.judicial.gov.tw/abbs/wkw/WHD6K05.jsp?ab=AAAdkxAAHAAAGouAAI&bc=102&cd=%AA%6B%B5%6E%A5%4C++++++++++++++&de=000064&ef=KLD&fg=1"
"32","財團法人台灣省基隆市中華基督教浸信會榮光堂","http://cdcb.judicial.gov.tw/abbs/wkw/WHD6K05.jsp?ab=AAAdkxAAHAAAGo7AAD&bc=102&cd=%AA%6B%B5%6E%A5%4C++++++++++++++&de=000065&ef=KLD&fg=1"
"235","社團法人基隆市好鄰舍關懷協會","http://cdcb.judicial.gov.tw/abbs/wkw/WHD6K05.jsp?ab=AAAdkxAAHAAAGo3AAI&bc=102&cd=%AA%6B%B5%6E%A5%4C++++++++++++++&de=000066&ef=KLD&fg=1"
"69","財團法人基隆市私立三功謝杜院連社會福利慈善事業基金會","http://cdcb.judicial.gov.tw/abbs/wkw/WHD6K05.jsp?ab=AAAdkxAAHAAAGo3AAH&bc=102&cd=%AA%6B%B5%6E%A5%4C++++++++++++++&de=000067&ef=KLD&fg=1"
"2","財團法人基隆市私立博愛仁愛之家","http://cdcb.judicial.gov.tw/abbs/wkw/WHD6K05.jsp?ab=AAAdkxAAHAAAGpoAAI&bc=102&cd=%AA%6B%B5%6E%A5%4C++++++++++++++&de=000068&ef=KLD&fg=1"
"111","","http://cdcb.judicial.gov.tw/abbs/wkw/WHD6K05.jsp?ab=AAAdkxAAHAAAGoxAAC&bc=102&cd=%AA%6B%B5%6E%A5%4C++++++++++++++&de=000069&ef=KLD&fg=1"
"103","財團法人新北市金包里慈護宮","http://cdcb.judicial.gov.tw/abbs/wkw/WHD6K05.jsp?ab=AAAdkxAAHAAAGoxAAB&bc=102&cd=%AA%6B%B5%6E%A5%4C++++++++++++++&de=000070&ef=KLD&fg=1"
"191","財團法人新北市立金山高級中學教育基金會","http://cdcb.judicial.gov.tw/abbs/wkw/WHD6K05.jsp?ab=AAAdkxAAHAAAGoxAAD&bc=102&cd=%AA%6B%B5%6E%A5%4C++++++++++++++&de=000071&ef=KLD&fg=1"
"202","財團法人真言宗清淨慈門教育基金會","http://cdcb.judicial.gov.tw/abbs/wkw/WHD6K05.jsp?ab=AAAdkxAAHAAAGqzAAF&bc=102&cd=%AA%6B%B5%6E%A5%4C++++++++++++++&de=000073&ef=KLD&fg=1"
"137","財團法人新北市靈鷲山慈善基金會","http://cdcb.judicial.gov.tw/abbs/wkw/WHD6K05.jsp?ab=AAAdkxAAHAAAGlzAAJ&bc=102&cd=%AA%6B%B5%6E%A5%4C++++++++++++++&de=000054&ef=KLD&fg=1"
"41","社團法人臺灣國際造船股份有限公司基隆廠職工福利委員會","http://cdcb.judicial.gov.tw/abbs/wkw/WHD6K05.jsp?ab=AAAdkxAAHAAAGlzAAI&bc=102&cd=%AA%6B%B5%6E%A5%4C++++++++++++++&de=000055&ef=KLD&fg=1"
"211","社團法人基隆市失業勞工保護協會","http://cdcb.judicial.gov.tw/abbs/wkw/WHD6K05.jsp?ab=AAAdkxAAHAAAGkLAAD&bc=102&cd=%AA%6B%B5%6E%A5%4C++++++++++++++&de=000056&ef=KLD&fg=1"
"42","財團法人台灣省基隆市中華基督教浸信會七星堂","http://cdcb.judicial.gov.tw/abbs/wkw/WHD6K05.jsp?ab=AAAdkxAAHAAAGn0AAF&bc=102&cd=%AA%6B%B5%6E%A5%4C++++++++++++++&de=000058&ef=KLD&fg=1"
"128","財團法人靈鷲山佛教基金會","http://cdcb.judicial.gov.tw/abbs/wkw/WHD6K05.jsp?ab=AAAdkxAAHAAAGnFAAA&bc=102&cd=%AA%6B%B5%6E%A5%4C++++++++++++++&de=000059&ef=KLD&fg=1"
"3","財團法人台灣基督長老教會基隆中正教會","http://cdcb.judicial.gov.tw/abbs/wkw/WHD6K05.jsp?ab=AAAdkxAAHAAAGorAAG&bc=102&cd=%AA%6B%B5%6E%A5%4C++++++++++++++&de=000061&ef=KLD&fg=1"
"171","財團法人琉璃光文教基金會","http://cdcb.judicial.gov.tw/abbs/wkw/WHD6K05.jsp?ab=AAAdkxAAHAAAGotAAB&bc=102&cd=%AA%6B%B5%6E%A5%4C++++++++++++++&de=000062&ef=KLD&fg=1"
"195","社團法人基隆市身心障礙者綜合發展協會","http://cdcb.judicial.gov.tw/abbs/wkw/WHD6K05.jsp?ab=AAAdkxAAHAAAGouAAH&bc=102&cd=%AA%6B%B5%6E%A5%4C++++++++++++++&de=000063&ef=KLD&fg=1"
"190","財團法人法鼓佛教學院","http://cdcb.judicial.gov.tw/abbs/wkw/WHD6K05.jsp?ab=AAAdkxAAHAAAGklAAD&bc=102&cd=%AA%6B%B5%6E%A5%4C++++++++++++++&de=000044&ef=KLD&fg=1"
"229","社團法人基隆市建築師公會","http://cdcb.judicial.gov.tw/abbs/wkw/WHD6K05.jsp?ab=AAAdkxAAHAAAGmMAAJ&bc=102&cd=%AA%6B%B5%6E%A5%4C++++++++++++++&de=000046&ef=KLD&fg=1"
"15","財團法人台灣省基隆市私立聖心國民小學","http://cdcb.judicial.gov.tw/abbs/wkw/WHD6K05.jsp?ab=AAAdkxAAHAAAGmsAAD&bc=102&cd=%AA%6B%B5%6E%A5%4C++++++++++++++&de=000047&ef=KLD&fg=1"
"27","財團法人台灣省基隆市私立聖心高級中學","http://cdcb.judicial.gov.tw/abbs/wkw/WHD6K05.jsp?ab=AAAdkxAAHAAAGmsAAC&bc=102&cd=%AA%6B%B5%6E%A5%4C++++++++++++++&de=000048&ef=KLD&fg=1"
"153","財團法人法鼓山大愛文教基金會","http://cdcb.judicial.gov.tw/abbs/wkw/WHD6K05.jsp?ab=AAAdkxAAHAAAGnJAAB&bc=102&cd=%AA%6B%B5%6E%A5%4C++++++++++++++&de=000049&ef=KLD&fg=1"
"123","社團法人中華民國鄉土民謠協會","http://cdcb.judicial.gov.tw/abbs/wkw/WHD6K05.jsp?ab=AAAdkxAAHAAAGmPAAB&bc=102&cd=%AA%6B%B5%6E%A5%4C++++++++++++++&de=000035&ef=KLD&fg=1"
"196","財團法人基隆市私立基督教信心社會福利慈善事業基金會","http://cdcb.judicial.gov.tw/abbs/wkw/WHD6K05.jsp?ab=AAAdkxAAHAAAGnOAAK&bc=102&cd=%AA%6B%B5%6E%A5%4C++++++++++++++&de=000036&ef=KLD&fg=1"
"238","社團法人中華智慧渡母林佛學中心協會","http://cdcb.judicial.gov.tw/abbs/wkw/WHD6K05.jsp?ab=AAAdkxAAHAAAGnPAAC&bc=102&cd=%AA%6B%B5%6E%A5%4C++++++++++++++&de=000038&ef=KLD&fg=1"
"20","財團法人台灣省基隆市海會寺","http://cdcb.judicial.gov.tw/abbs/wkw/WHD6K05.jsp?ab=AAAdkxAAHAAAGkJAAK&bc=102&cd=%AA%6B%B5%6E%A5%4C++++++++++++++&de=000041&ef=KLD&fg=1"
"102","財團法人中華航業人員訓練中心","http://cdcb.judicial.gov.tw/abbs/wkw/WHD6K05.jsp?ab=AAAdkxAAHAAAGk8AAJ&bc=102&cd=%AA%6B%B5%6E%A5%4C++++++++++++++&de=000042&ef=KLD&fg=1"
"110","財團法人瑞三股份有限公司職工福利委員會","http://cdcb.judicial.gov.tw/abbs/wkw/WHD6K05.jsp?ab=AAAdkxAAHAAAGlcAAB&bc=102&cd=%AA%6B%B5%6E%A5%4C++++++++++++++&de=000043&ef=KLD&fg=1"
"43","財團法人台灣省基隆市道教堂","http://cdcb.judicial.gov.tw/abbs/wkw/WHD6K05.jsp?ab=AAAdkxAAHAAAGjlAAG&bc=102&cd=%AA%6B%B5%6E%A5%4C++++++++++++++&de=000023&ef=KLD&fg=1"
"222","社團法人新北市愛鄰希望關懷協會","http://cdcb.judicial.gov.tw/abbs/wkw/WHD6K05.jsp?ab=AAAdkxAAHAAAGkfAAF&bc=102&cd=%AA%6B%B5%6E%A5%4C++++++++++++++&de=000024&ef=KLD&fg=1"
"166","財團法人靈鷲山般若文教基金會","http://cdcb.judicial.gov.tw/abbs/wkw/WHD6K05.jsp?ab=AAAdkxAAHAAAGlhAAI&bc=102&cd=%AA%6B%B5%6E%A5%4C++++++++++++++&de=000025&ef=KLD&fg=1"
"169","財團法人自立教育基金會","http://cdcb.judicial.gov.tw/abbs/wkw/WHD6K05.jsp?ab=AAAdkxAAHAAAGlhAAJ&bc=102&cd=%AA%6B%B5%6E%A5%4C++++++++++++++&de=000026&ef=KLD&fg=1"
"66","財團法人山美基督長老教會","http://cdcb.judicial.gov.tw/abbs/wkw/WHD6K05.jsp?ab=AAAdkxAAHAAAGlvAAJ&bc=102&cd=%AA%6B%B5%6E%A5%4C++++++++++++++&de=000027&ef=KLD&fg=1"
"181","社團法人基隆市藥師公會","http://cdcb.judicial.gov.tw/abbs/wkw/WHD6K05.jsp?ab=AAAdkxAAHAAAGlIAAG&bc=102&cd=%AA%6B%B5%6E%A5%4C++++++++++++++&de=000028&ef=KLD&fg=1"
"17","財團法人天主教台灣省基隆市益世堂董事會","http://cdcb.judicial.gov.tw/abbs/wkw/WHD6K05.jsp?ab=AAAdkxAAHAAAGm4AAF&bc=102&cd=%AA%6B%B5%6E%A5%4C++++++++++++++&de=000031&ef=KLD&fg=1"
"214","財團法人青年音樂家文教基金會","http://cdcb.judicial.gov.tw/abbs/wkw/WHD6K05.jsp?ab=AAAdkxAAHAAAGl%2BAAC&bc=102&cd=%AA%6B%B5%6E%A5%4C++++++++++++++&de=000032&ef=KLD&fg=1"
"49","財團法人琅玕陳氏宗祠","http://cdcb.judicial.gov.tw/abbs/wkw/WHD6K05.jsp?ab=AAAdkxAAHAAAGjwAAK&bc=102&cd=%AA%6B%B5%6E%A5%4C++++++++++++++&de=000014&ef=KLD&fg=1"
"161","社團法人基隆市野鳥學會","http://cdcb.judicial.gov.tw/abbs/wkw/WHD6K05.jsp?ab=AAAdkxAAHAAAGgRAAK&bc=102&cd=%AA%6B%B5%6E%A5%4C++++++++++++++&de=000015&ef=KLD&fg=1"
"220","社團法人基隆基督教青年會","http://cdcb.judicial.gov.tw/abbs/wkw/WHD6K05.jsp?ab=AAAdkxAAHAAAGiJAAA&bc=102&cd=%AA%6B%B5%6E%A5%4C++++++++++++++&de=000016&ef=KLD&fg=1"
"85","社團法人基隆市脊髓損傷者協會","http://cdcb.judicial.gov.tw/abbs/wkw/WHD6K05.jsp?ab=AAAdkxAAHAAAGhGAAJ&bc=102&cd=%AA%6B%B5%6E%A5%4C++++++++++++++&de=000018&ef=KLD&fg=1"
"182","財團法人私立海洋動物園教育基金會","http://cdcb.judicial.gov.tw/abbs/wkw/WHD6K05.jsp?ab=AAAdkxAAHAAAGikAAH&bc=102&cd=%AA%6B%B5%6E%A5%4C++++++++++++++&de=000020&ef=KLD&fg=1"
"152","社團法人基隆市肢體新生協會","http://cdcb.judicial.gov.tw/abbs/wkw/WHD6K05.jsp?ab=AAAdkxAAHAAAGjUAAF&bc=102&cd=%AA%6B%B5%6E%A5%4C++++++++++++++&de=000021&ef=KLD&fg=1"
"219","財團法人九份礦山文化藝術基金會","http://cdcb.judicial.gov.tw/abbs/wkw/WHD6K05.jsp?ab=AAAdkxAAHAAAGjKAAI&bc=102&cd=%AA%6B%B5%6E%A5%4C++++++++++++++&de=000022&ef=KLD&fg=1"
"90","財團法人省立基隆海事文教基金會","http://cdcb.judicial.gov.tw/abbs/wkw/WHD6K05.jsp?ab=AAAdkxAAHAAAGgcAAD&bc=102&cd=%AA%6B%B5%6E%A5%4C++++++++++++++&de=000003&ef=KLD&fg=1"
"116","財團法人中華基督教碇內浸信會","http://cdcb.judicial.gov.tw/abbs/wkw/WHD6K05.jsp?ab=AAAdkxAAHAAAGi6AAD&bc=102&cd=%AA%6B%B5%6E%A5%4C++++++++++++++&de=000006&ef=KLD&fg=1"
"120","社團法人基隆市腎友協會","http://cdcb.judicial.gov.tw/abbs/wkw/WHD6K05.jsp?ab=AAAdkxAAHAAAGh4AAL&bc=102&cd=%AA%6B%B5%6E%A5%4C++++++++++++++&de=000008&ef=KLD&fg=1"
"241","社團法人台灣319愛貓協會","http://cdcb.judicial.gov.tw/abbs/wkw/WHD6K05.jsp?ab=AAAdkxAAHAAAGhTAAA&bc=102&cd=%AA%6B%B5%6E%A5%4C++++++++++++++&de=000011&ef=KLD&fg=1"
"242","社團法人新北市老人暨身心障礙者服務協會","http://cdcb.judicial.gov.tw/abbs/wkw/WHD6K05.jsp?ab=AAAdkxAAHAAAGByAAI&bc=101&cd=%AA%6B%B5%6E%AA%C0++++++++++++++&de=000002&ef=KLD&fg=1"
"243","社團法人基隆市呂仙祖慈善功德會","http://cdcb.judicial.gov.tw/abbs/wkw/WHD6K05.jsp?ab=AAAdkxAAHAAAGKcAAC&bc=101&cd=%AA%6B%B5%6E%AA%C0++++++++++++++&de=000003&ef=KLD&fg=1"
"244","社團法人基隆市黃姓宗親會","http://cdcb.judicial.gov.tw/abbs/wkw/WHD6K05.jsp?ab=AAAdkxAAHAAAGMXAAE&bc=101&cd=%AA%6B%B5%6E%AA%C0++++++++++++++&de=000004&ef=KLD&fg=1"
"245","財團法人新北市私立宏益玻璃慈善基金會","http://cdcb.judicial.gov.tw/abbs/wkw/WHD6K05.jsp?ab=AAAdkxAAHAAAGMfAAE&bc=101&cd=%AA%6B%B5%6E%B0%5D++++++++++++++&de=000001&ef=KLD&fg=1"
"246","財團法人基隆市私立昱冠人文社會福利慈善基金會","http://cdcb.judicial.gov.tw/abbs/wkw/WHD6K05.jsp?ab=AAAdkxAAHAAAGNgAAI&bc=101&cd=%AA%6B%B5%6E%B0%5D++++++++++++++&de=000002&ef=KLD&fg=1"
"8","財團法人基隆中山基督教會","http://cdcb.judicial.gov.tw/abbs/wkw/WHD6K05.jsp?ab=AAAdkxAAHAAAGF%2FAAE&bc=101&cd=%AA%6B%B5%6E%A5%4C++++++++++++++&de=000028&ef=KLD&fg=1"
"26","財團法人台灣省基隆市靈泉禪寺","http://cdcb.judicial.gov.tw/abbs/wkw/WHD6K05.jsp?ab=AAAdkxAAHAAAGK8AAA&bc=101&cd=%AA%6B%B5%6E%A5%4C++++++++++++++&de=000030&ef=KLD&fg=1"
"127","財團法人新北市瑞芳區鼻頭國民小學王憶豐教育基金會","http://cdcb.judicial.gov.tw/abbs/wkw/WHD6K05.jsp?ab=AAAdkxAAHAAAGLyAAB&bc=101&cd=%AA%6B%B5%6E%A5%4C++++++++++++++&de=000031&ef=KLD&fg=1"
"146","財團法人台灣兒童暨家庭扶助基金會","http://cdcb.judicial.gov.tw/abbs/wkw/WHD6K05.jsp?ab=AAAdkxAAHAAAGL4AAG&bc=101&cd=%AA%6B%B5%6E%A5%4C++++++++++++++&de=000032&ef=KLD&fg=1"
"145","社團法人基隆市聾啞福利協進會","http://cdcb.judicial.gov.tw/abbs/wkw/WHD6K05.jsp?ab=AAAdkxAAHAAAGL5AAE&bc=101&cd=%AA%6B%B5%6E%A5%4C++++++++++++++&de=000033&ef=KLD&fg=1"
"107","財團法人朱銘文教基金會","http://cdcb.judicial.gov.tw/abbs/wkw/WHD6K05.jsp?ab=AAAdkxAAHAAAGLWAAH&bc=101&cd=%AA%6B%B5%6E%A5%4C++++++++++++++&de=000034&ef=KLD&fg=1"
"40","財團法人謝清雲先生文教基金會","http://cdcb.judicial.gov.tw/abbs/wkw/WHD6K05.jsp?ab=AAAdkxAAHAAAGNDAAB&bc=101&cd=%AA%6B%B5%6E%A5%4C++++++++++++++&de=000036&ef=KLD&fg=1"
"167","財團法人新北市私立瑞光老人養護中心","http://cdcb.judicial.gov.tw/abbs/wkw/WHD6K05.jsp?ab=AAAdkxAAHAAAGBlAAC&bc=101&cd=%AA%6B%B5%6E%A5%4C++++++++++++++&de=000020&ef=KLD&fg=1"
"118","財團法人卯鯉山純陽教育基金會","http://cdcb.judicial.gov.tw/abbs/wkw/WHD6K05.jsp?ab=AAAdkxAAHAAAGBRAAD&bc=101&cd=%AA%6B%B5%6E%A5%4C++++++++++++++&de=000023&ef=KLD&fg=1"
"130","財團法人新北市瑞亭教育基金會","http://cdcb.judicial.gov.tw/abbs/wkw/WHD6K05.jsp?ab=AAAdkxAAHAAAGE9AAH&bc=101&cd=%AA%6B%B5%6E%A5%4C++++++++++++++&de=000024&ef=KLD&fg=1"
"133","財團法人台灣區煤礦礦工福利委員會","http://cdcb.judicial.gov.tw/abbs/wkw/WHD6K05.jsp?ab=AAAdkxAAHAAAGEWAAI&bc=101&cd=%AA%6B%B5%6E%A5%4C++++++++++++++&de=000025&ef=KLD&fg=1"
"84","財團法人蔡陳秀蘭女士紀念文教基金會","http://cdcb.judicial.gov.tw/abbs/wkw/WHD6K05.jsp?ab=AAAdkxAAHAAAGF0AAC&bc=101&cd=%AA%6B%B5%6E%A5%4C++++++++++++++&de=000027&ef=KLD&fg=1"
"223","社團法人新北市媽祖慈善會","http://cdcb.judicial.gov.tw/abbs/wkw/WHD6K05.jsp?ab=AAAdkxAAHAAAGAkAAC&bc=101&cd=%AA%6B%B5%6E%A5%4C++++++++++++++&de=000017&ef=KLD&fg=1"
"240","社團法人中華基督教希望協會","http://cdcb.judicial.gov.tw/abbs/wkw/WHD6K05.jsp?ab=AAAdkxAAHAAAF4kAAH&bc=100&cd=%AA%6B%B5%6E%AA%C0++++++++++++++&de=000010&ef=KLD&fg=1"
"89","財團法人海洋台灣文教基金會","http://cdcb.judicial.gov.tw/abbs/wkw/WHD6K05.jsp?ab=AAAdkxAAHAAAF6zAAD&bc=101&cd=%AA%6B%B5%6E%A5%4C++++++++++++++&de=000005&ef=KLD&fg=1"
"50","財團法人崙前林氏宗祠","http://cdcb.judicial.gov.tw/abbs/wkw/WHD6K05.jsp?ab=AAAdkxAAHAAAF6mAAB&bc=101&cd=%AA%6B%B5%6E%A5%4C++++++++++++++&de=000006&ef=KLD&fg=1"
"86","社團法人基隆市佛教會","http://cdcb.judicial.gov.tw/abbs/wkw/WHD6K05.jsp?ab=AAAdkxAAHAAAF6mAAI&bc=101&cd=%AA%6B%B5%6E%A5%4C++++++++++++++&de=000007&ef=KLD&fg=1"
"228","社團法人臺灣城市競爭力發展協會","http://cdcb.judicial.gov.tw/abbs/wkw/WHD6K05.jsp?ab=AAAdkxAAHAAAIpqAAJ&bc=100&cd=%AA%6B%B5%6E%AA%C0++++++++++++++&de=000001&ef=KLD&fg=1"
"233","社團法人基隆市飛鷹生命關懷協會","http://cdcb.judicial.gov.tw/abbs/wkw/WHD6K05.jsp?ab=AAAdkxAAHAAANtZAAF&bc=100&cd=%AA%6B%B5%6E%AA%C0++++++++++++++&de=000005&ef=KLD&fg=1"
"234","社團法人基隆市長期照顧發展協會","http://cdcb.judicial.gov.tw/abbs/wkw/WHD6K05.jsp?ab=AAAdkxAAHAAAORmAAG&bc=100&cd=%AA%6B%B5%6E%AA%C0++++++++++++++&de=000006&ef=KLD&fg=1"
"236","社團法人新北市金山區甘露慈善協會","http://cdcb.judicial.gov.tw/abbs/wkw/WHD6K05.jsp?ab=AAAdkxAAHAAAOR4AAC&bc=100&cd=%AA%6B%B5%6E%AA%C0++++++++++++++&de=000008&ef=KLD&fg=1"
"198","社團法人臺灣漁業經濟發展協會","http://cdcb.judicial.gov.tw/abbs/wkw/WHD6K05.jsp?ab=AAAdkxAAHAAABeCAAF&bc=100&cd=%AA%6B%B5%6E%A5%4C++++++++++++++&de=000043&ef=KLD&fg=1"
"4","財團法人台灣省基隆市基隆教會","http://cdcb.judicial.gov.tw/abbs/wkw/WHD6K05.jsp?ab=AAAdkxAAHAAADwBAAA&bc=100&cd=%AA%6B%B5%6E%A5%4C++++++++++++++&de=000045&ef=KLD&fg=1"
"239","社團法人中華真元道宗靈修協會","http://cdcb.judicial.gov.tw/abbs/wkw/WHD6K05.jsp?ab=AAAdkxAAHAAADwBAAF&bc=100&cd=%AA%6B%B5%6E%A5%4C++++++++++++++&de=000046&ef=KLD&fg=1"
"170","財團法人戴立林文化藝術基金會","http://cdcb.judicial.gov.tw/abbs/wkw/WHD6K05.jsp?ab=AAAdkxAAHAAAF4kAAF&bc=100&cd=%AA%6B%B5%6E%A5%4C++++++++++++++&de=000048&ef=KLD&fg=1"
"141","社團法人基隆市智障者家長協會","http://cdcb.judicial.gov.tw/abbs/wkw/WHD6K05.jsp?ab=AAAdkxAAHAAAF4ZAAI&bc=100&cd=%AA%6B%B5%6E%A5%4C++++++++++++++&de=000050&ef=KLD&fg=1"
"237","社團法人中華民國大地工程學會","http://cdcb.judicial.gov.tw/abbs/wkw/WHD6K05.jsp?ab=AAAdkxAAHAAAORPAAD&bc=100&cd=%AA%6B%B5%6E%A5%4C++++++++++++++&de=000034&ef=KLD&fg=1"
"59","財團法人基隆市文化基金會","http://cdcb.judicial.gov.tw/abbs/wkw/WHD6K05.jsp?ab=AAAdkxAAHAAAOzTAAI&bc=100&cd=%AA%6B%B5%6E%A5%4C++++++++++++++&de=000037&ef=KLD&fg=1"
"11","財團法人台灣省基隆市十方大覺禪寺","http://cdcb.judicial.gov.tw/abbs/wkw/WHD6K05.jsp?ab=AAAdkxAAHAAADu7AAE&bc=100&cd=%AA%6B%B5%6E%A5%4C++++++++++++++&de=000038&ef=KLD&fg=1"
"174","財團法人新北市私立金寶山社會福利慈善事業基金會","http://cdcb.judicial.gov.tw/abbs/wkw/WHD6K05.jsp?ab=AAAdkxAAHAAAPkVAAL&bc=100&cd=%AA%6B%B5%6E%A5%4C++++++++++++++&de=000039&ef=KLD&fg=1"
"119","社團法人基隆市盲人福利協進會","http://cdcb.judicial.gov.tw/abbs/wkw/WHD6K05.jsp?ab=AAAdkxAAHAAAJ%2FHAAA&bc=100&cd=%AA%6B%B5%6E%A5%4C++++++++++++++&de=000023&ef=KLD&fg=1"
"37","財團法人台灣省基隆市益心堂","http://cdcb.judicial.gov.tw/abbs/wkw/WHD6K05.jsp?ab=AAAdkxAAHAAAOR6AAF&bc=100&cd=%AA%6B%B5%6E%A5%4C++++++++++++++&de=000028&ef=KLD&fg=1"
"53","社團法人基隆主普壇管理委員會","http://cdcb.judicial.gov.tw/abbs/wkw/WHD6K05.jsp?ab=AAAdkxAAHAAAMZAAAD&bc=100&cd=%AA%6B%B5%6E%A5%4C++++++++++++++&de=000019&ef=KLD&fg=1"
"227","財團法人勤毅文教基金會","http://cdcb.judicial.gov.tw/abbs/wkw/WHD6K05.jsp?ab=AAAdkxAAHAAAMYVAAF&bc=100&cd=%AA%6B%B5%6E%A5%4C++++++++++++++&de=000021&ef=KLD&fg=1"
"134","財團法人北海岸金山醫院","http://cdcb.judicial.gov.tw/abbs/wkw/WHD6K05.jsp?ab=AAAdkxAAHAAAGx7AAE&bc=100&cd=%AA%6B%B5%6E%A5%4C++++++++++++++&de=000005&ef=KLD&fg=1"
"117","社團法人基隆市康復之友協會","http://cdcb.judicial.gov.tw/abbs/wkw/WHD6K05.jsp?ab=AAAdkxAAHAAAHvJAAJ&bc=100&cd=%AA%6B%B5%6E%A5%4C++++++++++++++&de=000007&ef=KLD&fg=1"
"218","社團法人基隆市愛加倍關懷協會","http://cdcb.judicial.gov.tw/abbs/wkw/WHD6K05.jsp?ab=AAAdkxAAHAAAPlrAAD&bc=099&cd=%AA%6B%B5%6E%AA%C0++++++++++++++&de=000001&ef=KLD&fg=1"
"221","社團法人中華漁業漁船協會","http://cdcb.judicial.gov.tw/abbs/wkw/WHD6K05.jsp?ab=AAAdkxAAHAAAPlXAAD&bc=099&cd=%AA%6B%B5%6E%AA%C0++++++++++++++&de=000003&ef=KLD&fg=1"
"224","財團法人創世社會福利基金會","http://cdcb.judicial.gov.tw/abbs/wkw/WHD6K05.jsp?ab=AAAdkxAAHAAABfRAAD&bc=099&cd=%AA%6B%B5%6E%B0%5D++++++++++++++&de=000002&ef=KLD&fg=1"
"225","中華藥師山居士佛學學會","http://cdcb.judicial.gov.tw/abbs/wkw/WHD6K05.jsp?ab=AAAdkxAAHAAAEyvAAH&bc=099&cd=%AA%6B%B5%6E%A5%4C++++++++++++++&de=000045&ef=KLD&fg=1"
"226","財團法人台北縣私立心慈社會福利慈善事業基金會","http://cdcb.judicial.gov.tw/abbs/wkw/WHD6K05.jsp?ab=AAAdkxAAHAAAEwMAAG&bc=099&cd=%AA%6B%B5%6E%A5%4C++++++++++++++&de=000047&ef=KLD&fg=1"
"24","財團法人台灣省基隆市海印寺","http://cdcb.judicial.gov.tw/abbs/wkw/WHD6K05.jsp?ab=AAAdkxAAHAAAE2oAAF&bc=099&cd=%AA%6B%B5%6E%A5%4C++++++++++++++&de=000051&ef=KLD&fg=1"
"173","社團法人中華民國恩福會","http://cdcb.judicial.gov.tw/abbs/wkw/WHD6K05.jsp?ab=AAAdkxAAHAAAPlrAAH&bc=099&cd=%AA%6B%B5%6E%A5%4C++++++++++++++&de=000014&ef=KLD&fg=1"
"10","財團法人台灣省基隆市極樂寺","http://cdcb.judicial.gov.tw/abbs/wkw/WHD6K05.jsp?ab=AAAdkxAAHAAAPlXAAC&bc=099&cd=%AA%6B%B5%6E%A5%4C++++++++++++++&de=000016&ef=KLD&fg=1"
"147","財團法人源遠文化基金會","http://cdcb.judicial.gov.tw/abbs/wkw/WHD6K05.jsp?ab=AAAdkxAAHAAAPlWAAB&bc=099&cd=%AA%6B%B5%6E%A5%4C++++++++++++++&de=000022&ef=KLD&fg=1"
"23","財團法人台灣省基隆市大佛禪院","http://cdcb.judicial.gov.tw/abbs/wkw/WHD6K05.jsp?ab=AAAdkxAAHAAAPlPAAA&bc=099&cd=%AA%6B%B5%6E%A5%4C++++++++++++++&de=000006&ef=KLD&fg=1"
"209","社團法人基隆市中央國際獅子會","http://cdcb.judicial.gov.tw/abbs/wkw/WHD6K05.jsp?ab=AAAdkxAAHAAAPlXAAF&bc=098&cd=%AA%6B%B5%6E%AA%C0++++++++++++++&de=000001&ef=KLD&fg=1"
"213","社團法人基隆市觀護協會","http://cdcb.judicial.gov.tw/abbs/wkw/WHD6K05.jsp?ab=AAAdkxAAHAAAPlLAAG&bc=098&cd=%AA%6B%B5%6E%AA%C0++++++++++++++&de=000004&ef=KLD&fg=1"
"215","社團法人基隆市長青國際獅子會","http://cdcb.judicial.gov.tw/abbs/wkw/WHD6K05.jsp?ab=AAAdkxAAHAAAPlvAAE&bc=098&cd=%AA%6B%B5%6E%AA%C0++++++++++++++&de=000005&ef=KLD&fg=1"
"216","社團法人基隆市三姓公歷史研究文化學會","http://cdcb.judicial.gov.tw/abbs/wkw/WHD6K05.jsp?ab=AAAdkxAAHAAAPlcAAE&bc=098&cd=%AA%6B%B5%6E%AA%C0++++++++++++++&de=000006&ef=KLD&fg=1"
"217","社團法人基隆市港務義消協會","http://cdcb.judicial.gov.tw/abbs/wkw/WHD6K05.jsp?ab=AAAdkxAAHAAAPlcAAG&bc=098&cd=%AA%6B%B5%6E%AA%C0++++++++++++++&de=000007&ef=KLD&fg=1"
"210","財團法人基隆市私立啟明社會福利慈善事業基金會","http://cdcb.judicial.gov.tw/abbs/wkw/WHD6K05.jsp?ab=AAAdkxAAHAAAPlVAAB&bc=098&cd=%AA%6B%B5%6E%B0%5D++++++++++++++&de=000001&ef=KLD&fg=1"
"29","財團法人基隆市通化基督教會","http://cdcb.judicial.gov.tw/abbs/wkw/WHD6K05.jsp?ab=AAAdkxAAHAAAPlXAAK&bc=098&cd=%AA%6B%B5%6E%A5%4C++++++++++++++&de=000045&ef=KLD&fg=1"
"28","財團法人台灣省基隆市中華基督教浸信會聖光堂","http://cdcb.judicial.gov.tw/abbs/wkw/WHD6K05.jsp?ab=AAAdkxAAHAAAPmHAAG&bc=098&cd=%AA%6B%B5%6E%A5%4C++++++++++++++&de=000046&ef=KLD&fg=1"
"76","社團法人國際同濟會基隆市基隆國際同濟會","http://cdcb.judicial.gov.tw/abbs/wkw/WHD6K05.jsp?ab=AAAdkxAAHAAAPlbAAH&bc=098&cd=%AA%6B%B5%6E%A5%4C++++++++++++++&de=000027&ef=KLD&fg=1"
"88","財團法人基隆市私立李萬生慈善基金會","http://cdcb.judicial.gov.tw/abbs/wkw/WHD6K05.jsp?ab=AAAdkxAAHAAAPlZAAD&bc=098&cd=%AA%6B%B5%6E%A5%4C++++++++++++++&de=000031&ef=KLD&fg=1"
"14","財團法人台灣省基隆市基督徒聚會處","http://cdcb.judicial.gov.tw/abbs/wkw/WHD6K05.jsp?ab=AAAdkxAAHAAAPlbAAG&bc=098&cd=%AA%6B%B5%6E%A5%4C++++++++++++++&de=000013&ef=KLD&fg=1"
"192","社團法人台灣四季文教協會","http://cdcb.judicial.gov.tw/abbs/wkw/WHD6K05.jsp?ab=AAAdkxAAHAAAPkeAAJ&bc=096&cd=%AA%6B%B5%6E%AA%C0++++++++++++++&de=000001&ef=KLD&fg=1"
"207","社團法人中華慧命瑜珈協會","http://cdcb.judicial.gov.tw/abbs/wkw/WHD6K05.jsp?ab=AAAdkxAAHAAAPlcAAB&bc=097&cd=%AA%6B%B5%6E%AA%C0++++++++++++++&de=000004&ef=KLD&fg=1"
"38","財團法人台灣省基隆市樂仙宮","http://cdcb.judicial.gov.tw/abbs/wkw/WHD6K05.jsp?ab=AAAdkxAAHAAAPlYAAG&bc=098&cd=%AA%6B%B5%6E%A5%4C++++++++++++++&de=000011&ef=KLD&fg=1"
"183","財團法人基隆市取得私有既成道路基金會","http://cdcb.judicial.gov.tw/abbs/wkw/WHD6K05.jsp?ab=AAAdkxAAHAAAPkUAAM&bc=095&cd=%AA%6B%B5%6E%B0%5D++++++++++++++&de=000002&ef=KLD&fg=1"
"112","財團法人天本文教公益基金會","http://cdcb.judicial.gov.tw/abbs/wkw/WHD6K05.jsp?ab=AAAdkxAAHAAAPkZAAD&bc=095&cd=%AA%6B%B5%6E%A5%4C++++++++++++++&de=000040&ef=KLD&fg=1"
"184","社團法人臺北縣金山鄉汾陽郭氏宗親會","http://cdcb.judicial.gov.tw/abbs/wkw/WHD6K05.jsp?ab=AAAdkxAAHAAAPknAAD&bc=095&cd=%AA%6B%B5%6E%AA%C0++++++++++++++&de=000007&ef=KLD&fg=1"
"185","社團法人國立台灣海洋大學航運管理學系碩士在職專班同學會","http://cdcb.judicial.gov.tw/abbs/wkw/WHD6K05.jsp?ab=AAAdkxAAHAAAPknAAF&bc=095&cd=%AA%6B%B5%6E%AA%C0++++++++++++++&de=000008&ef=KLD&fg=1"
"186","社團法人基隆市砲台山明德老人同修會","http://cdcb.judicial.gov.tw/abbs/wkw/WHD6K05.jsp?ab=AAAdkxAAHAAAPknAAK&bc=095&cd=%AA%6B%B5%6E%AA%C0++++++++++++++&de=000010&ef=KLD&fg=1"
"188","社團法人基隆淨宗學會","http://cdcb.judicial.gov.tw/abbs/wkw/WHD6K05.jsp?ab=AAAdkxAAHAAAPkZAAB&bc=095&cd=%AA%6B%B5%6E%AA%C0++++++++++++++&de=000011&ef=KLD&fg=1"
"189","財團法人綠竹筍文教基金會","http://cdcb.judicial.gov.tw/abbs/wkw/WHD6K05.jsp?ab=AAAdkxAAHAAAPkZAAC&bc=095&cd=%AA%6B%B5%6E%A5%4C++++++++++++++&de=000039&ef=KLD&fg=1"
"159","社團法人基隆駱姓宗親會","http://cdcb.judicial.gov.tw/abbs/wkw/WHD6K05.jsp?ab=AAAdkxAAHAAAPkSAAC&bc=095&cd=%AA%6B%B5%6E%A5%4C++++++++++++++&de=000013&ef=KLD&fg=1"
"150","社團法人基隆市漳浦同鄉會","http://cdcb.judicial.gov.tw/abbs/wkw/WHD6K05.jsp?ab=AAAdkxAAHAAAPkSAAD&bc=095&cd=%AA%6B%B5%6E%A5%4C++++++++++++++&de=000014&ef=KLD&fg=1"
"154","社團法人基隆市雲霄同鄉會","http://cdcb.judicial.gov.tw/abbs/wkw/WHD6K05.jsp?ab=AAAdkxAAHAAAPkSAAE&bc=095&cd=%AA%6B%B5%6E%A5%4C++++++++++++++&de=000015&ef=KLD&fg=1"
"54","財團法人台灣省基隆市中華基督教浸信會復興堂教會","http://cdcb.judicial.gov.tw/abbs/wkw/WHD6K05.jsp?ab=AAAdkxAAHAAAPkSAAG&bc=095&cd=%AA%6B%B5%6E%A5%4C++++++++++++++&de=000017&ef=KLD&fg=1"
"175","社團法人基隆市明獨慈善協會","http://cdcb.judicial.gov.tw/abbs/wkw/WHD6K05.jsp?ab=AAAdkxAAHAAAPl3AAE&bc=094&cd=%AA%6B%B5%6E%AA%C0++++++++++++++&de=000005&ef=KLD&fg=1"
"179","社團法人基隆市福祥松青關懷協會","http://cdcb.judicial.gov.tw/abbs/wkw/WHD6K05.jsp?ab=AAAdkxAAHAAAPl3AAL&bc=094&cd=%AA%6B%B5%6E%AA%C0++++++++++++++&de=000007&ef=KLD&fg=1"
"135","財團法人基隆市簡時賢公宗祠","http://cdcb.judicial.gov.tw/abbs/wkw/WHD6K05.jsp?ab=AAAdkxAAHAAAPmCAAM&bc=094&cd=%AA%6B%B5%6E%A5%4C++++++++++++++&de=000028&ef=KLD&fg=1"
"172","社團法人基隆市鄭姓宗親會","http://cdcb.judicial.gov.tw/abbs/wkw/WHD6K05.jsp?ab=AAAdkxAAHAAAPmBAAI&bc=093&cd=%AA%6B%B5%6E%AA%C0++++++++++++++&de=000004&ef=KLD&fg=1"
"162","財團法人港滬教育基金會","http://cdcb.judicial.gov.tw/abbs/wkw/WHD6K05.jsp?ab=AAAdkxAAHAAAPkoAAE&bc=092&cd=%AA%6B%B5%6E%B0%5D++++++++++++++&de=000002&ef=KLD&fg=1"
"7","財團法人基隆市江氏教育基金會","http://cdcb.judicial.gov.tw/abbs/wkw/WHD6K05.jsp?ab=AAAdkxAAHAAAPl8AAG&bc=093&cd=%AA%6B%B5%6E%A5%4C++++++++++++++&de=000005&ef=KLD&fg=1"
"48","財團法人基隆市江氏東峰公神明會","http://cdcb.judicial.gov.tw/abbs/wkw/WHD6K05.jsp?ab=AAAdkxAAHAAAPmAAAJ&bc=092&cd=%AA%6B%B5%6E%A5%4C++++++++++++++&de=000044&ef=KLD&fg=1"
"165","社團法人基隆市醫事檢驗師公會","http://cdcb.judicial.gov.tw/abbs/wkw/WHD6K05.jsp?ab=AAAdkxAAHAAAPkoAAG&bc=092&cd=%AA%6B%B5%6E%AA%C0++++++++++++++&de=000008&ef=KLD&fg=1"
"164","社團法人基隆市蘇周連姓宗親會","http://cdcb.judicial.gov.tw/abbs/wkw/WHD6K05.jsp?ab=AAAdkxAAHAAAPkoAAH&bc=092&cd=%AA%6B%B5%6E%AA%C0++++++++++++++&de=000009&ef=KLD&fg=1"
"72","財團法人基隆普化文教基金會","http://cdcb.judicial.gov.tw/abbs/wkw/WHD6K05.jsp?ab=AAAdkxAAHAAAPkeAAC&bc=092&cd=%AA%6B%B5%6E%A5%4C++++++++++++++&de=000026&ef=KLD&fg=1"
"125","社團法人基隆市謝姓宗親會","http://cdcb.judicial.gov.tw/abbs/wkw/WHD6K05.jsp?ab=AAAdkxAAHAAAPkgAAN&bc=092&cd=%AA%6B%B5%6E%A5%4C++++++++++++++&de=000034&ef=KLD&fg=1"
"151","社團法人台北縣貢寮鄉貢寮社區發展協會","http://cdcb.judicial.gov.tw/abbs/wkw/WHD6K05.jsp?ab=AAAdkxAAHAAAPl3AAC&bc=091&cd=%AA%6B%B5%6E%A5%4C++++++++++++++&de=000024&ef=KLD&fg=1"
"94","社團法人基隆市張廖簡姓宗親會","http://cdcb.judicial.gov.tw/abbs/wkw/WHD6K05.jsp?ab=AAAdkxAAHAAAPkQAAB&bc=091&cd=%AA%6B%B5%6E%A5%4C++++++++++++++&de=000030&ef=KLD&fg=1"
"157","社團法人基隆市南區扶輪社","http://cdcb.judicial.gov.tw/abbs/wkw/WHD6K05.jsp?ab=AAAdkxAAHAAAPkaAAC&bc=091&cd=%AA%6B%B5%6E%AA%C0++++++++++++++&de=000010&ef=KLD&fg=1"
"109","財團法人心園文教基金會","http://cdcb.judicial.gov.tw/abbs/wkw/WHD6K05.jsp?ab=AAAdkxAAHAAAPl%2BAAK&bc=091&cd=%AA%6B%B5%6E%A5%4C++++++++++++++&de=000008&ef=KLD&fg=1"
"82","社團法人基隆市惠安同鄉會","http://cdcb.judicial.gov.tw/abbs/wkw/WHD6K05.jsp?ab=AAAdkxAAHAAAPlNAAL&bc=090&cd=%AA%6B%B5%6E%A5%4C++++++++++++++&de=000010&ef=KLD&fg=1"
"78","社團法人基隆市閩南同鄉會","http://cdcb.judicial.gov.tw/abbs/wkw/WHD6K05.jsp?ab=AAAdkxAAHAAAPlJAAA&bc=090&cd=%AA%6B%B5%6E%A5%4C++++++++++++++&de=000011&ef=KLD&fg=1"
"56","財團法人基隆市私立杜萬全社會福利慈善事業基金會","http://cdcb.judicial.gov.tw/abbs/wkw/WHD6K05.jsp?ab=AAAdkxAAHAAAPlRAAF&bc=090&cd=%AA%6B%B5%6E%A5%4C++++++++++++++&de=000005&ef=KLD&fg=1"
"124","社團法人基隆市朝陽愛心社　","http://cdcb.judicial.gov.tw/abbs/wkw/WHD6K05.jsp?ab=AAAdkxAAHAAAPkcAAD&bc=088&cd=%AA%6B%B5%6E%AA%C0++++++++++++++&de=000003&ef=KLD&fg=1"
"91","財團法人智光文教基金會","http://cdcb.judicial.gov.tw/abbs/wkw/WHD6K05.jsp?ab=AAAdkxAAHAAAPkbAAK&bc=088&cd=%AA%6B%B5%6E%A5%4C++++++++++++++&de=000021&ef=KLD&fg=1"
"99","財團法人福城文教基金會","http://cdcb.judicial.gov.tw/abbs/wkw/WHD6K05.jsp?ab=AAAdkxAAHAAAPlFAAH&bc=087&cd=%AA%6B%B5%6E%B0%5D++++++++++++++&de=000001&ef=KLD&fg=1"
"113","財團法人水源地文教基金會","http://cdcb.judicial.gov.tw/abbs/wkw/WHD6K05.jsp?ab=AAAdkxAAHAAAPkdAAH&bc=087&cd=%AA%6B%B5%6E%B0%5D++++++++++++++&de=000013&ef=KLD&fg=1"
"115","社團法人基隆市野外育樂協會","http://cdcb.judicial.gov.tw/abbs/wkw/WHD6K05.jsp?ab=AAAdkxAAHAAAPlFAAF&bc=087&cd=%AA%6B%B5%6E%AA%C0++++++++++++++&de=000002&ef=KLD&fg=1"
"79","財團法人基隆市李氏宗祠","http://cdcb.judicial.gov.tw/abbs/wkw/WHD6K05.jsp?ab=AAAdkxAAHAAAPkOAAF&bc=087&cd=%AA%6B%B5%6E%A5%4C++++++++++++++&de=000014&ef=KLD&fg=1"
"96","社團法人基隆市牙醫師公會","http://cdcb.judicial.gov.tw/abbs/wkw/WHD6K05.jsp?ab=AAAdkxAAHAAAPl%2FAAJ&bc=086&cd=%AA%6B%B5%6E%AA%C0++++++++++++++&de=000001&ef=KLD&fg=1"
"98","社團法人基隆市拋磚愛心社","http://cdcb.judicial.gov.tw/abbs/wkw/WHD6K05.jsp?ab=AAAdkxAAHAAAPl%2FAAK&bc=086&cd=%AA%6B%B5%6E%AA%C0++++++++++++++&de=000002&ef=KLD&fg=1"
"97","社團法人中華盲人命卜研究協會","http://cdcb.judicial.gov.tw/abbs/wkw/WHD6K05.jsp?ab=AAAdkxAAHAAAPl%2FAAL&bc=086&cd=%AA%6B%B5%6E%AA%C0++++++++++++++&de=000003&ef=KLD&fg=1"
"95","財團法人海洋城市文教基金會","http://cdcb.judicial.gov.tw/abbs/wkw/WHD6K05.jsp?ab=AAAdkxAAHAAAPl%2FAAN&bc=086&cd=%AA%6B%B5%6E%B0%5D++++++++++++++&de=000001&ef=KLD&fg=1"
"92","財團法人雨陽文教基金會","http://cdcb.judicial.gov.tw/abbs/wkw/WHD6K05.jsp?ab=AAAdkxAAHAAAPl2AAM&bc=086&cd=%AA%6B%B5%6E%A5%4C++++++++++++++&de=000016&ef=KLD&fg=1"
"87","財團法人周氏圖書館文教基金會","http://cdcb.judicial.gov.tw/abbs/wkw/WHD6K05.jsp?ab=AAAdkxAAHAAAPl9AAM&bc=085&cd=%AA%6B%B5%6E%B0%5D++++++++++++++&de=000001&ef=KLD&fg=1"
"93","財團法人基隆市教育會文教基金會","http://cdcb.judicial.gov.tw/abbs/wkw/WHD6K05.jsp?ab=AAAdkxAAHAAAPlyAAE&bc=085&cd=%AA%6B%B5%6E%B0%5D++++++++++++++&de=000004&ef=KLD&fg=1"
"35","財團法人台灣省基隆市濟安宮","http://cdcb.judicial.gov.tw/abbs/wkw/WHD6K05.jsp?ab=AAAdkxAAHAAAPlxAAC&bc=084&cd=%AA%6B%B5%6E++++++++++++++++&de=000004&ef=KLD&fg=1"
"81","社團法人基隆市退休警察人員協會","http://cdcb.judicial.gov.tw/abbs/wkw/WHD6K05.jsp?ab=AAAdkxAAHAAAPmFAAN&bc=084&cd=%AA%6B%B5%6E%AA%C0++++++++++++++&de=000001&ef=KLD&fg=1"
"80","財團法人安信文教基金會","http://cdcb.judicial.gov.tw/abbs/wkw/WHD6K05.jsp?ab=AAAdkxAAHAAAPmIAAG&bc=083&cd=%AA%6B%B5%6E++++++++++++++++&de=000013&ef=KLD&fg=1"
"77","財團法人基隆市後備軍人(子女)獎學金基金會","http://cdcb.judicial.gov.tw/abbs/wkw/WHD6K05.jsp?ab=AAAdkxAAHAAAPlsAAG&bc=082&cd=%AA%6B%B5%6E++++++++++++++++&de=000016&ef=KLD&fg=1"
"71","社團法人基隆市工業會","http://cdcb.judicial.gov.tw/abbs/wkw/WHD6K05.jsp?ab=AAAdkxAAHAAAPloAAL&bc=082&cd=%AA%6B%B5%6E++++++++++++++++&de=000006&ef=KLD&fg=1"
"73","社團法人基隆市賴姓宗親會","http://cdcb.judicial.gov.tw/abbs/wkw/WHD6K05.jsp?ab=AAAdkxAAHAAAPlsAAA&bc=082&cd=%AA%6B%B5%6E++++++++++++++++&de=000010&ef=KLD&fg=1"
"75","社團法人基隆市野鳥學會","http://cdcb.judicial.gov.tw/abbs/wkw/WHD6K05.jsp?ab=AAAdkxAAHAAAPlsAAD&bc=082&cd=%AA%6B%B5%6E++++++++++++++++&de=000013&ef=KLD&fg=1"
"68","財團法人基隆市安樂文教基金會","http://cdcb.judicial.gov.tw/abbs/wkw/WHD6K05.jsp?ab=AAAdkxAAHAAAPl0AAM&bc=081&cd=%AA%6B%B5%6E++++++++++++++++&de=000009&ef=KLD&fg=1"
"70","社團法人基隆市宜蘭縣同鄉會","http://cdcb.judicial.gov.tw/abbs/wkw/WHD6K05.jsp?ab=AAAdkxAAHAAAPl4AAG&bc=082&cd=%AA%6B%B5%6E++++++++++++++++&de=000002&ef=KLD&fg=1"
"62","財團法人山美基督長老教會","http://cdcb.judicial.gov.tw/abbs/wkw/WHD6K05.jsp?ab=AAAdkxAAHAAAPkpAAM&bc=079&cd=%AA%6B%B5%6E++++++++++++++++&de=000016&ef=KLD&fg=1"
"64","財團法人中華民國天德教總會基隆市支會","http://cdcb.judicial.gov.tw/abbs/wkw/WHD6K05.jsp?ab=AAAdkxAAHAAAPkmAAH&bc=080&cd=%AA%6B%B5%6E++++++++++++++++&de=000004&ef=KLD&fg=1"
"46","財團法人基隆柯蔡宗親會館","http://cdcb.judicial.gov.tw/abbs/wkw/WHD6K05.jsp?ab=AAAdkxAAHAAAPkmAAJ&bc=080&cd=%AA%6B%B5%6E++++++++++++++++&de=000006&ef=KLD&fg=1"
"61","財團法人中華民國捐血事業基金會","http://cdcb.judicial.gov.tw/abbs/wkw/WHD6K05.jsp?ab=AAAdkxAAHAAAPkpAAK&bc=079&cd=%AA%6B%B5%6E++++++++++++++++&de=000014&ef=KLD&fg=1"
"58","財團法人中國青年服務事業文教基金會基隆市分事務所","http://cdcb.judicial.gov.tw/abbs/wkw/WHD6K05.jsp?ab=AAAdkxAAHAAAPkZAAK&bc=078&cd=%AA%6B%B5%6E++++++++++++++++&de=000010&ef=KLD&fg=1"
"52","財團法人基隆市白奇郭氏宗祠","http://cdcb.judicial.gov.tw/abbs/wkw/WHD6K05.jsp?ab=AAAdkxAAHAAAPkUAAD&bc=077&cd=%AA%6B%B5%6E++++++++++++++++&de=000007&ef=KLD&fg=1"
"55","社團法人台灣省韓僑協會","http://cdcb.judicial.gov.tw/abbs/wkw/WHD6K05.jsp?ab=AAAdkxAAHAAAPkVAAI&bc=076&cd=%AA%6B%B5%6E++++++++++++++++&de=000013&ef=KLD&fg=1"
"57","社團法人基隆市福州十邑同鄉會","http://cdcb.judicial.gov.tw/abbs/wkw/WHD6K05.jsp?ab=AAAdkxAAHAAAPkVAAJ&bc=076&cd=%AA%6B%B5%6E++++++++++++++++&de=000014&ef=KLD&fg=1"
"22","社團法人台灣肥料股份有限公司木南煤礦職工福利委員會","http://cdcb.judicial.gov.tw/abbs/wkw/WHD6K05.jsp?ab=AAAdkxAAHAAAPl7AAI&bc=073&cd=%AA%6B%B5%6E++++++++++++++++&de=000012&ef=KLD&fg=1"
"47","財團法人基隆市後備軍人獎學基金會","http://cdcb.judicial.gov.tw/abbs/wkw/WHD6K05.jsp?ab=AAAdkxAAHAAAPluAAM&bc=069&cd=%AA%6B%B5%6E++++++++++++++++&de=000009&ef=KLD&fg=1"
"45","財團法人台灣省基隆市福安宮","http://cdcb.judicial.gov.tw/abbs/wkw/WHD6K05.jsp?ab=AAAdkxAAHAAAPmFAAL&bc=068&cd=%AA%6B%B5%6E++++++++++++++++&de=000016&ef=KLD&fg=1"
"44","財團法人台灣省基隆市基督錫安教會","http://cdcb.judicial.gov.tw/abbs/wkw/WHD6K05.jsp?ab=AAAdkxAAHAAAPloAAH&bc=066&cd=%AA%6B%B5%6E++++++++++++++++&de=000009&ef=KLD&fg=1"
"31","財團法人基隆市慈安宮","http://cdcb.judicial.gov.tw/abbs/wkw/WHD6K05.jsp?ab=AAAdkxAAHAAAPkgAAI&bc=062&cd=%AA%6B%B5%6E++++++++++++++++&de=000001&ef=KLD&fg=1"
"30","社團法人廣東同鄉會","http://cdcb.judicial.gov.tw/abbs/wkw/WHD6K05.jsp?ab=AAAdkxAAHAAAPkgAAE&bc=061&cd=%AA%6B%B5%6E++++++++++++++++&de=000003&ef=KLD&fg=1"
"1","社團法人台灣省琉球人民協會","http://cdcb.judicial.gov.tw/abbs/wkw/WHD6K05.jsp?ab=AAAdkxAAHAAAPkjAAE&bc=040&cd=%AA%6B%B5%6E++++++++++++++++&de=000001&ef=KLD&fg=1"
"5","財團法人台灣省基隆區司法保護分會","http://cdcb.judicial.gov.tw/abbs/wkw/WHD6K05.jsp?ab=AAAdkxAAHAAAPkjAAI&bc=045&cd=%AA%6B%B5%6E++++++++++++++++&de=000005&ef=KLD&fg=1"
"6","社團法人海洋漁業行","http://cdcb.judicial.gov.tw/abbs/wkw/WHD6K05.jsp?ab=AAAdkxAAHAAAPkjAAJ&bc=047&cd=%AA%6B%B5%6E++++++++++++++++&de=000006&ef=KLD&fg=1"
"9","財團法人基隆市閩南同鄉會","http://cdcb.judicial.gov.tw/abbs/wkw/WHD6K05.jsp?ab=AAAdkxAAHAAAPkjAAM&bc=050&cd=%AA%6B%B5%6E++++++++++++++++&de=000009&ef=KLD&fg=1"
