"215","社團法人金門縣青少年暨兒童關懷協會","http://cdcb.judicial.gov.tw/abbs/wkw/WHD6K05.jsp?ab=AAAdkxAAHAAAGtnAAD&bc=103&cd=%AA%6B%B5%6E%AA%C0++++++++++++++&de=000007&ef=KMD&fg=1"
"216","社團法人金門縣東埔陳氏宗親會","http://cdcb.judicial.gov.tw/abbs/wkw/WHD6K05.jsp?ab=AAAdkxAAHAAAGtnAAC&bc=103&cd=%AA%6B%B5%6E%AA%C0++++++++++++++&de=000008&ef=KMD&fg=1"
"93","社團法人金門縣溪峰鄭氏宗親會","http://cdcb.judicial.gov.tw/abbs/wkw/WHD6K05.jsp?ab=AAAdkxAAHAAAGuYAAC&bc=103&cd=%AA%6B%B5%6E%A5%4C++++++++++++++&de=000011&ef=KMD&fg=1"
"177","社團法人金門縣顏氏宗親會","http://cdcb.judicial.gov.tw/abbs/wkw/WHD6K05.jsp?ab=AAAdkxAAHAAAGu4AAA&bc=103&cd=%AA%6B%B5%6E%A5%4C++++++++++++++&de=000012&ef=KMD&fg=1"
"40","社團法人金門縣古寧頭林厝李氏宗親會","http://cdcb.judicial.gov.tw/abbs/wkw/WHD6K05.jsp?ab=AAAdkxAAHAAAGtpAAF&bc=103&cd=%AA%6B%B5%6E%A5%4C++++++++++++++&de=000013&ef=KMD&fg=1"
"133","財團法人金門酒廠胡璉文化藝術基金會","http://cdcb.judicial.gov.tw/abbs/wkw/WHD6K05.jsp?ab=AAAdkxAAHAAAGtpAAG&bc=103&cd=%AA%6B%B5%6E%A5%4C++++++++++++++&de=000014&ef=KMD&fg=1"
"209","社團法人金門縣董楊宗親會","http://cdcb.judicial.gov.tw/abbs/wkw/WHD6K05.jsp?ab=AAAdkxAAHAAAGqFAAD&bc=103&cd=%AA%6B%B5%6E%AA%C0++++++++++++++&de=000001&ef=KMD&fg=1"
"210","社團法人金門縣烈嶼鄉東坑社區發展協會","http://cdcb.judicial.gov.tw/abbs/wkw/WHD6K05.jsp?ab=AAAdkxAAHAAAGqkAAJ&bc=103&cd=%AA%6B%B5%6E%AA%C0++++++++++++++&de=000002&ef=KMD&fg=1"
"211","社團法人金門縣昔果山吳氏宗親會","http://cdcb.judicial.gov.tw/abbs/wkw/WHD6K05.jsp?ab=AAAdkxAAHAAAGr%2BAAE&bc=103&cd=%AA%6B%B5%6E%AA%C0++++++++++++++&de=000003&ef=KMD&fg=1"
"212","社團法人金門縣東村呂氏第四祧、第七祧宗親會","http://cdcb.judicial.gov.tw/abbs/wkw/WHD6K05.jsp?ab=AAAdkxAAHAAAGrjAAD&bc=103&cd=%AA%6B%B5%6E%AA%C0++++++++++++++&de=000004&ef=KMD&fg=1"
"213","社團法人金門縣金沙鎮汶浦二房黃氏質神祖宗親會","http://cdcb.judicial.gov.tw/abbs/wkw/WHD6K05.jsp?ab=AAAdkxAAHAAAGrjAAE&bc=103&cd=%AA%6B%B5%6E%AA%C0++++++++++++++&de=000005&ef=KMD&fg=1"
"214","社團法人金門縣榜林楊氏宗親會","http://cdcb.judicial.gov.tw/abbs/wkw/WHD6K05.jsp?ab=AAAdkxAAHAAAGrjAAF&bc=103&cd=%AA%6B%B5%6E%AA%C0++++++++++++++&de=000006&ef=KMD&fg=1"
"88","社團法人金門縣李氏宗親會","http://cdcb.judicial.gov.tw/abbs/wkw/WHD6K05.jsp?ab=AAAdkxAAHAAAGo%2FAAB&bc=103&cd=%AA%6B%B5%6E%A5%4C++++++++++++++&de=000001&ef=KMD&fg=1"
"173","社團法人金門縣金寧鄉古寧頭李氏主房宗親會","http://cdcb.judicial.gov.tw/abbs/wkw/WHD6K05.jsp?ab=AAAdkxAAHAAAGreAAH&bc=103&cd=%AA%6B%B5%6E%A5%4C++++++++++++++&de=000002&ef=KMD&fg=1"
"19","財團法人金門縣瓊林蔡氏十七郎公裔孫基金會","http://cdcb.judicial.gov.tw/abbs/wkw/WHD6K05.jsp?ab=AAAdkxAAHAAAGrAAAG&bc=103&cd=%AA%6B%B5%6E%A5%4C++++++++++++++&de=000003&ef=KMD&fg=1"
"86","社團法人金門縣婦女會","http://cdcb.judicial.gov.tw/abbs/wkw/WHD6K05.jsp?ab=AAAdkxAAHAAAGpyAAF&bc=103&cd=%AA%6B%B5%6E%A5%4C++++++++++++++&de=000004&ef=KMD&fg=1"
"91","社團法人金門縣金沙鎮斗門東甲陳氏宗親會","http://cdcb.judicial.gov.tw/abbs/wkw/WHD6K05.jsp?ab=AAAdkxAAHAAAGrhAAB&bc=103&cd=%AA%6B%B5%6E%A5%4C++++++++++++++&de=000005&ef=KMD&fg=1"
"77","社團法人金門縣身心障礙福利協進會","http://cdcb.judicial.gov.tw/abbs/wkw/WHD6K05.jsp?ab=AAAdkxAAHAAAGpyAAG&bc=103&cd=%AA%6B%B5%6E%A5%4C++++++++++++++&de=000006&ef=KMD&fg=1"
"71","社團法人金門縣金水黃氏宗親會","http://cdcb.judicial.gov.tw/abbs/wkw/WHD6K05.jsp?ab=AAAdkxAAHAAAGq1AAJ&bc=103&cd=%AA%6B%B5%6E%A5%4C++++++++++++++&de=000007&ef=KMD&fg=1"
"96","社團法人金門縣前水頭蔡氏君保公裔孫孝思會","http://cdcb.judicial.gov.tw/abbs/wkw/WHD6K05.jsp?ab=AAAdkxAAHAAAGq1AAK&bc=103&cd=%AA%6B%B5%6E%A5%4C++++++++++++++&de=000008&ef=KMD&fg=1"
"21","財團法人福建省金門縣佛教弘法基金會","http://cdcb.judicial.gov.tw/abbs/wkw/WHD6K05.jsp?ab=AAAdkxAAHAAAGtAAAF&bc=103&cd=%AA%6B%B5%6E%A5%4C++++++++++++++&de=000009&ef=KMD&fg=1"
"165","財團法人金湖鎮召會","http://cdcb.judicial.gov.tw/abbs/wkw/WHD6K05.jsp?ab=AAAdkxAAHAAAGtSAAG&bc=103&cd=%AA%6B%B5%6E%A5%4C++++++++++++++&de=000010&ef=KMD&fg=1"
"25","社團法人金門縣翁氏宗親會","http://cdcb.judicial.gov.tw/abbs/wkw/WHD6K05.jsp?ab=AAAdkxAAHAAAGooAAF&bc=102&cd=%AA%6B%B5%6E%A5%4C++++++++++++++&de=000027&ef=KMD&fg=1"
"28","社團法人金門縣金寧鄉古寧頭李氏南奇宗親會","http://cdcb.judicial.gov.tw/abbs/wkw/WHD6K05.jsp?ab=AAAdkxAAHAAAGpMAAC&bc=102&cd=%AA%6B%B5%6E%A5%4C++++++++++++++&de=000028&ef=KMD&fg=1"
"174","社團法人金門縣邵氏宗親會","http://cdcb.judicial.gov.tw/abbs/wkw/WHD6K05.jsp?ab=AAAdkxAAHAAAGqGAAE&bc=102&cd=%AA%6B%B5%6E%A5%4C++++++++++++++&de=000029&ef=KMD&fg=1"
"152","財團法人全成社會福利基金會","http://cdcb.judicial.gov.tw/abbs/wkw/WHD6K05.jsp?ab=AAAdkxAAHAAAGqbAAK&bc=102&cd=%AA%6B%B5%6E%A5%4C++++++++++++++&de=000030&ef=KMD&fg=1"
"202","社團法人金門縣吳厝吳氏宗親會","http://cdcb.judicial.gov.tw/abbs/wkw/WHD6K05.jsp?ab=AAAdkxAAHAAAGibAAF&bc=102&cd=%AA%6B%B5%6E%AA%C0++++++++++++++&de=000001&ef=KMD&fg=1"
"203","社團法人金門縣金沙鎮忠孝二村社區發展協會","http://cdcb.judicial.gov.tw/abbs/wkw/WHD6K05.jsp?ab=AAAdkxAAHAAAGjkAAD&bc=102&cd=%AA%6B%B5%6E%AA%C0++++++++++++++&de=000002&ef=KMD&fg=1"
"204","社團法人金門縣金沙鎮小浦頭黃氏開泰宗親會","http://cdcb.judicial.gov.tw/abbs/wkw/WHD6K05.jsp?ab=AAAdkxAAHAAAGglAAJ&bc=102&cd=%AA%6B%B5%6E%AA%C0++++++++++++++&de=000003&ef=KMD&fg=1"
"205","社團法人金門縣浯坑鄭氏宗親會","http://cdcb.judicial.gov.tw/abbs/wkw/WHD6K05.jsp?ab=AAAdkxAAHAAAGktAAF&bc=102&cd=%AA%6B%B5%6E%AA%C0++++++++++++++&de=000004&ef=KMD&fg=1"
"206","金門縣金沙鎮陽翟信房中巷陳氏宗親會","http://cdcb.judicial.gov.tw/abbs/wkw/WHD6K05.jsp?ab=AAAdkxAAHAAAGmIAAG&bc=102&cd=%AA%6B%B5%6E%AA%C0++++++++++++++&de=000005&ef=KMD&fg=1"
"207","社團法人金門縣金沙鎮青嶼社區發展協會","http://cdcb.judicial.gov.tw/abbs/wkw/WHD6K05.jsp?ab=AAAdkxAAHAAAGnMAAG&bc=102&cd=%AA%6B%B5%6E%AA%C0++++++++++++++&de=000006&ef=KMD&fg=1"
"104","財團法人金門高中校務發展基金會","http://cdcb.judicial.gov.tw/abbs/wkw/WHD6K05.jsp?ab=AAAdkxAAHAAAGmOAAK&bc=102&cd=%AA%6B%B5%6E%A5%4C++++++++++++++&de=000017&ef=KMD&fg=1"
"153","社團法人台灣博物館專業協會","http://cdcb.judicial.gov.tw/abbs/wkw/WHD6K05.jsp?ab=AAAdkxAAHAAAGmPAAG&bc=102&cd=%AA%6B%B5%6E%A5%4C++++++++++++++&de=000018&ef=KMD&fg=1"
"97","財團法人金門大佛園區開發基金會","http://cdcb.judicial.gov.tw/abbs/wkw/WHD6K05.jsp?ab=AAAdkxAAHAAAGnMAAF&bc=102&cd=%AA%6B%B5%6E%A5%4C++++++++++++++&de=000019&ef=KMD&fg=1"
"192","社團法人金門縣金寧鄉盤山村下堡東翁氏二房宗親會","http://cdcb.judicial.gov.tw/abbs/wkw/WHD6K05.jsp?ab=AAAdkxAAHAAAGmSAAG&bc=102&cd=%AA%6B%B5%6E%A5%4C++++++++++++++&de=000020&ef=KMD&fg=1"
"100","社團法人金門縣黃氏宗親會","http://cdcb.judicial.gov.tw/abbs/wkw/WHD6K05.jsp?ab=AAAdkxAAHAAAGnmAAE&bc=102&cd=%AA%6B%B5%6E%A5%4C++++++++++++++&de=000021&ef=KMD&fg=1"
"130","財團法人金門縣張文夏黃玉燕紀念館教育基金會","http://cdcb.judicial.gov.tw/abbs/wkw/WHD6K05.jsp?ab=AAAdkxAAHAAAGnFAAC&bc=102&cd=%AA%6B%B5%6E%A5%4C++++++++++++++&de=000022&ef=KMD&fg=1"
"196","社團法人金門縣后豐港洪氏宗親會","http://cdcb.judicial.gov.tw/abbs/wkw/WHD6K05.jsp?ab=AAAdkxAAHAAAGnFAAB&bc=102&cd=%AA%6B%B5%6E%A5%4C++++++++++++++&de=000023&ef=KMD&fg=1"
"164","社團法人金門縣盤山村下堡西翁氏宗親會","http://cdcb.judicial.gov.tw/abbs/wkw/WHD6K05.jsp?ab=AAAdkxAAHAAAGnFAAD&bc=102&cd=%AA%6B%B5%6E%A5%4C++++++++++++++&de=000024&ef=KMD&fg=1"
"17","社團法人金門縣金寧鄉古寧頭李氏雄房宗親會","http://cdcb.judicial.gov.tw/abbs/wkw/WHD6K05.jsp?ab=AAAdkxAAHAAAGooAAE&bc=102&cd=%AA%6B%B5%6E%A5%4C++++++++++++++&de=000025&ef=KMD&fg=1"
"24","財團法人金門縣成功陳氏宗親基金會","http://cdcb.judicial.gov.tw/abbs/wkw/WHD6K05.jsp?ab=AAAdkxAAHAAAGooAAG&bc=102&cd=%AA%6B%B5%6E%A5%4C++++++++++++++&de=000026&ef=KMD&fg=1"
"79","社團法人金門縣金寧鄉下埔下蔡氏宗親會","http://cdcb.judicial.gov.tw/abbs/wkw/WHD6K05.jsp?ab=AAAdkxAAHAAAGi5AAF&bc=102&cd=%AA%6B%B5%6E%A5%4C++++++++++++++&de=000007&ef=KMD&fg=1"
"18","社團法人金門縣金沙鎮呂厝王氏宗親會","http://cdcb.judicial.gov.tw/abbs/wkw/WHD6K05.jsp?ab=AAAdkxAAHAAAGglAAI&bc=102&cd=%AA%6B%B5%6E%A5%4C++++++++++++++&de=000008&ef=KMD&fg=1"
"7","財團法人福建省金門縣金城鎮東門里代天府","http://cdcb.judicial.gov.tw/abbs/wkw/WHD6K05.jsp?ab=AAAdkxAAHAAAGgaAAE&bc=102&cd=%AA%6B%B5%6E%A5%4C++++++++++++++&de=000009&ef=KMD&fg=1"
"76","社團法人金門縣身心障礙者家長協會","http://cdcb.judicial.gov.tw/abbs/wkw/WHD6K05.jsp?ab=AAAdkxAAHAAAGlvAAD&bc=102&cd=%AA%6B%B5%6E%A5%4C++++++++++++++&de=000010&ef=KMD&fg=1"
"129","社團法人金門縣傅氏宗親會","http://cdcb.judicial.gov.tw/abbs/wkw/WHD6K05.jsp?ab=AAAdkxAAHAAAGlwAAG&bc=102&cd=%AA%6B%B5%6E%A5%4C++++++++++++++&de=000011&ef=KMD&fg=1"
"14","財團法人金門縣汶浦黃氏宗親基金會","http://cdcb.judicial.gov.tw/abbs/wkw/WHD6K05.jsp?ab=AAAdkxAAHAAAGlwAAH&bc=102&cd=%AA%6B%B5%6E%A5%4C++++++++++++++&de=000012&ef=KMD&fg=1"
"80","社團法人金門縣金湖鎮西埔呂氏宗親會","http://cdcb.judicial.gov.tw/abbs/wkw/WHD6K05.jsp?ab=AAAdkxAAHAAAGkuAAI&bc=102&cd=%AA%6B%B5%6E%A5%4C++++++++++++++&de=000013&ef=KMD&fg=1"
"64","財團法人晨光社會福利基金會","http://cdcb.judicial.gov.tw/abbs/wkw/WHD6K05.jsp?ab=AAAdkxAAHAAAGl%2BAAG&bc=102&cd=%AA%6B%B5%6E%A5%4C++++++++++++++&de=000015&ef=KMD&fg=1"
"22","財團法人金門縣前水頭金水寺公益慈善基金會","http://cdcb.judicial.gov.tw/abbs/wkw/WHD6K05.jsp?ab=AAAdkxAAHAAAGmnAAH&bc=102&cd=%AA%6B%B5%6E%A5%4C++++++++++++++&de=000016&ef=KMD&fg=1"
"163","社團法人金門縣康復之友協會","http://cdcb.judicial.gov.tw/abbs/wkw/WHD6K05.jsp?ab=AAAdkxAAHAAAF8CAAA&bc=101&cd=%AA%6B%B5%6E%AA%C0++++++++++++++&de=000003&ef=KMD&fg=1"
"168","社團法人金門縣前水頭穎川陳氏宗親會","http://cdcb.judicial.gov.tw/abbs/wkw/WHD6K05.jsp?ab=AAAdkxAAHAAAGEvAAC&bc=101&cd=%AA%6B%B5%6E%AA%C0++++++++++++++&de=000005&ef=KMD&fg=1"
"171","金門縣金寧鄉古寧頭李氏順房宗親會","http://cdcb.judicial.gov.tw/abbs/wkw/WHD6K05.jsp?ab=AAAdkxAAHAAAGEvAAE&bc=101&cd=%AA%6B%B5%6E%AA%C0++++++++++++++&de=000006&ef=KMD&fg=1"
"167","社團法人金門縣金湖鎮塔后村陳氏宗親會","http://cdcb.judicial.gov.tw/abbs/wkw/WHD6K05.jsp?ab=AAAdkxAAHAAAGieAAH&bc=102&cd=%AA%6B%B5%6E%A5%4C++++++++++++++&de=000001&ef=KMD&fg=1"
"13","財團法人金門基督教會","http://cdcb.judicial.gov.tw/abbs/wkw/WHD6K05.jsp?ab=AAAdkxAAHAAAGjkAAB&bc=102&cd=%AA%6B%B5%6E%A5%4C++++++++++++++&de=000002&ef=KMD&fg=1"
"35","財團法人金門古寧頭增賢書室基金會","http://cdcb.judicial.gov.tw/abbs/wkw/WHD6K05.jsp?ab=AAAdkxAAHAAAGjUAAK&bc=102&cd=%AA%6B%B5%6E%A5%4C++++++++++++++&de=000003&ef=KMD&fg=1"
"198","財團法人金門縣董氏宗親公益基金會","http://cdcb.judicial.gov.tw/abbs/wkw/WHD6K05.jsp?ab=AAAdkxAAHAAAGjkAAA&bc=102&cd=%AA%6B%B5%6E%A5%4C++++++++++++++&de=000004&ef=KMD&fg=1"
"43","社團法人金門縣金湖鎮東村呂氏宗親會","http://cdcb.judicial.gov.tw/abbs/wkw/WHD6K05.jsp?ab=AAAdkxAAHAAAGoIAAH&bc=102&cd=%AA%6B%B5%6E%A5%4C++++++++++++++&de=000005&ef=KMD&fg=1"
"8","社團法人金門縣金湖鎮西村呂氏宗親會","http://cdcb.judicial.gov.tw/abbs/wkw/WHD6K05.jsp?ab=AAAdkxAAHAAAGjkAAC&bc=102&cd=%AA%6B%B5%6E%A5%4C++++++++++++++&de=000006&ef=KMD&fg=1"
"120","社團法人金門縣烈嶼鄉西路林氏宗親會","http://cdcb.judicial.gov.tw/abbs/wkw/WHD6K05.jsp?ab=AAAdkxAAHAAAGLNAAC&bc=101&cd=%AA%6B%B5%6E%A5%4C++++++++++++++&de=000028&ef=KMD&fg=1"
"12","社團法人金門縣烈嶼鄉上庫村天后宮慈善會","http://cdcb.judicial.gov.tw/abbs/wkw/WHD6K05.jsp?ab=AAAdkxAAHAAAGLOAAD&bc=101&cd=%AA%6B%B5%6E%A5%4C++++++++++++++&de=000029&ef=KMD&fg=1"
"187","社團法人金門縣金城鎮庵前陳氏宗親會","http://cdcb.judicial.gov.tw/abbs/wkw/WHD6K05.jsp?ab=AAAdkxAAHAAAGM7AAA&bc=101&cd=%AA%6B%B5%6E%A5%4C++++++++++++++&de=000030&ef=KMD&fg=1"
"5","財團法人福建更生保護會","http://cdcb.judicial.gov.tw/abbs/wkw/WHD6K05.jsp?ab=AAAdkxAAHAAAGMjAAB&bc=101&cd=%AA%6B%B5%6E%A5%4C++++++++++++++&de=000031&ef=KMD&fg=1"
"123","社團法人金門縣金沙鎮西園后珩社區發展協會","http://cdcb.judicial.gov.tw/abbs/wkw/WHD6K05.jsp?ab=AAAdkxAAHAAAGNAAAB&bc=101&cd=%AA%6B%B5%6E%A5%4C++++++++++++++&de=000032&ef=KMD&fg=1"
"20","社團法人金門縣董氏宗親會","http://cdcb.judicial.gov.tw/abbs/wkw/WHD6K05.jsp?ab=AAAdkxAAHAAAGNLAAK&bc=101&cd=%AA%6B%B5%6E%A5%4C++++++++++++++&de=000033&ef=KMD&fg=1"
"85","社團法人金門縣金寧鄉東洲陳氏宗親會","http://cdcb.judicial.gov.tw/abbs/wkw/WHD6K05.jsp?ab=AAAdkxAAHAAAGNlAAF&bc=101&cd=%AA%6B%B5%6E%A5%4C++++++++++++++&de=000034&ef=KMD&fg=1"
"126","社團法人金門縣官澳黃氏宗親會","http://cdcb.judicial.gov.tw/abbs/wkw/WHD6K05.jsp?ab=AAAdkxAAHAAAGNlAAG&bc=101&cd=%AA%6B%B5%6E%A5%4C++++++++++++++&de=000035&ef=KMD&fg=1"
"157","社團法人金門縣喬安馬術協會","http://cdcb.judicial.gov.tw/abbs/wkw/WHD6K05.jsp?ab=AAAdkxAAHAAAF6DAAD&bc=101&cd=%AA%6B%B5%6E%AA%C0++++++++++++++&de=000001&ef=KMD&fg=1"
"159","社團法人中華民國國立金門大學校友會","http://cdcb.judicial.gov.tw/abbs/wkw/WHD6K05.jsp?ab=AAAdkxAAHAAAGAQAAI&bc=101&cd=%AA%6B%B5%6E%AA%C0++++++++++++++&de=000002&ef=KMD&fg=1"
"1","財團法人山外基督教會","http://cdcb.judicial.gov.tw/abbs/wkw/WHD6K05.jsp?ab=AAAdkxAAHAAAGNlAAH&bc=101&cd=%AA%6B%B5%6E%A5%4C++++++++++++++&de=000018&ef=KMD&fg=1"
"9","社團法人金門縣金沙鎮后宅王氏宗親會","http://cdcb.judicial.gov.tw/abbs/wkw/WHD6K05.jsp?ab=AAAdkxAAHAAAGFwAAH&bc=101&cd=%AA%6B%B5%6E%A5%4C++++++++++++++&de=000019&ef=KMD&fg=1"
"34","財團法人金門縣東西山前李氏基金會","http://cdcb.judicial.gov.tw/abbs/wkw/WHD6K05.jsp?ab=AAAdkxAAHAAAGFzAAC&bc=101&cd=%AA%6B%B5%6E%A5%4C++++++++++++++&de=000020&ef=KMD&fg=1"
"29","財團法人金門縣山西德宗李氏基金會","http://cdcb.judicial.gov.tw/abbs/wkw/WHD6K05.jsp?ab=AAAdkxAAHAAAGFeAAF&bc=101&cd=%AA%6B%B5%6E%A5%4C++++++++++++++&de=000021&ef=KMD&fg=1"
"30","社團法人金門縣古寧頭李氏宗親會","http://cdcb.judicial.gov.tw/abbs/wkw/WHD6K05.jsp?ab=AAAdkxAAHAAAGKkAAJ&bc=101&cd=%AA%6B%B5%6E%A5%4C++++++++++++++&de=000022&ef=KMD&fg=1"
"127","社團法人金門縣惠安同鄉會","http://cdcb.judicial.gov.tw/abbs/wkw/WHD6K05.jsp?ab=AAAdkxAAHAAAGKkAAI&bc=101&cd=%AA%6B%B5%6E%A5%4C++++++++++++++&de=000023&ef=KMD&fg=1"
"10","財團法人金門縣歐陽氏基金會","http://cdcb.judicial.gov.tw/abbs/wkw/WHD6K05.jsp?ab=AAAdkxAAHAAAGNJAAJ&bc=101&cd=%AA%6B%B5%6E%A5%4C++++++++++++++&de=000025&ef=KMD&fg=1"
"69","財團法人台灣兒童暨家庭扶助基金會","http://cdcb.judicial.gov.tw/abbs/wkw/WHD6K05.jsp?ab=AAAdkxAAHAAAGLNAAJ&bc=101&cd=%AA%6B%B5%6E%A5%4C++++++++++++++&de=000027&ef=KMD&fg=1"
"16","","http://cdcb.judicial.gov.tw/abbs/wkw/WHD6K05.jsp?ab=AAAdkxAAHAAAF78AAB&bc=101&cd=%AA%6B%B5%6E%A5%4C++++++++++++++&de=000007&ef=KMD&fg=1"
"84","社團法人金門縣婦女權益促進會","http://cdcb.judicial.gov.tw/abbs/wkw/WHD6K05.jsp?ab=AAAdkxAAHAAAGAQAAJ&bc=101&cd=%AA%6B%B5%6E%A5%4C++++++++++++++&de=000008&ef=KMD&fg=1"
"119","社團法人金門縣金湖鎮林兜呂氏宗親會","http://cdcb.judicial.gov.tw/abbs/wkw/WHD6K05.jsp?ab=AAAdkxAAHAAAGAvAAG&bc=101&cd=%AA%6B%B5%6E%A5%4C++++++++++++++&de=000009&ef=KMD&fg=1"
"36","社團法人金門縣退除役軍人協會","http://cdcb.judicial.gov.tw/abbs/wkw/WHD6K05.jsp?ab=AAAdkxAAHAAAGBGAAJ&bc=101&cd=%AA%6B%B5%6E%A5%4C++++++++++++++&de=000010&ef=KMD&fg=1"
"162","社團法人金門縣安岐周氏宗親會","http://cdcb.judicial.gov.tw/abbs/wkw/WHD6K05.jsp?ab=AAAdkxAAHAAAGEvAAA&bc=101&cd=%AA%6B%B5%6E%A5%4C++++++++++++++&de=000011&ef=KMD&fg=1"
"170","社團法人金門縣金寧鄉后盤村珩山派王氏宗親會","http://cdcb.judicial.gov.tw/abbs/wkw/WHD6K05.jsp?ab=AAAdkxAAHAAAGEvAAD&bc=101&cd=%AA%6B%B5%6E%A5%4C++++++++++++++&de=000013&ef=KMD&fg=1"
"31","財團法人金門縣東沙村王氏宗親基金會","http://cdcb.judicial.gov.tw/abbs/wkw/WHD6K05.jsp?ab=AAAdkxAAHAAAGFDAAE&bc=101&cd=%AA%6B%B5%6E%A5%4C++++++++++++++&de=000014&ef=KMD&fg=1"
"32","財團法人汶浦黃氏特授汝州司馬雄公紀念基金會","http://cdcb.judicial.gov.tw/abbs/wkw/WHD6K05.jsp?ab=AAAdkxAAHAAAGFaAAI&bc=101&cd=%AA%6B%B5%6E%A5%4C++++++++++++++&de=000017&ef=KMD&fg=1"
"151","社團法人金門縣沙美葉氏宗親會","http://cdcb.judicial.gov.tw/abbs/wkw/WHD6K05.jsp?ab=AAAdkxAAHAAADvjAAB&bc=100&cd=%AA%6B%B5%6E%AA%C0++++++++++++++&de=000008&ef=KMD&fg=1"
"154","社團法人金門縣高坑陳氏宗親會","http://cdcb.judicial.gov.tw/abbs/wkw/WHD6K05.jsp?ab=AAAdkxAAHAAABdUAAI&bc=100&cd=%AA%6B%B5%6E%AA%C0++++++++++++++&de=000009&ef=KMD&fg=1"
"155","社團法人金門縣蔡氏宗親會","http://cdcb.judicial.gov.tw/abbs/wkw/WHD6K05.jsp?ab=AAAdkxAAHAAAOSBAAI&bc=100&cd=%AA%6B%B5%6E%AA%C0++++++++++++++&de=000010&ef=KMD&fg=1"
"156","社團法人金門縣燕南山書院暨清水祖師經營管理協會","http://cdcb.judicial.gov.tw/abbs/wkw/WHD6K05.jsp?ab=AAAdkxAAHAAAF4yAAE&bc=100&cd=%AA%6B%B5%6E%AA%C0++++++++++++++&de=000011&ef=KMD&fg=1"
"158","社團法人金門縣金門城古地城隍慈善會","http://cdcb.judicial.gov.tw/abbs/wkw/WHD6K05.jsp?ab=AAAdkxAAHAAAF7bAAA&bc=101&cd=%AA%6B%B5%6E%A5%4C++++++++++++++&de=000002&ef=KMD&fg=1"
"37","社團法人金門縣金湖鎮湖前陳氏宗親會","http://cdcb.judicial.gov.tw/abbs/wkw/WHD6K05.jsp?ab=AAAdkxAAHAAAF7fAAC&bc=101&cd=%AA%6B%B5%6E%A5%4C++++++++++++++&de=000003&ef=KMD&fg=1"
"160","財團法人金門縣薛氏基金會","http://cdcb.judicial.gov.tw/abbs/wkw/WHD6K05.jsp?ab=AAAdkxAAHAAAF78AAA&bc=101&cd=%AA%6B%B5%6E%A5%4C++++++++++++++&de=000004&ef=KMD&fg=1"
"161","社團法人福建省金門縣潁川堂陳氏宗親會","http://cdcb.judicial.gov.tw/abbs/wkw/WHD6K05.jsp?ab=AAAdkxAAHAAAF7vAAC&bc=101&cd=%AA%6B%B5%6E%A5%4C++++++++++++++&de=000005&ef=KMD&fg=1"
"4","財團法人金門縣忠義廟基金會","http://cdcb.judicial.gov.tw/abbs/wkw/WHD6K05.jsp?ab=AAAdkxAAHAAAF8IAAB&bc=101&cd=%AA%6B%B5%6E%A5%4C++++++++++++++&de=000006&ef=KMD&fg=1"
"107","社團法人金門縣金城鎮前水頭黃氏四維堂宗親會","http://cdcb.judicial.gov.tw/abbs/wkw/WHD6K05.jsp?ab=AAAdkxAAHAAAOSBAAH&bc=100&cd=%AA%6B%B5%6E%A5%4C++++++++++++++&de=000021&ef=KMD&fg=1"
"78","社團法人金門縣康復之友協會","http://cdcb.judicial.gov.tw/abbs/wkw/WHD6K05.jsp?ab=AAAdkxAAHAAAF4QAAD&bc=100&cd=%AA%6B%B5%6E%A5%4C++++++++++++++&de=000022&ef=KMD&fg=1"
"144","社團法人金門縣金湖鎮成功村四柱陳氏宗親會","http://cdcb.judicial.gov.tw/abbs/wkw/WHD6K05.jsp?ab=AAAdkxAAHAAAFAFAAH&bc=100&cd=%AA%6B%B5%6E%AA%C0++++++++++++++&de=000001&ef=KMD&fg=1"
"145","社團法人金門縣金水黃氏五欉派宗親會","http://cdcb.judicial.gov.tw/abbs/wkw/WHD6K05.jsp?ab=AAAdkxAAHAAACkLAAC&bc=100&cd=%AA%6B%B5%6E%AA%C0++++++++++++++&de=000002&ef=KMD&fg=1"
"146","社團法人金門縣金寧鄉下埔下蔡氏二房宗親會","http://cdcb.judicial.gov.tw/abbs/wkw/WHD6K05.jsp?ab=AAAdkxAAHAAAMbZAAC&bc=100&cd=%AA%6B%B5%6E%AA%C0++++++++++++++&de=000003&ef=KMD&fg=1"
"149","社團法人金門縣湖峰楊氏仲敬宗親會","http://cdcb.judicial.gov.tw/abbs/wkw/WHD6K05.jsp?ab=AAAdkxAAHAAAOylAAJ&bc=100&cd=%AA%6B%B5%6E%AA%C0++++++++++++++&de=000004&ef=KMD&fg=1"
"148","社團法人金門縣湖峰楊氏四柱宗親會","http://cdcb.judicial.gov.tw/abbs/wkw/WHD6K05.jsp?ab=AAAdkxAAHAAAJ%2BeAAC&bc=100&cd=%AA%6B%B5%6E%AA%C0++++++++++++++&de=000005&ef=KMD&fg=1"
"147","社團法人金門縣金沙鎮浦邊周氏宗親會","http://cdcb.judicial.gov.tw/abbs/wkw/WHD6K05.jsp?ab=AAAdkxAAHAAANs7AAB&bc=100&cd=%AA%6B%B5%6E%AA%C0++++++++++++++&de=000006&ef=KMD&fg=1"
"150","社團法人金門縣後浦三瑞堂洪氏宗親會","http://cdcb.judicial.gov.tw/abbs/wkw/WHD6K05.jsp?ab=AAAdkxAAHAAAPlxAAL&bc=100&cd=%AA%6B%B5%6E%AA%C0++++++++++++++&de=000007&ef=KMD&fg=1"
"111","社團法人金門縣前水頭李氏宗親會","http://cdcb.judicial.gov.tw/abbs/wkw/WHD6K05.jsp?ab=AAAdkxAAHAAAOypAAG&bc=100&cd=%AA%6B%B5%6E%A5%4C++++++++++++++&de=000010&ef=KMD&fg=1"
"55","社團法人金門縣烈嶼鄉雙口林氏宗親會","http://cdcb.judicial.gov.tw/abbs/wkw/WHD6K05.jsp?ab=AAAdkxAAHAAADuuAAE&bc=100&cd=%AA%6B%B5%6E%A5%4C++++++++++++++&de=000011&ef=KMD&fg=1"
"108","社團法人金門縣斗門陳氏三公宗親會","http://cdcb.judicial.gov.tw/abbs/wkw/WHD6K05.jsp?ab=AAAdkxAAHAAABd2AAA&bc=100&cd=%AA%6B%B5%6E%A5%4C++++++++++++++&de=000013&ef=KMD&fg=1"
"53","社團法人金門縣六桂宗親會","http://cdcb.judicial.gov.tw/abbs/wkw/WHD6K05.jsp?ab=AAAdkxAAHAAAORrAAI&bc=100&cd=%AA%6B%B5%6E%A5%4C++++++++++++++&de=000014&ef=KMD&fg=1"
"2","社團法人金門縣金湖鎮夏興陳氏宗親會","http://cdcb.judicial.gov.tw/abbs/wkw/WHD6K05.jsp?ab=AAAdkxAAHAAADwBAAK&bc=100&cd=%AA%6B%B5%6E%A5%4C++++++++++++++&de=000016&ef=KMD&fg=1"
"47","社團法人金門縣許氏南洲公裔孫宗親會","http://cdcb.judicial.gov.tw/abbs/wkw/WHD6K05.jsp?ab=AAAdkxAAHAAABeDAAG&bc=100&cd=%AA%6B%B5%6E%A5%4C++++++++++++++&de=000019&ef=KMD&fg=1"
"137","財團法人金門酒獅文化藝術基金會","http://cdcb.judicial.gov.tw/abbs/wkw/WHD6K05.jsp?ab=AAAdkxAAHAAADvEAAC&bc=099&cd=%AA%6B%B5%6E%B0%5D++++++++++++++&de=000001&ef=KMD&fg=1"
"106","社團法人金門縣盤山頂堡西翁氏宗親會","http://cdcb.judicial.gov.tw/abbs/wkw/WHD6K05.jsp?ab=AAAdkxAAHAAAIpzAAM&bc=100&cd=%AA%6B%B5%6E%A5%4C++++++++++++++&de=000001&ef=KMD&fg=1"
"103","社團法人金門縣頂堡東翁氏宗親會","http://cdcb.judicial.gov.tw/abbs/wkw/WHD6K05.jsp?ab=AAAdkxAAHAAAJaVAAA&bc=100&cd=%AA%6B%B5%6E%A5%4C++++++++++++++&de=000002&ef=KMD&fg=1"
"75","社團法人金門縣金寧鄉湖峰楊氏宗親會","http://cdcb.judicial.gov.tw/abbs/wkw/WHD6K05.jsp?ab=AAAdkxAAHAAALTEAAE&bc=100&cd=%AA%6B%B5%6E%A5%4C++++++++++++++&de=000003&ef=KMD&fg=1"
"136","社團法人金門縣烈嶼鄉下林三鄉林氏宗親會","http://cdcb.judicial.gov.tw/abbs/wkw/WHD6K05.jsp?ab=AAAdkxAAHAAAMYwAAD&bc=100&cd=%AA%6B%B5%6E%A5%4C++++++++++++++&de=000005&ef=KMD&fg=1"
"23","社團法人金門縣盧氏宗親會","http://cdcb.judicial.gov.tw/abbs/wkw/WHD6K05.jsp?ab=AAAdkxAAHAAANtiAAI&bc=100&cd=%AA%6B%B5%6E%A5%4C++++++++++++++&de=000006&ef=KMD&fg=1"
"3","社團法人金門縣烈嶼鄉東林林氏宗親會","http://cdcb.judicial.gov.tw/abbs/wkw/WHD6K05.jsp?ab=AAAdkxAAHAAANtiAAH&bc=100&cd=%AA%6B%B5%6E%A5%4C++++++++++++++&de=000007&ef=KMD&fg=1"
"112","社團法人金門縣金城鎮北門里鄭氏行俗公裔孫宗親會","http://cdcb.judicial.gov.tw/abbs/wkw/WHD6K05.jsp?ab=AAAdkxAAHAAAPkzAAF&bc=100&cd=%AA%6B%B5%6E%A5%4C++++++++++++++&de=000008&ef=KMD&fg=1"
"74","社團法人金門縣金門中學初中第十五屆高中第十二屆同學會","http://cdcb.judicial.gov.tw/abbs/wkw/WHD6K05.jsp?ab=AAAdkxAAHAAAOQbAAF&bc=100&cd=%AA%6B%B5%6E%A5%4C++++++++++++++&de=000009&ef=KMD&fg=1"
"132","社團法人金門縣國立嘉義大學校友會","http://cdcb.judicial.gov.tw/abbs/wkw/WHD6K05.jsp?ab=AAAdkxAAHAAADv8AAB&bc=099&cd=%AA%6B%B5%6E%AA%C0++++++++++++++&de=000001&ef=KMD&fg=1"
"134","社團法人金門縣社會福利協進會","http://cdcb.judicial.gov.tw/abbs/wkw/WHD6K05.jsp?ab=AAAdkxAAHAAADwIAAD&bc=099&cd=%AA%6B%B5%6E%AA%C0++++++++++++++&de=000002&ef=KMD&fg=1"
"135","社團法人金門縣烈嶼鄉東坑呂氏宗親會","http://cdcb.judicial.gov.tw/abbs/wkw/WHD6K05.jsp?ab=AAAdkxAAHAAADwIAAH&bc=099&cd=%AA%6B%B5%6E%AA%C0++++++++++++++&de=000003&ef=KMD&fg=1"
"138","社團法人金門縣西園中甲熙元公派下黃氏宗親會","http://cdcb.judicial.gov.tw/abbs/wkw/WHD6K05.jsp?ab=AAAdkxAAHAAADwIAAL&bc=099&cd=%AA%6B%B5%6E%AA%C0++++++++++++++&de=000005&ef=KMD&fg=1"
"139","社團法人金門縣建築學會","http://cdcb.judicial.gov.tw/abbs/wkw/WHD6K05.jsp?ab=AAAdkxAAHAAADvEAAB&bc=099&cd=%AA%6B%B5%6E%AA%C0++++++++++++++&de=000006&ef=KMD&fg=1"
"140","社團法人金門縣丘（邱）氏宗親會","http://cdcb.judicial.gov.tw/abbs/wkw/WHD6K05.jsp?ab=AAAdkxAAHAAADwAAAK&bc=099&cd=%AA%6B%B5%6E%AA%C0++++++++++++++&de=000007&ef=KMD&fg=1"
"141","社團法人金門縣金寧鄉上后垵林氏宗親會","http://cdcb.judicial.gov.tw/abbs/wkw/WHD6K05.jsp?ab=AAAdkxAAHAAADvKAAF&bc=099&cd=%AA%6B%B5%6E%AA%C0++++++++++++++&de=000008&ef=KMD&fg=1"
"142","社團法人金門縣朝陽慈善功德會","http://cdcb.judicial.gov.tw/abbs/wkw/WHD6K05.jsp?ab=AAAdkxAAHAAACl%2BAAH&bc=099&cd=%AA%6B%B5%6E%AA%C0++++++++++++++&de=000009&ef=KMD&fg=1"
"143","社團法人金門縣觀光交流協會","http://cdcb.judicial.gov.tw/abbs/wkw/WHD6K05.jsp?ab=AAAdkxAAHAAACv6AAH&bc=099&cd=%AA%6B%B5%6E%AA%C0++++++++++++++&de=000010&ef=KMD&fg=1"
"90","社團法人金門縣官裡許氏宗親會","http://cdcb.judicial.gov.tw/abbs/wkw/WHD6K05.jsp?ab=AAAdkxAAHAAADwIAAI&bc=099&cd=%AA%6B%B5%6E%A5%4C++++++++++++++&de=000007&ef=KMD&fg=1"
"124","社團法人金門縣徐氏宗親會","http://cdcb.judicial.gov.tw/abbs/wkw/WHD6K05.jsp?ab=AAAdkxAAHAAADwEAAJ&bc=098&cd=%AA%6B%B5%6E%AA%C0++++++++++++++&de=000001&ef=KMD&fg=1"
"125","社團法人金門縣金沙社教推行發展協會","http://cdcb.judicial.gov.tw/abbs/wkw/WHD6K05.jsp?ab=AAAdkxAAHAAADv8AAE&bc=098&cd=%AA%6B%B5%6E%AA%C0++++++++++++++&de=000002&ef=KMD&fg=1"
"128","社團法人金門縣金沙鎮后浦頭暨五福街社區發展協會","http://cdcb.judicial.gov.tw/abbs/wkw/WHD6K05.jsp?ab=AAAdkxAAHAAADwAAAD&bc=098&cd=%AA%6B%B5%6E%AA%C0++++++++++++++&de=000005&ef=KMD&fg=1"
"131","社團法人金門縣呂厝林氏宗廟林氏宗親會","http://cdcb.judicial.gov.tw/abbs/wkw/WHD6K05.jsp?ab=AAAdkxAAHAAADwAAAF&bc=098&cd=%AA%6B%B5%6E%AA%C0++++++++++++++&de=000007&ef=KMD&fg=1"
"60","社團法人金門縣金寧鄉古寧頭張氏宗親會","http://cdcb.judicial.gov.tw/abbs/wkw/WHD6K05.jsp?ab=AAAdkxAAHAAADwAAAB&bc=098&cd=%AA%6B%B5%6E%A5%4C++++++++++++++&de=000018&ef=KMD&fg=1"
"15","社團法人金門縣金寧鄉古寧頭李氏主房宗親會","http://cdcb.judicial.gov.tw/abbs/wkw/WHD6K05.jsp?ab=AAAdkxAAHAAADuNAAF&bc=098&cd=%AA%6B%B5%6E%A5%4C++++++++++++++&de=000021&ef=KMD&fg=1"
"26","社團法人金門縣烈嶼鄉青岐洪氏家廟慈善會","http://cdcb.judicial.gov.tw/abbs/wkw/WHD6K05.jsp?ab=AAAdkxAAHAAADuRAAB&bc=098&cd=%AA%6B%B5%6E%A5%4C++++++++++++++&de=000023&ef=KMD&fg=1"
"6","社團法人金門縣金沙國小學生家長會","http://cdcb.judicial.gov.tw/abbs/wkw/WHD6K05.jsp?ab=AAAdkxAAHAAADvEAAD&bc=098&cd=%AA%6B%B5%6E%A5%4C++++++++++++++&de=000026&ef=KMD&fg=1"
"52","社團法人金門縣古寧頭李氏進房宗親會","http://cdcb.judicial.gov.tw/abbs/wkw/WHD6K05.jsp?ab=AAAdkxAAHAAADuRAAD&bc=098&cd=%AA%6B%B5%6E%A5%4C++++++++++++++&de=000008&ef=KMD&fg=1"
"115","社團法人金門縣湖峰社楊氏仲惠公後裔宗親會","http://cdcb.judicial.gov.tw/abbs/wkw/WHD6K05.jsp?ab=AAAdkxAAHAAADutAAA&bc=097&cd=%AA%6B%B5%6E%AA%C0++++++++++++++&de=000001&ef=KMD&fg=1"
"121","社團法人金門縣蔡厝西堡蔡氏宗親會","http://cdcb.judicial.gov.tw/abbs/wkw/WHD6K05.jsp?ab=AAAdkxAAHAAADusAAF&bc=097&cd=%AA%6B%B5%6E%AA%C0++++++++++++++&de=000006&ef=KMD&fg=1"
"122","社團法人金門縣金寧鄉湖峰楊氏三房五柱宗親會","http://cdcb.judicial.gov.tw/abbs/wkw/WHD6K05.jsp?ab=AAAdkxAAHAAADu4AAD&bc=097&cd=%AA%6B%B5%6E%AA%C0++++++++++++++&de=000007&ef=KMD&fg=1"
"42","社團法人金門縣方氏宗親會","http://cdcb.judicial.gov.tw/abbs/wkw/WHD6K05.jsp?ab=AAAdkxAAHAAADvAAAF&bc=098&cd=%AA%6B%B5%6E%A5%4C++++++++++++++&de=000003&ef=KMD&fg=1"
"89","社團法人金門縣青嶼張氏宗親會","http://cdcb.judicial.gov.tw/abbs/wkw/WHD6K05.jsp?ab=AAAdkxAAHAAADwEAAG&bc=098&cd=%AA%6B%B5%6E%A5%4C++++++++++++++&de=000005&ef=KMD&fg=1"
"73","社團法人金門縣金沙鎮洋山陳氏宗親會","http://cdcb.judicial.gov.tw/abbs/wkw/WHD6K05.jsp?ab=AAAdkxAAHAAADu0AAF&bc=097&cd=%AA%6B%B5%6E%A5%4C++++++++++++++&de=000012&ef=KMD&fg=1"
"54","社團法人金門縣林氏宗親會","http://cdcb.judicial.gov.tw/abbs/wkw/WHD6K05.jsp?ab=AAAdkxAAHAAADu4AAG&bc=097&cd=%AA%6B%B5%6E%A5%4C++++++++++++++&de=000017&ef=KMD&fg=1"
"113","財團法人金門杰思弘道基金會","http://cdcb.judicial.gov.tw/abbs/wkw/WHD6K05.jsp?ab=AAAdkxAAHAAADvJAAJ&bc=096&cd=%AA%6B%B5%6E%B0%5D++++++++++++++&de=000003&ef=KMD&fg=1"
"45","社團法人金門縣金寧鄉后沙村許氏宗親會","http://cdcb.judicial.gov.tw/abbs/wkw/WHD6K05.jsp?ab=AAAdkxAAHAAADutAAI&bc=097&cd=%AA%6B%B5%6E%A5%4C++++++++++++++&de=000002&ef=KMD&fg=1"
"105","社團法人金門縣石門內許氏伯亮公裔孫宗親會","http://cdcb.judicial.gov.tw/abbs/wkw/WHD6K05.jsp?ab=AAAdkxAAHAAADvJAAE&bc=096&cd=%AA%6B%B5%6E%AA%C0++++++++++++++&de=000003&ef=KMD&fg=1"
"110","社團法人金門縣烈嶼鄉東林習山堂慈善會","http://cdcb.judicial.gov.tw/abbs/wkw/WHD6K05.jsp?ab=AAAdkxAAHAAADvlAAH&bc=096&cd=%AA%6B%B5%6E%AA%C0++++++++++++++&de=000007&ef=KMD&fg=1"
"114","社團法人金門縣古寧頭李氏合房宗親會","http://cdcb.judicial.gov.tw/abbs/wkw/WHD6K05.jsp?ab=AAAdkxAAHAAADuMAAE&bc=096&cd=%AA%6B%B5%6E%AA%C0++++++++++++++&de=000010&ef=KMD&fg=1"
"109","財團法人金門高職文教基金會","http://cdcb.judicial.gov.tw/abbs/wkw/WHD6K05.jsp?ab=AAAdkxAAHAAADvlAAF&bc=096&cd=%AA%6B%B5%6E%B0%5D++++++++++++++&de=000002&ef=KMD&fg=1"
"58","社團法人金門縣金湖鎮新頭村陳氏宗親會","http://cdcb.judicial.gov.tw/abbs/wkw/WHD6K05.jsp?ab=AAAdkxAAHAAADuMAAH&bc=096&cd=%AA%6B%B5%6E%A5%4C++++++++++++++&de=000023&ef=KMD&fg=1"
"95","社團法人金門縣野鳥學會","http://cdcb.judicial.gov.tw/abbs/wkw/WHD6K05.jsp?ab=AAAdkxAAHAAADuNAAD&bc=096&cd=%AA%6B%B5%6E%A5%4C++++++++++++++&de=000028&ef=KMD&fg=1"
"102","社團法人金門縣金寧鄉西浦頭莊氏西祧宗親會","http://cdcb.judicial.gov.tw/abbs/wkw/WHD6K05.jsp?ab=AAAdkxAAHAAADvNAAJ&bc=096&cd=%AA%6B%B5%6E%AA%C0++++++++++++++&de=000001&ef=KMD&fg=1"
"49","社團法人金門縣后湖會元許氏宗親會","http://cdcb.judicial.gov.tw/abbs/wkw/WHD6K05.jsp?ab=AAAdkxAAHAAADvpAAA&bc=096&cd=%AA%6B%B5%6E%A5%4C++++++++++++++&de=000012&ef=KMD&fg=1"
"101","社團法人金門縣金沙鎮陽翟社區發展協會","http://cdcb.judicial.gov.tw/abbs/wkw/WHD6K05.jsp?ab=AAAdkxAAHAAADvNAAF&bc=095&cd=%AA%6B%B5%6E%AA%C0++++++++++++++&de=000007&ef=KMD&fg=1"
"57","社團法人金門縣蕭氏宗親會","http://cdcb.judicial.gov.tw/abbs/wkw/WHD6K05.jsp?ab=AAAdkxAAHAAADvJAAF&bc=096&cd=%AA%6B%B5%6E%A5%4C++++++++++++++&de=000007&ef=KMD&fg=1"
"94","社團法人金門縣金沙鎮陽翟陳氏宗親會","http://cdcb.judicial.gov.tw/abbs/wkw/WHD6K05.jsp?ab=AAAdkxAAHAAADumAAG&bc=095&cd=%AA%6B%B5%6E%AA%C0++++++++++++++&de=000001&ef=KMD&fg=1"
"99","社團法人金門縣照顧服務員協會","http://cdcb.judicial.gov.tw/abbs/wkw/WHD6K05.jsp?ab=AAAdkxAAHAAADvNAAB&bc=095&cd=%AA%6B%B5%6E%AA%C0++++++++++++++&de=000005&ef=KMD&fg=1"
"92","社團法人金門縣前水頭黃氏世懋堂宗親會","http://cdcb.judicial.gov.tw/abbs/wkw/WHD6K05.jsp?ab=AAAdkxAAHAAADumAAE&bc=094&cd=%AA%6B%B5%6E%AA%C0++++++++++++++&de=000007&ef=KMD&fg=1"
"87","社團法人金門縣庵頂謝氏宗親會","http://cdcb.judicial.gov.tw/abbs/wkw/WHD6K05.jsp?ab=AAAdkxAAHAAADuiAAC&bc=094&cd=%AA%6B%B5%6E%AA%C0++++++++++++++&de=000002&ef=KMD&fg=1"
"70","社團法人金門縣金沙鎮太武社區發展協會","http://cdcb.judicial.gov.tw/abbs/wkw/WHD6K05.jsp?ab=AAAdkxAAHAAADuPAAF&bc=094&cd=%AA%6B%B5%6E%A5%4C++++++++++++++&de=000008&ef=KMD&fg=1"
"83","社團法人金門縣海峽水域環境保護協會","http://cdcb.judicial.gov.tw/abbs/wkw/WHD6K05.jsp?ab=AAAdkxAAHAAADv0AAG&bc=093&cd=%AA%6B%B5%6E%AA%C0++++++++++++++&de=000003&ef=KMD&fg=1"
"39","社團法人金門縣古寧頭李氏南主宗親會","http://cdcb.judicial.gov.tw/abbs/wkw/WHD6K05.jsp?ab=AAAdkxAAHAAADufAAG&bc=093&cd=%AA%6B%B5%6E%A5%4C++++++++++++++&de=000023&ef=KMD&fg=1"
"81","社團法人金門縣金寧鄉埔後上學堂陳氏宗親會","http://cdcb.judicial.gov.tw/abbs/wkw/WHD6K05.jsp?ab=AAAdkxAAHAAADujAAG&bc=093&cd=%AA%6B%B5%6E%AA%C0++++++++++++++&de=000001&ef=KMD&fg=1"
"82","社團法人金門縣幼兒教育發展協會","http://cdcb.judicial.gov.tw/abbs/wkw/WHD6K05.jsp?ab=AAAdkxAAHAAADvsAAE&bc=093&cd=%AA%6B%B5%6E%AA%C0++++++++++++++&de=000002&ef=KMD&fg=1"
"48","社團法人金門縣董氏十二世德蔭公宗親會","http://cdcb.judicial.gov.tw/abbs/wkw/WHD6K05.jsp?ab=AAAdkxAAHAAADvsAAG&bc=093&cd=%AA%6B%B5%6E%A5%4C++++++++++++++&de=000009&ef=KMD&fg=1"
"62","社團法人金門縣西園鄉親會","http://cdcb.judicial.gov.tw/abbs/wkw/WHD6K05.jsp?ab=AAAdkxAAHAAADv0AAA&bc=093&cd=%AA%6B%B5%6E%A5%4C++++++++++++++&de=000010&ef=KMD&fg=1"
"51","財團法人金門縣社教文化活動基金會                                    ","http://cdcb.judicial.gov.tw/abbs/wkw/WHD6K05.jsp?ab=AAAdkxAAHAAADuQAAD&bc=092&cd=%AA%6B%B5%6E%A5%4C++++++++++++++&de=000014&ef=KMD&fg=1"
"68","社團法人金門縣國立金門高級中學校友會                                ","http://cdcb.judicial.gov.tw/abbs/wkw/WHD6K05.jsp?ab=AAAdkxAAHAAADuTAAD&bc=091&cd=%AA%6B%B5%6E%AA%C0++++++++++++++&de=000004&ef=KMD&fg=1"
"72","社團法人金門縣金寧鄉西浦頭頂宗祠莊氏宗親會                          ","http://cdcb.judicial.gov.tw/abbs/wkw/WHD6K05.jsp?ab=AAAdkxAAHAAADuhAAC&bc=091&cd=%AA%6B%B5%6E%AA%C0++++++++++++++&de=000011&ef=KMD&fg=1"
"33","社團法人金門縣金城鎮古區陳氏宗親會                                  ","http://cdcb.judicial.gov.tw/abbs/wkw/WHD6K05.jsp?ab=AAAdkxAAHAAADu5AAA&bc=092&cd=%AA%6B%B5%6E%A5%4C++++++++++++++&de=000003&ef=KMD&fg=1"
"27","社團法人金門縣金沙鎮營山村張氏宗親會                                ","http://cdcb.judicial.gov.tw/abbs/wkw/WHD6K05.jsp?ab=AAAdkxAAHAAADuQAAB&bc=091&cd=%AA%6B%B5%6E%A5%4C++++++++++++++&de=000003&ef=KMD&fg=1"
"50","社團法人金門縣烈嶼鄉厚生慈善會                                      ","http://cdcb.judicial.gov.tw/abbs/wkw/WHD6K05.jsp?ab=AAAdkxAAHAAADvIAAD&bc=091&cd=%AA%6B%B5%6E%A5%4C++++++++++++++&de=000015&ef=KMD&fg=1"
"59","社團法人金門縣魏氏宗親會                                            ","http://cdcb.judicial.gov.tw/abbs/wkw/WHD6K05.jsp?ab=AAAdkxAAHAAADuXAAC&bc=090&cd=%AA%6B%B5%6E%AA%C0++++++++++++++&de=000007&ef=KMD&fg=1"
"61","社團法人金門縣金城鎮和平新村社區發展協會                            ","http://cdcb.judicial.gov.tw/abbs/wkw/WHD6K05.jsp?ab=AAAdkxAAHAAADvkAAA&bc=090&cd=%AA%6B%B5%6E%AA%C0++++++++++++++&de=000011&ef=KMD&fg=1"
"63","社團法人金門縣周氏宗親會                                            ","http://cdcb.judicial.gov.tw/abbs/wkw/WHD6K05.jsp?ab=AAAdkxAAHAAADvkAAC&bc=090&cd=%AA%6B%B5%6E%AA%C0++++++++++++++&de=000013&ef=KMD&fg=1"
"65","社團法人金門縣汶水黃氏宗親會                                        ","http://cdcb.judicial.gov.tw/abbs/wkw/WHD6K05.jsp?ab=AAAdkxAAHAAADu%2FAAD&bc=090&cd=%AA%6B%B5%6E%AA%C0++++++++++++++&de=000018&ef=KMD&fg=1"
"66","社團法人金門縣金沙鎮青嶼前甲張氏宗親會                              ","http://cdcb.judicial.gov.tw/abbs/wkw/WHD6K05.jsp?ab=AAAdkxAAHAAADvDAAA&bc=090&cd=%AA%6B%B5%6E%AA%C0++++++++++++++&de=000021&ef=KMD&fg=1"
"67","社團法人金門縣田墩鄉親會                                            ","http://cdcb.judicial.gov.tw/abbs/wkw/WHD6K05.jsp?ab=AAAdkxAAHAAADvDAAB&bc=090&cd=%AA%6B%B5%6E%AA%C0++++++++++++++&de=000026&ef=KMD&fg=1"
"56","社團法人金門縣珩山派王氏宗親會                                      ","http://cdcb.judicial.gov.tw/abbs/wkw/WHD6K05.jsp?ab=AAAdkxAAHAAADuhAAD&bc=089&cd=%AA%6B%B5%6E%AA%C0++++++++++++++&de=000029&ef=KMD&fg=1"
"44","社團法人金門縣夏興六郎公派下陳氏宗親會                              ","http://cdcb.judicial.gov.tw/abbs/wkw/WHD6K05.jsp?ab=AAAdkxAAHAAADuhAAB&bc=089&cd=%AA%6B%B5%6E%AA%C0++++++++++++++&de=000009&ef=KMD&fg=1"
"46","社團法人金門縣烈嶼鄉上林李府將軍廟慈善會                            ","http://cdcb.judicial.gov.tw/abbs/wkw/WHD6K05.jsp?ab=AAAdkxAAHAAADurAAA&bc=089&cd=%AA%6B%B5%6E%AA%C0++++++++++++++&de=000013&ef=KMD&fg=1"
"11","財團法人中華民國福建省金門縣愛心慈善事業基金會                      ","http://cdcb.judicial.gov.tw/abbs/wkw/WHD6K05.jsp?ab=AAAdkxAAHAAADvAAAA&bc=089&cd=%AA%6B%B5%6E%A5%4C++++++++++++++&de=000010&ef=KMD&fg=1"
"41","社團法人金門縣梁氏宗親會                                            ","http://cdcb.judicial.gov.tw/abbs/wkw/WHD6K05.jsp?ab=AAAdkxAAHAAADudAAC&bc=089&cd=%AA%6B%B5%6E%AA%C0++++++++++++++&de=000004&ef=KMD&fg=1"
"38","社團法人金門縣戴氏宗親會                                            ","http://cdcb.judicial.gov.tw/abbs/wkw/WHD6K05.jsp?ab=AAAdkxAAHAAADu%2FAAA&bc=088&cd=%AA%6B%B5%6E%AA%C0++++++++++++++&de=000011&ef=KMD&fg=1"
"","社團法人金門縣山外村陳氏宗親會                                      ","http://cdcb.judicial.gov.tw/abbs/wkw/WHD6K05.jsp?ab=AAAdkxAAHAAADu3AAJ&bc=081&cd=%AA%6B%B5%6E++++++++++++++++&de=000002&ef=KMD&fg=1"
