"98","財團法人謝京賢公育英財團","http://cdcb.judicial.gov.tw/abbs/wkw/WHD6K05.jsp?ab=AAAdkxAAHAAAGtHAAA&bc=103&cd=%AA%6B%B5%6E%A5%4C++++++++++++++&de=000027&ef=MLD&fg=1"
"64","社團法人苗栗縣天德教教會","http://cdcb.judicial.gov.tw/abbs/wkw/WHD6K05.jsp?ab=AAAdkxAAHAAAGtdAAH&bc=103&cd=%AA%6B%B5%6E%A5%4C++++++++++++++&de=000029&ef=MLD&fg=2"
"122","社團法人中華全球身心靈整體保養協會","http://cdcb.judicial.gov.tw/abbs/wkw/WHD6K05.jsp?ab=AAAdkxAAHAAAGtCAAJ&bc=103&cd=%AA%6B%B5%6E%AA%C0++++++++++++++&de=000001&ef=MLD&fg=2"
"123","社團法人苗栗縣竹南鎮水流潭財神福德協會","http://cdcb.judicial.gov.tw/abbs/wkw/WHD6K05.jsp?ab=AAAdkxAAHAAAGtOAAC&bc=103&cd=%AA%6B%B5%6E%AA%C0++++++++++++++&de=000002&ef=MLD&fg=2"
"22","財團法人台灣省苗栗縣私立蘭平幼兒園","http://cdcb.judicial.gov.tw/abbs/wkw/WHD6K05.jsp?ab=AAAdkxAAHAAAGr2AAI&bc=103&cd=%AA%6B%B5%6E%A5%4C++++++++++++++&de=000007&ef=MLD&fg=1"
"103","財團法人苗栗縣私立明德教養院","http://cdcb.judicial.gov.tw/abbs/wkw/WHD6K05.jsp?ab=AAAdkxAAHAAAGrEAAE&bc=103&cd=%AA%6B%B5%6E%A5%4C++++++++++++++&de=000008&ef=MLD&fg=1"
"16","財團法人臺灣省苗栗縣私立育民高級工業家事職業學校","http://cdcb.judicial.gov.tw/abbs/wkw/WHD6K05.jsp?ab=AAAdkxAAHAAAGqDAAE&bc=103&cd=%AA%6B%B5%6E%A5%4C++++++++++++++&de=000009&ef=MLD&fg=1"
"87","財團法人天主教耶穌瑪利亞聖心修女會","http://cdcb.judicial.gov.tw/abbs/wkw/WHD6K05.jsp?ab=AAAdkxAAHAAAGqhAAI&bc=103&cd=%AA%6B%B5%6E%A5%4C++++++++++++++&de=000010&ef=MLD&fg=1"
"36","財團法人陳清波文教基金會","http://cdcb.judicial.gov.tw/abbs/wkw/WHD6K05.jsp?ab=AAAdkxAAHAAAGrXAAC&bc=103&cd=%AA%6B%B5%6E%A5%4C++++++++++++++&de=000013&ef=MLD&fg=1"
"81","財團法人祭祀公業黎占寶","http://cdcb.judicial.gov.tw/abbs/wkw/WHD6K05.jsp?ab=AAAdkxAAHAAAGs4AAA&bc=103&cd=%AA%6B%B5%6E%A5%4C++++++++++++++&de=000015&ef=MLD&fg=1"
"8","社團法人苗栗縣脊髓損傷者協會","http://cdcb.judicial.gov.tw/abbs/wkw/WHD6K05.jsp?ab=AAAdkxAAHAAAGoVAAB&bc=103&cd=%AA%6B%B5%6E%A5%4C++++++++++++++&de=000016&ef=MLD&fg=2"
"74","社團法人苗栗縣多元創業就業開發協會","http://cdcb.judicial.gov.tw/abbs/wkw/WHD6K05.jsp?ab=AAAdkxAAHAAAGsvAAC&bc=103&cd=%AA%6B%B5%6E%A5%4C++++++++++++++&de=000020&ef=MLD&fg=2"
"47","財團法人臺灣省苗栗縣頭份石油化學工業區聯合消防隊","http://cdcb.judicial.gov.tw/abbs/wkw/WHD6K05.jsp?ab=AAAdkxAAHAAAGs4AAB&bc=103&cd=%AA%6B%B5%6E%A5%4C++++++++++++++&de=000021&ef=MLD&fg=1"
"117","社團法人台灣葡萄協會","http://cdcb.judicial.gov.tw/abbs/wkw/WHD6K05.jsp?ab=AAAdkxAAHAAAGm1AAD&bc=102&cd=%AA%6B%B5%6E%AA%C0++++++++++++++&de=000005&ef=MLD&fg=2"
"118","社團法人苗栗縣勞工服務協會","http://cdcb.judicial.gov.tw/abbs/wkw/WHD6K05.jsp?ab=AAAdkxAAHAAAGmVAAB&bc=102&cd=%AA%6B%B5%6E%AA%C0++++++++++++++&de=000006&ef=MLD&fg=2"
"119","社團法人苗栗縣大同淨宗學會","http://cdcb.judicial.gov.tw/abbs/wkw/WHD6K05.jsp?ab=AAAdkxAAHAAAGqLAAF&bc=102&cd=%AA%6B%B5%6E%AA%C0++++++++++++++&de=000007&ef=MLD&fg=2"
"120","社團法人苗栗縣大慈山佛學會","http://cdcb.judicial.gov.tw/abbs/wkw/WHD6K05.jsp?ab=AAAdkxAAHAAAGpeAAA&bc=102&cd=%AA%6B%B5%6E%AA%C0++++++++++++++&de=000008&ef=MLD&fg=2"
"126","財團法人金達摩文化藝術基金會","http://cdcb.judicial.gov.tw/abbs/wkw/WHD6K05.jsp?ab=AAAdkxAAHAAAGqOAAA&bc=102&cd=%AA%6B%B5%6E%B0%5D++++++++++++++&de=000001&ef=MLD&fg=1"
"35","廣亞學校財團法人","http://cdcb.judicial.gov.tw/abbs/wkw/WHD6K05.jsp?ab=AAAdkxAAHAAAGreAAJ&bc=103&cd=%AA%6B%B5%6E%A5%4C++++++++++++++&de=000001&ef=MLD&fg=1"
"29","財團法人苗栗縣私立海青老人養護中心","http://cdcb.judicial.gov.tw/abbs/wkw/WHD6K05.jsp?ab=AAAdkxAAHAAAGqwAAF&bc=103&cd=%AA%6B%B5%6E%A5%4C++++++++++++++&de=000002&ef=MLD&fg=1"
"51","社團法人苗栗縣自閉症協進會","http://cdcb.judicial.gov.tw/abbs/wkw/WHD6K05.jsp?ab=AAAdkxAAHAAAGrEAAF&bc=103&cd=%AA%6B%B5%6E%A5%4C++++++++++++++&de=000003&ef=MLD&fg=2"
"77","財團法人苗栗縣私立協和社會福利慈善事業基金會","http://cdcb.judicial.gov.tw/abbs/wkw/WHD6K05.jsp?ab=AAAdkxAAHAAAGrEAAG&bc=103&cd=%AA%6B%B5%6E%A5%4C++++++++++++++&de=000005&ef=MLD&fg=1"
"23","社團法人苗栗縣佛教會","http://cdcb.judicial.gov.tw/abbs/wkw/WHD6K05.jsp?ab=AAAdkxAAHAAAGrfAAE&bc=103&cd=%AA%6B%B5%6E%A5%4C++++++++++++++&de=000006&ef=MLD&fg=2"
"70","財團法人為恭紀念醫院","http://cdcb.judicial.gov.tw/abbs/wkw/WHD6K05.jsp?ab=AAAdkxAAHAAAGp7AAE&bc=102&cd=%AA%6B%B5%6E%A5%4C++++++++++++++&de=000058&ef=MLD&fg=1"
"30","財團法人慶美園文教基金會","http://cdcb.judicial.gov.tw/abbs/wkw/WHD6K05.jsp?ab=AAAdkxAAHAAAGpsAAD&bc=102&cd=%AA%6B%B5%6E%A5%4C++++++++++++++&de=000060&ef=MLD&fg=1"
"21","財團法人臺灣省苗栗縣私立君毅高級中學","http://cdcb.judicial.gov.tw/abbs/wkw/WHD6K05.jsp?ab=AAAdkxAAHAAAGp%2BAAA&bc=102&cd=%AA%6B%B5%6E%A5%4C++++++++++++++&de=000061&ef=MLD&fg=1"
"2","財團法人苗栗縣私立新苗發展中心","http://cdcb.judicial.gov.tw/abbs/wkw/WHD6K05.jsp?ab=AAAdkxAAHAAAGpZAAJ&bc=102&cd=%AA%6B%B5%6E%A5%4C++++++++++++++&de=000062&ef=MLD&fg=1"
"34","亞太學校財團法人","http://cdcb.judicial.gov.tw/abbs/wkw/WHD6K05.jsp?ab=AAAdkxAAHAAAGpnAAD&bc=102&cd=%AA%6B%B5%6E%A5%4C++++++++++++++&de=000064&ef=MLD&fg=1"
"112","社團法人苗栗縣硬頸攝影協會","http://cdcb.judicial.gov.tw/abbs/wkw/WHD6K05.jsp?ab=AAAdkxAAHAAAGhhAAA&bc=102&cd=%AA%6B%B5%6E%AA%C0++++++++++++++&de=000001&ef=MLD&fg=2"
"114","社團法人中華大願菩提金剛正法會","http://cdcb.judicial.gov.tw/abbs/wkw/WHD6K05.jsp?ab=AAAdkxAAHAAAGl%2FAAD&bc=102&cd=%AA%6B%B5%6E%AA%C0++++++++++++++&de=000002&ef=MLD&fg=2"
"115","社團法人苗栗縣玉旨武聖宮協會","http://cdcb.judicial.gov.tw/abbs/wkw/WHD6K05.jsp?ab=AAAdkxAAHAAAGn8AAD&bc=102&cd=%AA%6B%B5%6E%AA%C0++++++++++++++&de=000003&ef=MLD&fg=2"
"116","社團法人苗栗縣視障技能關懷協會","http://cdcb.judicial.gov.tw/abbs/wkw/WHD6K05.jsp?ab=AAAdkxAAHAAAGnKAAH&bc=102&cd=%AA%6B%B5%6E%AA%C0++++++++++++++&de=000004&ef=MLD&fg=2"
"106","社團法人苗栗縣彩繪藝術協會","http://cdcb.judicial.gov.tw/abbs/wkw/WHD6K05.jsp?ab=AAAdkxAAHAAAGnKAAG&bc=102&cd=%AA%6B%B5%6E%A5%4C++++++++++++++&de=000044&ef=MLD&fg=2"
"15","財團法人苗栗縣私立龍德家事商業職業學校","http://cdcb.judicial.gov.tw/abbs/wkw/WHD6K05.jsp?ab=AAAdkxAAHAAAGkLAAA&bc=102&cd=%AA%6B%B5%6E%A5%4C++++++++++++++&de=000045&ef=MLD&fg=1"
"13","財團法人台灣省苗栗縣私立中興高級商工職業學校","http://cdcb.judicial.gov.tw/abbs/wkw/WHD6K05.jsp?ab=AAAdkxAAHAAAGnKAAI&bc=102&cd=%AA%6B%B5%6E%A5%4C++++++++++++++&de=000046&ef=MLD&fg=1"
"26","財團法人臺灣省苗栗縣私立賢德高級工商職業學校","http://cdcb.judicial.gov.tw/abbs/wkw/WHD6K05.jsp?ab=AAAdkxAAHAAAGouAAG&bc=102&cd=%AA%6B%B5%6E%A5%4C++++++++++++++&de=000047&ef=MLD&fg=1"
"68","財團法人台灣動物科技研究所","http://cdcb.judicial.gov.tw/abbs/wkw/WHD6K05.jsp?ab=AAAdkxAAHAAAGn6AAK&bc=102&cd=%AA%6B%B5%6E%A5%4C++++++++++++++&de=000049&ef=MLD&fg=1"
"17","財團法人臺灣省苗栗縣私立大成高級中學","http://cdcb.judicial.gov.tw/abbs/wkw/WHD6K05.jsp?ab=AAAdkxAAHAAAGoxAAA&bc=102&cd=%AA%6B%B5%6E%A5%4C++++++++++++++&de=000051&ef=MLD&fg=1"
"88","財團法人國家衛生研究院","http://cdcb.judicial.gov.tw/abbs/wkw/WHD6K05.jsp?ab=AAAdkxAAHAAAGqLAAB&bc=102&cd=%AA%6B%B5%6E%A5%4C++++++++++++++&de=000055&ef=MLD&fg=1"
"62","社團法人苗栗縣社區大學協進會","http://cdcb.judicial.gov.tw/abbs/wkw/WHD6K05.jsp?ab=AAAdkxAAHAAAGp7AAD&bc=102&cd=%AA%6B%B5%6E%A5%4C++++++++++++++&de=000056&ef=MLD&fg=2"
"25","財團法人生命之愛文教基金會","http://cdcb.judicial.gov.tw/abbs/wkw/WHD6K05.jsp?ab=AAAdkxAAHAAAGovAAF&bc=102&cd=%AA%6B%B5%6E%A5%4C++++++++++++++&de=000057&ef=MLD&fg=1"
"43","社團法人苗栗縣視覺障礙者福利協進會","http://cdcb.judicial.gov.tw/abbs/wkw/WHD6K05.jsp?ab=AAAdkxAAHAAAGmQAAA&bc=102&cd=%AA%6B%B5%6E%A5%4C++++++++++++++&de=000034&ef=MLD&fg=2"
"85","財團法人基督教家庭教會","http://cdcb.judicial.gov.tw/abbs/wkw/WHD6K05.jsp?ab=AAAdkxAAHAAAGmgAAJ&bc=102&cd=%AA%6B%B5%6E%A5%4C++++++++++++++&de=000036&ef=MLD&fg=1"
"63","財團法人苗栗縣私立親民啟能教養院","http://cdcb.judicial.gov.tw/abbs/wkw/WHD6K05.jsp?ab=AAAdkxAAHAAAGkMAAH&bc=102&cd=%AA%6B%B5%6E%A5%4C++++++++++++++&de=000038&ef=MLD&fg=1"
"56","財團法人苗栗縣私立廣愛教養院","http://cdcb.judicial.gov.tw/abbs/wkw/WHD6K05.jsp?ab=AAAdkxAAHAAAGmvAAJ&bc=102&cd=%AA%6B%B5%6E%A5%4C++++++++++++++&de=000040&ef=MLD&fg=1"
"54","財團法人苗栗縣文化基金會","http://cdcb.judicial.gov.tw/abbs/wkw/WHD6K05.jsp?ab=AAAdkxAAHAAAGkMAAI&bc=102&cd=%AA%6B%B5%6E%A5%4C++++++++++++++&de=000041&ef=MLD&fg=1"
"42","財團法人香光尼僧團伽耶山文教基金會","http://cdcb.judicial.gov.tw/abbs/wkw/WHD6K05.jsp?ab=AAAdkxAAHAAAGnQAAA&bc=102&cd=%AA%6B%B5%6E%A5%4C++++++++++++++&de=000042&ef=MLD&fg=1"
"104","社團法人苗栗縣聯大土木與防災工程研究學會","http://cdcb.judicial.gov.tw/abbs/wkw/WHD6K05.jsp?ab=AAAdkxAAHAAAGnQAAB&bc=102&cd=%AA%6B%B5%6E%A5%4C++++++++++++++&de=000043&ef=MLD&fg=2"
"38","財團法人基督教頭份全福教會","http://cdcb.judicial.gov.tw/abbs/wkw/WHD6K05.jsp?ab=AAAdkxAAHAAAGmAAAK&bc=102&cd=%AA%6B%B5%6E%A5%4C++++++++++++++&de=000024&ef=MLD&fg=1"
"11","社團法人苗栗縣生命線協會","http://cdcb.judicial.gov.tw/abbs/wkw/WHD6K05.jsp?ab=AAAdkxAAHAAAGkmAAC&bc=102&cd=%AA%6B%B5%6E%A5%4C++++++++++++++&de=000025&ef=MLD&fg=2"
"12","社團法人苗栗中興工業區南區管理會","http://cdcb.judicial.gov.tw/abbs/wkw/WHD6K05.jsp?ab=AAAdkxAAHAAAGkmAAA&bc=102&cd=%AA%6B%B5%6E%A5%4C++++++++++++++&de=000026&ef=MLD&fg=2"
"45","財團法人苗栗縣私立華嚴啟能中心","http://cdcb.judicial.gov.tw/abbs/wkw/WHD6K05.jsp?ab=AAAdkxAAHAAAGlIAAB&bc=102&cd=%AA%6B%B5%6E%A5%4C++++++++++++++&de=000027&ef=MLD&fg=1"
"6","社團法人苗栗縣肢體傷殘自強協會","http://cdcb.judicial.gov.tw/abbs/wkw/WHD6K05.jsp?ab=AAAdkxAAHAAAGmYAAF&bc=102&cd=%AA%6B%B5%6E%A5%4C++++++++++++++&de=000028&ef=MLD&fg=2"
"5","財團法人台灣省苗栗縣中華基督徒祈禱院","http://cdcb.judicial.gov.tw/abbs/wkw/WHD6K05.jsp?ab=AAAdkxAAHAAAGmOAAG&bc=102&cd=%AA%6B%B5%6E%A5%4C++++++++++++++&de=000031&ef=MLD&fg=1"
"107","財團法人苗栗縣全人實驗高級中學","http://cdcb.judicial.gov.tw/abbs/wkw/WHD6K05.jsp?ab=AAAdkxAAHAAAGmbAAG&bc=102&cd=%AA%6B%B5%6E%A5%4C++++++++++++++&de=000032&ef=MLD&fg=1"
"84","財團法人國立苑裡高級中學教育基金會","http://cdcb.judicial.gov.tw/abbs/wkw/WHD6K05.jsp?ab=AAAdkxAAHAAAGn%2FAAG&bc=102&cd=%AA%6B%B5%6E%A5%4C++++++++++++++&de=000033&ef=MLD&fg=1"
"83","財團法人苗栗縣私立文鳥幼兒園","http://cdcb.judicial.gov.tw/abbs/wkw/WHD6K05.jsp?ab=AAAdkxAAHAAAGjhAAD&bc=102&cd=%AA%6B%B5%6E%A5%4C++++++++++++++&de=000013&ef=MLD&fg=1"
"19","財團法人臺灣省苗栗縣私立建臺高級中學","http://cdcb.judicial.gov.tw/abbs/wkw/WHD6K05.jsp?ab=AAAdkxAAHAAAGjeAAD&bc=102&cd=%AA%6B%B5%6E%A5%4C++++++++++++++&de=000014&ef=MLD&fg=1"
"53","財團法人苗栗客家文化廣播電台","http://cdcb.judicial.gov.tw/abbs/wkw/WHD6K05.jsp?ab=AAAdkxAAHAAAGjUAAG&bc=102&cd=%AA%6B%B5%6E%A5%4C++++++++++++++&de=000019&ef=MLD&fg=1"
"124","財團法人文賢世界發展基金會","http://cdcb.judicial.gov.tw/abbs/wkw/WHD6K05.jsp?ab=AAAdkxAAHAAAGEXAAI&bc=101&cd=%AA%6B%B5%6E%B0%5D++++++++++++++&de=000003&ef=MLD&fg=1"
"125","財團法人苗栗縣邱秋梧社會福利慈善事業基金會","http://cdcb.judicial.gov.tw/abbs/wkw/WHD6K05.jsp?ab=AAAdkxAAHAAAGjMAAC&bc=101&cd=%AA%6B%B5%6E%B0%5D++++++++++++++&de=000004&ef=MLD&fg=1"
"28","社團法人苗栗縣康復之友協會","http://cdcb.judicial.gov.tw/abbs/wkw/WHD6K05.jsp?ab=AAAdkxAAHAAAGhfAAE&bc=102&cd=%AA%6B%B5%6E%A5%4C++++++++++++++&de=000001&ef=MLD&fg=2"
"71","社團法人苗栗縣聽障協會","http://cdcb.judicial.gov.tw/abbs/wkw/WHD6K05.jsp?ab=AAAdkxAAHAAAGghAAD&bc=102&cd=%AA%6B%B5%6E%A5%4C++++++++++++++&de=000002&ef=MLD&fg=2"
"72","財團法人林木林田村文教基金會","http://cdcb.judicial.gov.tw/abbs/wkw/WHD6K05.jsp?ab=AAAdkxAAHAAAGghAAE&bc=102&cd=%AA%6B%B5%6E%A5%4C++++++++++++++&de=000003&ef=MLD&fg=1"
"4","社團法人苗栗縣救難協會","http://cdcb.judicial.gov.tw/abbs/wkw/WHD6K05.jsp?ab=AAAdkxAAHAAAGgZAAA&bc=102&cd=%AA%6B%B5%6E%A5%4C++++++++++++++&de=000008&ef=MLD&fg=2"
"102","社團法人中華餐飲事業職能發展協會","http://cdcb.judicial.gov.tw/abbs/wkw/WHD6K05.jsp?ab=AAAdkxAAHAAAF6mAAK&bc=101&cd=%AA%6B%B5%6E%AA%C0++++++++++++++&de=000001&ef=MLD&fg=2"
"105","社團法人台灣社區培力學會","http://cdcb.judicial.gov.tw/abbs/wkw/WHD6K05.jsp?ab=AAAdkxAAHAAAGBQAAD&bc=101&cd=%AA%6B%B5%6E%AA%C0++++++++++++++&de=000004&ef=MLD&fg=2"
"108","社團法人苗栗縣歡喜助學社會關懷協會","http://cdcb.judicial.gov.tw/abbs/wkw/WHD6K05.jsp?ab=AAAdkxAAHAAAGMnAAA&bc=101&cd=%AA%6B%B5%6E%AA%C0++++++++++++++&de=000007&ef=MLD&fg=2"
"109","社團法人中華孔孟原儒法源文化交流協會","http://cdcb.judicial.gov.tw/abbs/wkw/WHD6K05.jsp?ab=AAAdkxAAHAAAGNjAAE&bc=101&cd=%AA%6B%B5%6E%AA%C0++++++++++++++&de=000008&ef=MLD&fg=2"
"113","社團法人苗栗縣美食廚藝協會","http://cdcb.judicial.gov.tw/abbs/wkw/WHD6K05.jsp?ab=AAAdkxAAHAAAGidAAD&bc=101&cd=%AA%6B%B5%6E%AA%C0++++++++++++++&de=000009&ef=MLD&fg=2"
"111","社團法人臺灣劉姓宗親會總會","http://cdcb.judicial.gov.tw/abbs/wkw/WHD6K05.jsp?ab=AAAdkxAAHAAAGNPAAJ&bc=101&cd=%AA%6B%B5%6E%AA%C0++++++++++++++&de=000010&ef=MLD&fg=2"
"31","財團法人苗栗縣私立大千社會福利慈善事業基金會","http://cdcb.judicial.gov.tw/abbs/wkw/WHD6K05.jsp?ab=AAAdkxAAHAAAGNjAAD&bc=101&cd=%AA%6B%B5%6E%A5%4C++++++++++++++&de=000054&ef=MLD&fg=1"
"110","社團法人中華牧羊人青少年關懷協會","http://cdcb.judicial.gov.tw/abbs/wkw/WHD6K05.jsp?ab=AAAdkxAAHAAAGMiAAH&bc=101&cd=%AA%6B%B5%6E%A5%4C++++++++++++++&de=000056&ef=MLD&fg=2"
"86","財團法人伊甸社會福利基金會苗栗分事務所","http://cdcb.judicial.gov.tw/abbs/wkw/WHD6K05.jsp?ab=AAAdkxAAHAAAGKcAAD&bc=101&cd=%AA%6B%B5%6E%A5%4C++++++++++++++&de=000044&ef=MLD&fg=1"
"78","財團法人台灣兒童暨家庭扶助基金會","http://cdcb.judicial.gov.tw/abbs/wkw/WHD6K05.jsp?ab=AAAdkxAAHAAAGLMAAB&bc=101&cd=%AA%6B%B5%6E%A5%4C++++++++++++++&de=000049&ef=MLD&fg=1"
"24","財團法人竹信社會福利基金會","http://cdcb.judicial.gov.tw/abbs/wkw/WHD6K05.jsp?ab=AAAdkxAAHAAAGLMAAC&bc=101&cd=%AA%6B%B5%6E%A5%4C++++++++++++++&de=000050&ef=MLD&fg=1"
"37","社團法人中華靈學研究協會","http://cdcb.judicial.gov.tw/abbs/wkw/WHD6K05.jsp?ab=AAAdkxAAHAAAGEMAAF&bc=101&cd=%AA%6B%B5%6E%A5%4C++++++++++++++&de=000033&ef=MLD&fg=2"
"90","財團法人安國慈善事業基金會","http://cdcb.judicial.gov.tw/abbs/wkw/WHD6K05.jsp?ab=AAAdkxAAHAAAGKmAAK&bc=101&cd=%AA%6B%B5%6E%A5%4C++++++++++++++&de=000042&ef=MLD&fg=1"
"7","社團法人苗栗縣智障福利協進會","http://cdcb.judicial.gov.tw/abbs/wkw/WHD6K05.jsp?ab=AAAdkxAAHAAAGAWAAE&bc=101&cd=%AA%6B%B5%6E%A5%4C++++++++++++++&de=000025&ef=MLD&fg=2"
"3","社團法人苗栗縣聲暉協進會","http://cdcb.judicial.gov.tw/abbs/wkw/WHD6K05.jsp?ab=AAAdkxAAHAAAGBrAAC&bc=101&cd=%AA%6B%B5%6E%A5%4C++++++++++++++&de=000028&ef=MLD&fg=2"
"89","財團法人苗栗縣立興華高級中學學校教育發展基金會","http://cdcb.judicial.gov.tw/abbs/wkw/WHD6K05.jsp?ab=AAAdkxAAHAAAGCBAAI&bc=101&cd=%AA%6B%B5%6E%A5%4C++++++++++++++&de=000029&ef=MLD&fg=1"
"1","社團法人苗栗縣身心障礙福利協進會","http://cdcb.judicial.gov.tw/abbs/wkw/WHD6K05.jsp?ab=AAAdkxAAHAAAF7jAAD&bc=101&cd=%AA%6B%B5%6E%A5%4C++++++++++++++&de=000012&ef=MLD&fg=2"
"91","社團法人苗栗縣牙醫師公會","http://cdcb.judicial.gov.tw/abbs/wkw/WHD6K05.jsp?ab=AAAdkxAAHAAAF8EAAF&bc=101&cd=%AA%6B%B5%6E%A5%4C++++++++++++++&de=000015&ef=MLD&fg=2"
"44","財團法人石圍墻文教基金會","http://cdcb.judicial.gov.tw/abbs/wkw/WHD6K05.jsp?ab=AAAdkxAAHAAAF6pAAJ&bc=101&cd=%AA%6B%B5%6E%A5%4C++++++++++++++&de=000006&ef=MLD&fg=1"
"69","財團法人台灣省苗栗縣石觀音寺財團","http://cdcb.judicial.gov.tw/abbs/wkw/WHD6K05.jsp?ab=AAAdkxAAHAAAF7tAAC&bc=101&cd=%AA%6B%B5%6E%A5%4C++++++++++++++&de=000009&ef=MLD&fg=1"
"58","財團法人台灣省苗栗縣一貫道天泉宮","http://cdcb.judicial.gov.tw/abbs/wkw/WHD6K05.jsp?ab=AAAdkxAAHAAAF7yAAI&bc=101&cd=%AA%6B%B5%6E%A5%4C++++++++++++++&de=000011&ef=MLD&fg=1"
"95","社團法人苗栗縣通霄公寓社區聯誼關懷協會","http://cdcb.judicial.gov.tw/abbs/wkw/WHD6K05.jsp?ab=AAAdkxAAHAAABeBAAD&bc=100&cd=%AA%6B%B5%6E%AA%C0++++++++++++++&de=000011&ef=MLD&fg=2"
"96","社團法人苗栗縣廣澤文化慈善推展協會","http://cdcb.judicial.gov.tw/abbs/wkw/WHD6K05.jsp?ab=AAAdkxAAHAAAPmGAAH&bc=100&cd=%AA%6B%B5%6E%AA%C0++++++++++++++&de=000012&ef=MLD&fg=2"
"97","社團法人中華民國玄天聖門靈修會","http://cdcb.judicial.gov.tw/abbs/wkw/WHD6K05.jsp?ab=AAAdkxAAHAAAPmGAAI&bc=100&cd=%AA%6B%B5%6E%AA%C0++++++++++++++&de=000013&ef=MLD&fg=2"
"99","社團法人中華民國全國特殊教育學校家長協會","http://cdcb.judicial.gov.tw/abbs/wkw/WHD6K05.jsp?ab=AAAdkxAAHAAABeCAAH&bc=100&cd=%AA%6B%B5%6E%AA%C0++++++++++++++&de=000015&ef=MLD&fg=2"
"100","社團法人苗栗縣中央獅子會","http://cdcb.judicial.gov.tw/abbs/wkw/WHD6K05.jsp?ab=AAAdkxAAHAAABeCAAJ&bc=100&cd=%AA%6B%B5%6E%AA%C0++++++++++++++&de=000016&ef=MLD&fg=2"
"101","社團法人苗栗縣國立特殊教育學校校友會","http://cdcb.judicial.gov.tw/abbs/wkw/WHD6K05.jsp?ab=AAAdkxAAHAAAF58AAG&bc=100&cd=%AA%6B%B5%6E%AA%C0++++++++++++++&de=000017&ef=MLD&fg=2"
"121","財團法人臺灣省苗栗縣保民宮","http://cdcb.judicial.gov.tw/abbs/wkw/WHD6K05.jsp?ab=AAAdkxAAHAAAF47AAC&bc=100&cd=%AA%6B%B5%6E%B0%5D++++++++++++++&de=000003&ef=MLD&fg=1"
"92","社團法人苗栗縣三義鄉雙潭社區發展協會","http://cdcb.judicial.gov.tw/abbs/wkw/WHD6K05.jsp?ab=AAAdkxAAHAAANrwAAE&bc=100&cd=%AA%6B%B5%6E%AA%C0++++++++++++++&de=000008&ef=MLD&fg=2"
"93","社團法人苗栗縣銀髮族照顧協會","http://cdcb.judicial.gov.tw/abbs/wkw/WHD6K05.jsp?ab=AAAdkxAAHAAAJ%2BaAAF&bc=100&cd=%AA%6B%B5%6E%AA%C0++++++++++++++&de=000009&ef=MLD&fg=2"
"94","社團法人苗栗縣阿瑪聖元殿關懷協會","http://cdcb.judicial.gov.tw/abbs/wkw/WHD6K05.jsp?ab=AAAdkxAAHAAADvBAAF&bc=100&cd=%AA%6B%B5%6E%AA%C0++++++++++++++&de=000010&ef=MLD&fg=2"
"73","財團法人謝申伯公育英財團","http://cdcb.judicial.gov.tw/abbs/wkw/WHD6K05.jsp?ab=AAAdkxAAHAAAORtAAB&bc=100&cd=%AA%6B%B5%6E%A5%4C++++++++++++++&de=000057&ef=MLD&fg=1"
"18","財團法人王利夫文教基金會","http://cdcb.judicial.gov.tw/abbs/wkw/WHD6K05.jsp?ab=AAAdkxAAHAAAF4uAAE&bc=100&cd=%AA%6B%B5%6E%A5%4C++++++++++++++&de=000062&ef=MLD&fg=1"
"52","財團法人苗栗縣私立幼安教養院","http://cdcb.judicial.gov.tw/abbs/wkw/WHD6K05.jsp?ab=AAAdkxAAHAAAOR4AAH&bc=100&cd=%AA%6B%B5%6E%A5%4C++++++++++++++&de=000049&ef=MLD&fg=1"
"46","財團法人三義工業區管理中心","http://cdcb.judicial.gov.tw/abbs/wkw/WHD6K05.jsp?ab=AAAdkxAAHAAAORXAAA&bc=100&cd=%AA%6B%B5%6E%A5%4C++++++++++++++&de=000050&ef=MLD&fg=1"
"49","財團法人苗栗縣南庄鄉獅山勸化堂","http://cdcb.judicial.gov.tw/abbs/wkw/WHD6K05.jsp?ab=AAAdkxAAHAAAOyiAAG&bc=100&cd=%AA%6B%B5%6E%A5%4C++++++++++++++&de=000053&ef=MLD&fg=1"
"33","社團法人苗栗縣坡塘下李氏宗親會","http://cdcb.judicial.gov.tw/abbs/wkw/WHD6K05.jsp?ab=AAAdkxAAHAAAPldAAF&bc=100&cd=%AA%6B%B5%6E%A5%4C++++++++++++++&de=000044&ef=MLD&fg=2"
"79","財團法人台灣省苗栗縣日蓮正宗寶林山妙德寺","http://cdcb.judicial.gov.tw/abbs/wkw/WHD6K05.jsp?ab=AAAdkxAAHAAAIkSAAD&bc=100&cd=%AA%6B%B5%6E%A5%4C++++++++++++++&de=000031&ef=MLD&fg=1"
"65","社團法人苗栗縣承龍婚友協會","http://cdcb.judicial.gov.tw/abbs/wkw/WHD6K05.jsp?ab=AAAdkxAAHAAAGwQAAF&bc=100&cd=%AA%6B%B5%6E%A5%4C++++++++++++++&de=000007&ef=MLD&fg=2"
"39","社團法人苗栗縣身心障礙燭光技能發展協會","http://cdcb.judicial.gov.tw/abbs/wkw/WHD6K05.jsp?ab=AAAdkxAAHAAAClGAAK&bc=100&cd=%AA%6B%B5%6E%A5%4C++++++++++++++&de=000010&ef=MLD&fg=2"
"67","財團法人雪心文教基金會","http://cdcb.judicial.gov.tw/abbs/wkw/WHD6K05.jsp?ab=AAAdkxAAHAAAGy0AAF&bc=100&cd=%AA%6B%B5%6E%A5%4C++++++++++++++&de=000014&ef=MLD&fg=1"
"76","社團法人苗栗縣土牛溝客家文化教育協會","http://cdcb.judicial.gov.tw/abbs/wkw/WHD6K05.jsp?ab=AAAdkxAAHAAAJ%2FNAAF&bc=099&cd=%AA%6B%B5%6E%AA%C0++++++++++++++&de=000006&ef=MLD&fg=2"
"82","社團法人中華民國創意時尚美容協會","http://cdcb.judicial.gov.tw/abbs/wkw/WHD6K05.jsp?ab=AAAdkxAAHAAAE%2FxAAF&bc=099&cd=%AA%6B%B5%6E%AA%C0++++++++++++++&de=000012&ef=MLD&fg=2"
"75","社團法人苗栗縣文化觀光休閒產業經營發展協會","http://cdcb.judicial.gov.tw/abbs/wkw/WHD6K05.jsp?ab=AAAdkxAAHAAAJ%2FNAAI&bc=099&cd=%AA%6B%B5%6E%AA%C0++++++++++++++&de=000005&ef=MLD&fg=2"
"48","財團法人臺灣省苗栗縣頭份教會聚會所","http://cdcb.judicial.gov.tw/abbs/wkw/WHD6K05.jsp?ab=AAAdkxAAHAAAE1tAAJ&bc=099&cd=%AA%6B%B5%6E%A5%4C++++++++++++++&de=000052&ef=MLD&fg=1"
"66","財團法人台灣省苗栗縣三灣鄉五榖廟","http://cdcb.judicial.gov.tw/abbs/wkw/WHD6K05.jsp?ab=AAAdkxAAHAAAJ%2FoAAD&bc=099&cd=%AA%6B%B5%6E%A5%4C++++++++++++++&de=000043&ef=MLD&fg=1"
"41","財團法人聖心明愛文化基金會","http://cdcb.judicial.gov.tw/abbs/wkw/WHD6K05.jsp?ab=AAAdkxAAHAAAJ%2FxAAF&bc=099&cd=%AA%6B%B5%6E%A5%4C++++++++++++++&de=000026&ef=MLD&fg=1"
"40","社團法人中華民國傳統客家表演藝術協會","http://cdcb.judicial.gov.tw/abbs/wkw/WHD6K05.jsp?ab=AAAdkxAAHAAAJ%2FWAAI&bc=099&cd=%AA%6B%B5%6E%A5%4C++++++++++++++&de=000018&ef=MLD&fg=2"
"60","社團法人苗栗縣玉虛玄天上帝宏道會","http://cdcb.judicial.gov.tw/abbs/wkw/WHD6K05.jsp?ab=AAAdkxAAHAAAJ%2FlAAF&bc=098&cd=%AA%6B%B5%6E%AA%C0++++++++++++++&de=000003&ef=MLD&fg=2"
"59","社團法人台灣客家語文學會","http://cdcb.judicial.gov.tw/abbs/wkw/WHD6K05.jsp?ab=AAAdkxAAHAAAJ%2F9AAJ&bc=098&cd=%AA%6B%B5%6E%AA%C0++++++++++++++&de=000004&ef=MLD&fg=2"
"61","社團法人苗栗縣身心障礙者促進技能發展協會","http://cdcb.judicial.gov.tw/abbs/wkw/WHD6K05.jsp?ab=AAAdkxAAHAAAJ%2FWAAC&bc=098&cd=%AA%6B%B5%6E%AA%C0++++++++++++++&de=000005&ef=MLD&fg=2"
"57","社團法人苗栗縣殯葬教育學會","http://cdcb.judicial.gov.tw/abbs/wkw/WHD6K05.jsp?ab=AAAdkxAAHAAAJ%2FUAAD&bc=098&cd=%AA%6B%B5%6E%AA%C0++++++++++++++&de=000001&ef=MLD&fg=2"
"14","財團法人苗栗縣惠勝王萬生紀念公益基金會","http://cdcb.judicial.gov.tw/abbs/wkw/WHD6K05.jsp?ab=AAAdkxAAHAAAJ%2FOAAJ&bc=098&cd=%AA%6B%B5%6E%A5%4C++++++++++++++&de=000037&ef=MLD&fg=1"
"55","財團法人蘧廬文教基金會","http://cdcb.judicial.gov.tw/abbs/wkw/WHD6K05.jsp?ab=AAAdkxAAHAAAJ%2F9AAI&bc=098&cd=%AA%6B%B5%6E%A5%4C++++++++++++++&de=000031&ef=MLD&fg=1"
"50","財團法人大苗栗發展基金會","http://cdcb.judicial.gov.tw/abbs/wkw/WHD6K05.jsp?ab=AAAdkxAAHAAAJ%2FUAAB&bc=097&cd=%AA%6B%B5%6E%A5%4C++++++++++++++&de=000039&ef=MLD&fg=1"
"32","財團法人苗栗縣教育會文教基金會","http://cdcb.judicial.gov.tw/abbs/wkw/WHD6K05.jsp?ab=AAAdkxAAHAAAKAEAAL&bc=097&cd=%AA%6B%B5%6E%A5%4C++++++++++++++&de=000028&ef=MLD&fg=1"
"27","財團法人苗栗縣郭振秋公財團董事會","http://cdcb.judicial.gov.tw/abbs/wkw/WHD6K05.jsp?ab=AAAdkxAAHAAAJ%2F1AAK&bc=096&cd=%AA%6B%B5%6E%A5%4C++++++++++++++&de=000009&ef=MLD&fg=1"
"80","財團法人苗栗縣私立潘昌米潘黃日由紀念社會福利慈善事業基金會","http://cdcb.judicial.gov.tw/abbs/wkw/WHD6K05.jsp?ab=AAAdkxAAHAAAJ%2FhAAK&bc=095&cd=%AA%6B%B5%6E%A5%4C++++++++++++++&de=000043&ef=MLD&fg=1"
"9","財團法人國立竹南高級中學文教基金會                                  ","http://cdcb.judicial.gov.tw/abbs/wkw/WHD6K05.jsp?ab=AAAdkxAAHAAAJ%2BTAAB&bc=092&cd=%AA%6B%B5%6E%A5%4C++++++++++++++&de=000004&ef=MLD&fg=1"
"20","財團法人玉清教育基金會                                              ","http://cdcb.judicial.gov.tw/abbs/wkw/WHD6K05.jsp?ab=AAAdkxAAHAAAJ%2B7AAB&bc=091&cd=%AA%6B%B5%6E%B0%5D++++++++++++++&de=000006&ef=MLD&fg=1"
"10","社團法人苗栗縣居家老人福利協會                                      ","http://cdcb.judicial.gov.tw/abbs/wkw/WHD6K05.jsp?ab=AAAdkxAAHAAAJ%2BhAAB&bc=087&cd=%AA%6B%B5%6E%AA%C0++++++++++++++&de=000004&ef=MLD&fg=2"
