"142","財團法人基督徒魚池禮拜堂","http://cdcb.judicial.gov.tw/abbs/wkw/WHD6K05.jsp?ab=AAAdkxAAHAAAGteAAC&bc=103&cd=%AA%6B%B5%6E%A5%4C++++++++++++++&de=000045&ef=NTD&fg=1"
"172","社團法人南投縣家庭照顧者關懷協會","http://cdcb.judicial.gov.tw/abbs/wkw/WHD6K05.jsp?ab=AAAdkxAAHAAAGtyAAI&bc=103&cd=%AA%6B%B5%6E%A5%4C++++++++++++++&de=000046&ef=NTD&fg=1"
"28","財團法人台灣省私立光明仁愛之家","http://cdcb.judicial.gov.tw/abbs/wkw/WHD6K05.jsp?ab=AAAdkxAAHAAAGtSAAI&bc=103&cd=%AA%6B%B5%6E%A5%4C++++++++++++++&de=000047&ef=NTD&fg=1"
"270","社團法人中華民國公教人員高爾夫研習會","http://cdcb.judicial.gov.tw/abbs/wkw/WHD6K05.jsp?ab=AAAdkxAAHAAAGuLAAF&bc=103&cd=%AA%6B%B5%6E%A5%4C++++++++++++++&de=000049&ef=NTD&fg=1"
"223","社團法人南投縣愛鄉文教協會","http://cdcb.judicial.gov.tw/abbs/wkw/WHD6K05.jsp?ab=AAAdkxAAHAAAGttAAB&bc=103&cd=%AA%6B%B5%6E%A5%4C++++++++++++++&de=000050&ef=NTD&fg=1"
"338","社團法人台灣人文教育職能關懷發展協會","http://cdcb.judicial.gov.tw/abbs/wkw/WHD6K05.jsp?ab=AAAdkxAAHAAAGqBAAA&bc=103&cd=%AA%6B%B5%6E%AA%C0++++++++++++++&de=000001&ef=NTD&fg=1"
"340","社團法人南投縣木屐寮生態文化協會","http://cdcb.judicial.gov.tw/abbs/wkw/WHD6K05.jsp?ab=AAAdkxAAHAAAGsiAAB&bc=103&cd=%AA%6B%B5%6E%AA%C0++++++++++++++&de=000003&ef=NTD&fg=1"
"339","財團法人一貫道發一宗教發展基金會","http://cdcb.judicial.gov.tw/abbs/wkw/WHD6K05.jsp?ab=AAAdkxAAHAAAGqiAAG&bc=103&cd=%AA%6B%B5%6E%B0%5D++++++++++++++&de=000001&ef=NTD&fg=1"
"341","財團法人水里蛇窯文化基金會","http://cdcb.judicial.gov.tw/abbs/wkw/WHD6K05.jsp?ab=AAAdkxAAHAAAGtSAAH&bc=103&cd=%AA%6B%B5%6E%B0%5D++++++++++++++&de=000002&ef=NTD&fg=1"
"126","社團法人南投縣智障者家長協會","http://cdcb.judicial.gov.tw/abbs/wkw/WHD6K05.jsp?ab=AAAdkxAAHAAAGtIAAH&bc=103&cd=%AA%6B%B5%6E%A5%4C++++++++++++++&de=000034&ef=NTD&fg=1"
"297","社團法人南投縣自閉症關懷協會","http://cdcb.judicial.gov.tw/abbs/wkw/WHD6K05.jsp?ab=AAAdkxAAHAAAGsxAAA&bc=103&cd=%AA%6B%B5%6E%A5%4C++++++++++++++&de=000035&ef=NTD&fg=1"
"134","財團法人南投縣私立德安啟智教養院","http://cdcb.judicial.gov.tw/abbs/wkw/WHD6K05.jsp?ab=AAAdkxAAHAAAGsiAAD&bc=103&cd=%AA%6B%B5%6E%A5%4C++++++++++++++&de=000036&ef=NTD&fg=1"
"114","財團法人南投縣私立五育高級中學","http://cdcb.judicial.gov.tw/abbs/wkw/WHD6K05.jsp?ab=AAAdkxAAHAAAGtHAAI&bc=103&cd=%AA%6B%B5%6E%A5%4C++++++++++++++&de=000037&ef=NTD&fg=1"
"286","社團法人南投縣蒙愛家庭關懷協會","http://cdcb.judicial.gov.tw/abbs/wkw/WHD6K05.jsp?ab=AAAdkxAAHAAAGtHAAJ&bc=103&cd=%AA%6B%B5%6E%A5%4C++++++++++++++&de=000038&ef=NTD&fg=1"
"277","社團法人南投縣以琳社會福利關懷協會","http://cdcb.judicial.gov.tw/abbs/wkw/WHD6K05.jsp?ab=AAAdkxAAHAAAGtJAAD&bc=103&cd=%AA%6B%B5%6E%A5%4C++++++++++++++&de=000039&ef=NTD&fg=1"
"227","社團法人南投縣協力關懷福利協會","http://cdcb.judicial.gov.tw/abbs/wkw/WHD6K05.jsp?ab=AAAdkxAAHAAAGsjAAA&bc=103&cd=%AA%6B%B5%6E%A5%4C++++++++++++++&de=000040&ef=NTD&fg=1"
"57","財團法人臺灣省南投縣埔里天旨宮","http://cdcb.judicial.gov.tw/abbs/wkw/WHD6K05.jsp?ab=AAAdkxAAHAAAGsjAAB&bc=103&cd=%AA%6B%B5%6E%A5%4C++++++++++++++&de=000041&ef=NTD&fg=1"
"183","社團法人南投縣草屯鎮老人會","http://cdcb.judicial.gov.tw/abbs/wkw/WHD6K05.jsp?ab=AAAdkxAAHAAAGuLAAE&bc=103&cd=%AA%6B%B5%6E%A5%4C++++++++++++++&de=000043&ef=NTD&fg=1"
"24","財團法人光慧文教基金會","http://cdcb.judicial.gov.tw/abbs/wkw/WHD6K05.jsp?ab=AAAdkxAAHAAAGteAAB&bc=103&cd=%AA%6B%B5%6E%A5%4C++++++++++++++&de=000044&ef=NTD&fg=1"
"3","財團法人草屯惠德宮","http://cdcb.judicial.gov.tw/abbs/wkw/WHD6K05.jsp?ab=AAAdkxAAHAAAGsiAAA&bc=103&cd=%AA%6B%B5%6E%A5%4C++++++++++++++&de=000024&ef=NTD&fg=1"
"217","財團法人孫海文化基金會","http://cdcb.judicial.gov.tw/abbs/wkw/WHD6K05.jsp?ab=AAAdkxAAHAAAGrSAAC&bc=103&cd=%AA%6B%B5%6E%A5%4C++++++++++++++&de=000025&ef=NTD&fg=1"
"45","社團法人南投縣脊髓損傷者協會","http://cdcb.judicial.gov.tw/abbs/wkw/WHD6K05.jsp?ab=AAAdkxAAHAAAGriAAG&bc=103&cd=%AA%6B%B5%6E%A5%4C++++++++++++++&de=000026&ef=NTD&fg=1"
"255","財團法人陳惠姿教育基金會","http://cdcb.judicial.gov.tw/abbs/wkw/WHD6K05.jsp?ab=AAAdkxAAHAAAGskAAD&bc=103&cd=%AA%6B%B5%6E%A5%4C++++++++++++++&de=000027&ef=NTD&fg=1"
"302","社團法人南投縣南投市老人會","http://cdcb.judicial.gov.tw/abbs/wkw/WHD6K05.jsp?ab=AAAdkxAAHAAAGq1AAC&bc=103&cd=%AA%6B%B5%6E%A5%4C++++++++++++++&de=000028&ef=NTD&fg=1"
"247","財團法人乾福文化藝術基金會","http://cdcb.judicial.gov.tw/abbs/wkw/WHD6K05.jsp?ab=AAAdkxAAHAAAGszAAA&bc=103&cd=%AA%6B%B5%6E%A5%4C++++++++++++++&de=000029&ef=NTD&fg=1"
"31","財團法人南投縣私立傑瑞社會福利基金會","http://cdcb.judicial.gov.tw/abbs/wkw/WHD6K05.jsp?ab=AAAdkxAAHAAAGsiAAC&bc=103&cd=%AA%6B%B5%6E%A5%4C++++++++++++++&de=000030&ef=NTD&fg=1"
"333","財團法人好很好非常好文化基金會","http://cdcb.judicial.gov.tw/abbs/wkw/WHD6K05.jsp?ab=AAAdkxAAHAAAGoaAAI&bc=103&cd=%AA%6B%B5%6E%A5%4C++++++++++++++&de=000031&ef=NTD&fg=1"
"53","社團法人南投縣護理師護士公會","http://cdcb.judicial.gov.tw/abbs/wkw/WHD6K05.jsp?ab=AAAdkxAAHAAAGtkAAD&bc=103&cd=%AA%6B%B5%6E%A5%4C++++++++++++++&de=000032&ef=NTD&fg=1"
"6","財團法人南投天德文教基金會","http://cdcb.judicial.gov.tw/abbs/wkw/WHD6K05.jsp?ab=AAAdkxAAHAAAGtJAAC&bc=103&cd=%AA%6B%B5%6E%A5%4C++++++++++++++&de=000033&ef=NTD&fg=1"
"197","社團法人台灣社會工作管理學會","http://cdcb.judicial.gov.tw/abbs/wkw/WHD6K05.jsp?ab=AAAdkxAAHAAAGsFAAH&bc=103&cd=%AA%6B%B5%6E%A5%4C++++++++++++++&de=000013&ef=NTD&fg=1"
"115","社團法人南投縣竹山國際青年商會","http://cdcb.judicial.gov.tw/abbs/wkw/WHD6K05.jsp?ab=AAAdkxAAHAAAGs3AAJ&bc=103&cd=%AA%6B%B5%6E%A5%4C++++++++++++++&de=000014&ef=NTD&fg=1"
"44","社團法人南投縣濟陽柯蔡宗親會","http://cdcb.judicial.gov.tw/abbs/wkw/WHD6K05.jsp?ab=AAAdkxAAHAAAGrAAAC&bc=103&cd=%AA%6B%B5%6E%A5%4C++++++++++++++&de=000015&ef=NTD&fg=1"
"222","社團法人臺灣省法華慈善會","http://cdcb.judicial.gov.tw/abbs/wkw/WHD6K05.jsp?ab=AAAdkxAAHAAAGq1AAD&bc=103&cd=%AA%6B%B5%6E%A5%4C++++++++++++++&de=000016&ef=NTD&fg=1"
"207","社團法人南投縣竹山鎮清水溪生態保育協會","http://cdcb.judicial.gov.tw/abbs/wkw/WHD6K05.jsp?ab=AAAdkxAAHAAAGrQAAC&bc=103&cd=%AA%6B%B5%6E%A5%4C++++++++++++++&de=000017&ef=NTD&fg=1"
"79","財團法人台灣省南投縣竹山鎮天心寶宮","http://cdcb.judicial.gov.tw/abbs/wkw/WHD6K05.jsp?ab=AAAdkxAAHAAAGrwAAH&bc=103&cd=%AA%6B%B5%6E%A5%4C++++++++++++++&de=000018&ef=NTD&fg=1"
"30","財團法人白毫文教基金會","http://cdcb.judicial.gov.tw/abbs/wkw/WHD6K05.jsp?ab=AAAdkxAAHAAAGrJAAG&bc=103&cd=%AA%6B%B5%6E%A5%4C++++++++++++++&de=000020&ef=NTD&fg=1"
"96","財團法人南投縣私立炫寬愛心教養家園","http://cdcb.judicial.gov.tw/abbs/wkw/WHD6K05.jsp?ab=AAAdkxAAHAAAGrlAAI&bc=103&cd=%AA%6B%B5%6E%A5%4C++++++++++++++&de=000021&ef=NTD&fg=1"
"195","財團法人伊甸社會福利基金會","http://cdcb.judicial.gov.tw/abbs/wkw/WHD6K05.jsp?ab=AAAdkxAAHAAAGrTAAC&bc=103&cd=%AA%6B%B5%6E%A5%4C++++++++++++++&de=000022&ef=NTD&fg=1"
"20","財團法人草屯商工文教基金會","http://cdcb.judicial.gov.tw/abbs/wkw/WHD6K05.jsp?ab=AAAdkxAAHAAAGqCAAF&bc=103&cd=%AA%6B%B5%6E%A5%4C++++++++++++++&de=000023&ef=NTD&fg=1"
"163","社團法人南投縣南崗國際青年商會","http://cdcb.judicial.gov.tw/abbs/wkw/WHD6K05.jsp?ab=AAAdkxAAHAAAGpvAAF&bc=103&cd=%AA%6B%B5%6E%A5%4C++++++++++++++&de=000003&ef=NTD&fg=1"
"169","財團法人南投縣私立普台國民小學","http://cdcb.judicial.gov.tw/abbs/wkw/WHD6K05.jsp?ab=AAAdkxAAHAAAGrsAAB&bc=103&cd=%AA%6B%B5%6E%A5%4C++++++++++++++&de=000004&ef=NTD&fg=1"
"137","社團法人南投縣褓姆學會","http://cdcb.judicial.gov.tw/abbs/wkw/WHD6K05.jsp?ab=AAAdkxAAHAAAGpjAAF&bc=103&cd=%AA%6B%B5%6E%A5%4C++++++++++++++&de=000006&ef=NTD&fg=1"
"7","財團法人臺灣省南投縣中興佛社","http://cdcb.judicial.gov.tw/abbs/wkw/WHD6K05.jsp?ab=AAAdkxAAHAAAGrcAAK&bc=103&cd=%AA%6B%B5%6E%A5%4C++++++++++++++&de=000007&ef=NTD&fg=1"
"133","財團法人南投縣私立均頭國民中學","http://cdcb.judicial.gov.tw/abbs/wkw/WHD6K05.jsp?ab=AAAdkxAAHAAAGrwAAG&bc=103&cd=%AA%6B%B5%6E%A5%4C++++++++++++++&de=000008&ef=NTD&fg=1"
"230","社團法人南投縣故鄉關懷發展協會","http://cdcb.judicial.gov.tw/abbs/wkw/WHD6K05.jsp?ab=AAAdkxAAHAAAGrsAAA&bc=103&cd=%AA%6B%B5%6E%A5%4C++++++++++++++&de=000009&ef=NTD&fg=1"
"89","社團法人南投縣聾啞福利協進會","http://cdcb.judicial.gov.tw/abbs/wkw/WHD6K05.jsp?ab=AAAdkxAAHAAAGrQAAD&bc=103&cd=%AA%6B%B5%6E%A5%4C++++++++++++++&de=000010&ef=NTD&fg=1"
"18","財團法人白陽大道教育基金會","http://cdcb.judicial.gov.tw/abbs/wkw/WHD6K05.jsp?ab=AAAdkxAAHAAAGpzAAA&bc=103&cd=%AA%6B%B5%6E%A5%4C++++++++++++++&de=000011&ef=NTD&fg=1"
"25","財團法人臺灣省南投縣私立同德家事商業職業學校","http://cdcb.judicial.gov.tw/abbs/wkw/WHD6K05.jsp?ab=AAAdkxAAHAAAGrPAAK&bc=103&cd=%AA%6B%B5%6E%A5%4C++++++++++++++&de=000012&ef=NTD&fg=1"
"336","社團法人南投縣竹山鎮老人會","http://cdcb.judicial.gov.tw/abbs/wkw/WHD6K05.jsp?ab=AAAdkxAAHAAAGofAAL&bc=102&cd=%AA%6B%B5%6E%AA%C0++++++++++++++&de=000014&ef=NTD&fg=1"
"316","財團法人毓繡文化基金會","http://cdcb.judicial.gov.tw/abbs/wkw/WHD6K05.jsp?ab=AAAdkxAAHAAAGgvAAD&bc=102&cd=%AA%6B%B5%6E%B0%5D++++++++++++++&de=000001&ef=NTD&fg=1"
"325","財團法人台灣基督長老教會中布中會","http://cdcb.judicial.gov.tw/abbs/wkw/WHD6K05.jsp?ab=AAAdkxAAHAAAGm3AAE&bc=102&cd=%AA%6B%B5%6E%B0%5D++++++++++++++&de=000002&ef=NTD&fg=1"
"326","財團法人張連桂傳藝文化基金會","http://cdcb.judicial.gov.tw/abbs/wkw/WHD6K05.jsp?ab=AAAdkxAAHAAAGoEAAK&bc=102&cd=%AA%6B%B5%6E%B0%5D++++++++++++++&de=000003&ef=NTD&fg=1"
"328","財團法人廣隆文化基金會","http://cdcb.judicial.gov.tw/abbs/wkw/WHD6K05.jsp?ab=AAAdkxAAHAAAGomAAC&bc=102&cd=%AA%6B%B5%6E%B0%5D++++++++++++++&de=000004&ef=NTD&fg=1"
"329","財團法人錦春堂文化基金會","http://cdcb.judicial.gov.tw/abbs/wkw/WHD6K05.jsp?ab=AAAdkxAAHAAAGomAAB&bc=102&cd=%AA%6B%B5%6E%B0%5D++++++++++++++&de=000005&ef=NTD&fg=1"
"334","財團法人諒茶文化基金會","http://cdcb.judicial.gov.tw/abbs/wkw/WHD6K05.jsp?ab=AAAdkxAAHAAAGrLAAJ&bc=102&cd=%AA%6B%B5%6E%B0%5D++++++++++++++&de=000007&ef=NTD&fg=1"
"15","財團法人天中天佛教基金會","http://cdcb.judicial.gov.tw/abbs/wkw/WHD6K05.jsp?ab=AAAdkxAAHAAAGo1AAB&bc=103&cd=%AA%6B%B5%6E%A5%4C++++++++++++++&de=000001&ef=NTD&fg=1"
"10","財團法人南開科技大學","http://cdcb.judicial.gov.tw/abbs/wkw/WHD6K05.jsp?ab=AAAdkxAAHAAAGrJAAF&bc=103&cd=%AA%6B%B5%6E%A5%4C++++++++++++++&de=000002&ef=NTD&fg=1"
"321","社團法人南投縣原住民文創協會","http://cdcb.judicial.gov.tw/abbs/wkw/WHD6K05.jsp?ab=AAAdkxAAHAAAGjQAAI&bc=102&cd=%AA%6B%B5%6E%AA%C0++++++++++++++&de=000004&ef=NTD&fg=1"
"322","社團法人南投縣臻晴社會福祉關懷協會","http://cdcb.judicial.gov.tw/abbs/wkw/WHD6K05.jsp?ab=AAAdkxAAHAAAGg0AAG&bc=102&cd=%AA%6B%B5%6E%AA%C0++++++++++++++&de=000005&ef=NTD&fg=1"
"324","社團法人南投縣新移民文化經濟交流協會","http://cdcb.judicial.gov.tw/abbs/wkw/WHD6K05.jsp?ab=AAAdkxAAHAAAGlbAAL&bc=102&cd=%AA%6B%B5%6E%AA%C0++++++++++++++&de=000006&ef=NTD&fg=1"
"323","社團法人南投縣托育協會","http://cdcb.judicial.gov.tw/abbs/wkw/WHD6K05.jsp?ab=AAAdkxAAHAAAGlGAAH&bc=102&cd=%AA%6B%B5%6E%AA%C0++++++++++++++&de=000007&ef=NTD&fg=1"
"335","社團法人南投縣草屯鎮僑光老人會","http://cdcb.judicial.gov.tw/abbs/wkw/WHD6K05.jsp?ab=AAAdkxAAHAAAGocAAK&bc=102&cd=%AA%6B%B5%6E%AA%C0++++++++++++++&de=000008&ef=NTD&fg=1"
"327","社團法人南投縣草屯白厝角關懷協會","http://cdcb.judicial.gov.tw/abbs/wkw/WHD6K05.jsp?ab=AAAdkxAAHAAAGmlAAB&bc=102&cd=%AA%6B%B5%6E%AA%C0++++++++++++++&de=000009&ef=NTD&fg=1"
"331","社團法人南投縣國姓鄉老人會","http://cdcb.judicial.gov.tw/abbs/wkw/WHD6K05.jsp?ab=AAAdkxAAHAAAGpNAAB&bc=102&cd=%AA%6B%B5%6E%AA%C0++++++++++++++&de=000010&ef=NTD&fg=1"
"337","社團法人中華大正慈善功德會","http://cdcb.judicial.gov.tw/abbs/wkw/WHD6K05.jsp?ab=AAAdkxAAHAAAGpjAAE&bc=102&cd=%AA%6B%B5%6E%AA%C0++++++++++++++&de=000011&ef=NTD&fg=1"
"330","社團法人南投縣推展人才資源教育學會","http://cdcb.judicial.gov.tw/abbs/wkw/WHD6K05.jsp?ab=AAAdkxAAHAAAGpWAAE&bc=102&cd=%AA%6B%B5%6E%AA%C0++++++++++++++&de=000012&ef=NTD&fg=1"
"332","社團法人南投縣埔里鎮籃城社區發展協會","http://cdcb.judicial.gov.tw/abbs/wkw/WHD6K05.jsp?ab=AAAdkxAAHAAAGpcAAC&bc=102&cd=%AA%6B%B5%6E%AA%C0++++++++++++++&de=000013&ef=NTD&fg=1"
"257","財團法人正法教育基金會","http://cdcb.judicial.gov.tw/abbs/wkw/WHD6K05.jsp?ab=AAAdkxAAHAAAGr7AAJ&bc=102&cd=%AA%6B%B5%6E%A5%4C++++++++++++++&de=000076&ef=NTD&fg=1"
"27","財團法人南投縣中興新村教會聚會所","http://cdcb.judicial.gov.tw/abbs/wkw/WHD6K05.jsp?ab=AAAdkxAAHAAAGrYAAG&bc=102&cd=%AA%6B%B5%6E%A5%4C++++++++++++++&de=000077&ef=NTD&fg=1"
"128","財團法人良顯堂社會福利基金會","http://cdcb.judicial.gov.tw/abbs/wkw/WHD6K05.jsp?ab=AAAdkxAAHAAAGojAAE&bc=102&cd=%AA%6B%B5%6E%A5%4C++++++++++++++&de=000079&ef=NTD&fg=1"
"97","財團法人黃帝文教基金會","http://cdcb.judicial.gov.tw/abbs/wkw/WHD6K05.jsp?ab=AAAdkxAAHAAAGojAAA&bc=102&cd=%AA%6B%B5%6E%A5%4C++++++++++++++&de=000080&ef=NTD&fg=1"
"43","財團法人臺灣省草屯太清宮","http://cdcb.judicial.gov.tw/abbs/wkw/WHD6K05.jsp?ab=AAAdkxAAHAAAGrcAAJ&bc=102&cd=%AA%6B%B5%6E%A5%4C++++++++++++++&de=000083&ef=NTD&fg=1"
"317","社團法人南投縣城鄉關懷福利協會","http://cdcb.judicial.gov.tw/abbs/wkw/WHD6K05.jsp?ab=AAAdkxAAHAAAGguAAC&bc=102&cd=%AA%6B%B5%6E%AA%C0++++++++++++++&de=000001&ef=NTD&fg=1"
"319","社團法人南投縣職訓教育發展協會","http://cdcb.judicial.gov.tw/abbs/wkw/WHD6K05.jsp?ab=AAAdkxAAHAAAGjtAAI&bc=102&cd=%AA%6B%B5%6E%AA%C0++++++++++++++&de=000002&ef=NTD&fg=1"
"320","社團法人南投縣導遊領隊發展協會","http://cdcb.judicial.gov.tw/abbs/wkw/WHD6K05.jsp?ab=AAAdkxAAHAAAGjQAAJ&bc=102&cd=%AA%6B%B5%6E%AA%C0++++++++++++++&de=000003&ef=NTD&fg=1"
"23","財團法人天喜文教公益基金會","http://cdcb.judicial.gov.tw/abbs/wkw/WHD6K05.jsp?ab=AAAdkxAAHAAAGn0AAL&bc=102&cd=%AA%6B%B5%6E%A5%4C++++++++++++++&de=000066&ef=NTD&fg=1"
"77","財團法人台灣省南投縣埔里鎮寶湖宮天地堂","http://cdcb.judicial.gov.tw/abbs/wkw/WHD6K05.jsp?ab=AAAdkxAAHAAAGnlAAE&bc=102&cd=%AA%6B%B5%6E%A5%4C++++++++++++++&de=000067&ef=NTD&fg=1"
"218","社團法人中華民國臆勝協會","http://cdcb.judicial.gov.tw/abbs/wkw/WHD6K05.jsp?ab=AAAdkxAAHAAAGkVAAJ&bc=102&cd=%AA%6B%B5%6E%A5%4C++++++++++++++&de=000068&ef=NTD&fg=1"
"234","財團法人南投縣私立弘明實驗高級中學","http://cdcb.judicial.gov.tw/abbs/wkw/WHD6K05.jsp?ab=AAAdkxAAHAAAGomAAA&bc=102&cd=%AA%6B%B5%6E%A5%4C++++++++++++++&de=000069&ef=NTD&fg=1"
"219","社團法人中華寰宇超心靈學會","http://cdcb.judicial.gov.tw/abbs/wkw/WHD6K05.jsp?ab=AAAdkxAAHAAAGpGAAA&bc=102&cd=%AA%6B%B5%6E%A5%4C++++++++++++++&de=000071&ef=NTD&fg=1"
"240","財團法人南投縣私立郭全源社會福利基金會","http://cdcb.judicial.gov.tw/abbs/wkw/WHD6K05.jsp?ab=AAAdkxAAHAAAGpNAAC&bc=102&cd=%AA%6B%B5%6E%A5%4C++++++++++++++&de=000072&ef=NTD&fg=1"
"145","社團法人南投縣生活重建協會","http://cdcb.judicial.gov.tw/abbs/wkw/WHD6K05.jsp?ab=AAAdkxAAHAAAGpIAAD&bc=102&cd=%AA%6B%B5%6E%A5%4C++++++++++++++&de=000073&ef=NTD&fg=1"
"139","財團法人埔里鎮恒吉宮","http://cdcb.judicial.gov.tw/abbs/wkw/WHD6K05.jsp?ab=AAAdkxAAHAAAGp2AAA&bc=102&cd=%AA%6B%B5%6E%A5%4C++++++++++++++&de=000074&ef=NTD&fg=1"
"294","財團法人德慈生活教育基金會","http://cdcb.judicial.gov.tw/abbs/wkw/WHD6K05.jsp?ab=AAAdkxAAHAAAGo6AAC&bc=102&cd=%AA%6B%B5%6E%A5%4C++++++++++++++&de=000075&ef=NTD&fg=1"
"263","財團法人中台文化藝術基金會","http://cdcb.judicial.gov.tw/abbs/wkw/WHD6K05.jsp?ab=AAAdkxAAHAAAGnJAAL&bc=102&cd=%AA%6B%B5%6E%A5%4C++++++++++++++&de=000056&ef=NTD&fg=1"
"123","財團法人愚人之友社會福利慈善事業基金會","http://cdcb.judicial.gov.tw/abbs/wkw/WHD6K05.jsp?ab=AAAdkxAAHAAAGnyAAC&bc=102&cd=%AA%6B%B5%6E%A5%4C++++++++++++++&de=000058&ef=NTD&fg=1"
"309","社團法人南投縣希望天使啟蒙學會","http://cdcb.judicial.gov.tw/abbs/wkw/WHD6K05.jsp?ab=AAAdkxAAHAAAGkSAAG&bc=102&cd=%AA%6B%B5%6E%A5%4C++++++++++++++&de=000059&ef=NTD&fg=1"
"278","社團法人南投縣文化創意協會","http://cdcb.judicial.gov.tw/abbs/wkw/WHD6K05.jsp?ab=AAAdkxAAHAAAGlqAAA&bc=102&cd=%AA%6B%B5%6E%A5%4C++++++++++++++&de=000062&ef=NTD&fg=1"
"246","社團法人南投縣菸葉生產協會","http://cdcb.judicial.gov.tw/abbs/wkw/WHD6K05.jsp?ab=AAAdkxAAHAAAGnUAAE&bc=102&cd=%AA%6B%B5%6E%A5%4C++++++++++++++&de=000063&ef=NTD&fg=1"
"26","財團法人南投縣私立南投仁愛之家","http://cdcb.judicial.gov.tw/abbs/wkw/WHD6K05.jsp?ab=AAAdkxAAHAAAGnXAAA&bc=102&cd=%AA%6B%B5%6E%A5%4C++++++++++++++&de=000064&ef=NTD&fg=1"
"21","財團法人宏觀文教基金會","http://cdcb.judicial.gov.tw/abbs/wkw/WHD6K05.jsp?ab=AAAdkxAAHAAAGmEAAA&bc=102&cd=%AA%6B%B5%6E%A5%4C++++++++++++++&de=000065&ef=NTD&fg=1"
"295","社團法人南投縣建築師公會","http://cdcb.judicial.gov.tw/abbs/wkw/WHD6K05.jsp?ab=AAAdkxAAHAAAGn7AAA&bc=102&cd=%AA%6B%B5%6E%A5%4C++++++++++++++&de=000046&ef=NTD&fg=1"
"279","社團法人南投縣白姓宗親會","http://cdcb.judicial.gov.tw/abbs/wkw/WHD6K05.jsp?ab=AAAdkxAAHAAAGoAAAB&bc=102&cd=%AA%6B%B5%6E%A5%4C++++++++++++++&de=000050&ef=NTD&fg=1"
"229","社團法人中國真佛宗密教總會","http://cdcb.judicial.gov.tw/abbs/wkw/WHD6K05.jsp?ab=AAAdkxAAHAAAGmjAAI&bc=102&cd=%AA%6B%B5%6E%A5%4C++++++++++++++&de=000051&ef=NTD&fg=1"
"208","社團法人南投縣康復之友協會","http://cdcb.judicial.gov.tw/abbs/wkw/WHD6K05.jsp?ab=AAAdkxAAHAAAGnZAAA&bc=102&cd=%AA%6B%B5%6E%A5%4C++++++++++++++&de=000052&ef=NTD&fg=1"
"76","財團法人南投市教會聚會所","http://cdcb.judicial.gov.tw/abbs/wkw/WHD6K05.jsp?ab=AAAdkxAAHAAAGkkAAA&bc=102&cd=%AA%6B%B5%6E%A5%4C++++++++++++++&de=000054&ef=NTD&fg=1"
"74","社團法人南投縣心理衛生協進會","http://cdcb.judicial.gov.tw/abbs/wkw/WHD6K05.jsp?ab=AAAdkxAAHAAAGlbAAB&bc=102&cd=%AA%6B%B5%6E%A5%4C++++++++++++++&de=000035&ef=NTD&fg=1"
"98","財團法人南投天寶宮","http://cdcb.judicial.gov.tw/abbs/wkw/WHD6K05.jsp?ab=AAAdkxAAHAAAGlbAAA&bc=102&cd=%AA%6B%B5%6E%A5%4C++++++++++++++&de=000037&ef=NTD&fg=1"
"64","財團法人埔里鎮基督教德芬堂","http://cdcb.judicial.gov.tw/abbs/wkw/WHD6K05.jsp?ab=AAAdkxAAHAAAGltAAF&bc=102&cd=%AA%6B%B5%6E%A5%4C++++++++++++++&de=000039&ef=NTD&fg=1"
"198","社團法人台灣社會工作實務發展協會","http://cdcb.judicial.gov.tw/abbs/wkw/WHD6K05.jsp?ab=AAAdkxAAHAAAGkOAAE&bc=102&cd=%AA%6B%B5%6E%A5%4C++++++++++++++&de=000040&ef=NTD&fg=1"
"91","財團法人牛耳文教基金會","http://cdcb.judicial.gov.tw/abbs/wkw/WHD6K05.jsp?ab=AAAdkxAAHAAAGndAAK&bc=102&cd=%AA%6B%B5%6E%A5%4C++++++++++++++&de=000041&ef=NTD&fg=1"
"73","財團法人南屏研修院文教基金會","http://cdcb.judicial.gov.tw/abbs/wkw/WHD6K05.jsp?ab=AAAdkxAAHAAAGl2AAI&bc=102&cd=%AA%6B%B5%6E%A5%4C++++++++++++++&de=000042&ef=NTD&fg=1"
"271","社團法人南投縣民宿觀光協會","http://cdcb.judicial.gov.tw/abbs/wkw/WHD6K05.jsp?ab=AAAdkxAAHAAAGlEAAE&bc=102&cd=%AA%6B%B5%6E%A5%4C++++++++++++++&de=000043&ef=NTD&fg=1"
"92","財團法人慈照文教基金會","http://cdcb.judicial.gov.tw/abbs/wkw/WHD6K05.jsp?ab=AAAdkxAAHAAAGh0AAC&bc=102&cd=%AA%6B%B5%6E%A5%4C++++++++++++++&de=000025&ef=NTD&fg=1"
"150","社團法人南投縣中寮鄉龍眼林福利協會","http://cdcb.judicial.gov.tw/abbs/wkw/WHD6K05.jsp?ab=AAAdkxAAHAAAGg1AAB&bc=102&cd=%AA%6B%B5%6E%A5%4C++++++++++++++&de=000026&ef=NTD&fg=1"
"160","社團法人南投縣基督教青年會","http://cdcb.judicial.gov.tw/abbs/wkw/WHD6K05.jsp?ab=AAAdkxAAHAAAGiGAAG&bc=102&cd=%AA%6B%B5%6E%A5%4C++++++++++++++&de=000027&ef=NTD&fg=1"
"170","社團法人台灣原住民族學院促進會","http://cdcb.judicial.gov.tw/abbs/wkw/WHD6K05.jsp?ab=AAAdkxAAHAAAGlvAAA&bc=102&cd=%AA%6B%B5%6E%A5%4C++++++++++++++&de=000029&ef=NTD&fg=1"
"253","社團法人台灣原聲教育協會","http://cdcb.judicial.gov.tw/abbs/wkw/WHD6K05.jsp?ab=AAAdkxAAHAAAGjlAAI&bc=102&cd=%AA%6B%B5%6E%A5%4C++++++++++++++&de=000031&ef=NTD&fg=1"
"80","財團法人文化臺灣基金會","http://cdcb.judicial.gov.tw/abbs/wkw/WHD6K05.jsp?ab=AAAdkxAAHAAAGlxAAA&bc=102&cd=%AA%6B%B5%6E%A5%4C++++++++++++++&de=000032&ef=NTD&fg=1"
"275","社團法人南投縣中興生活美學協會","http://cdcb.judicial.gov.tw/abbs/wkw/WHD6K05.jsp?ab=AAAdkxAAHAAAGiAAAK&bc=102&cd=%AA%6B%B5%6E%A5%4C++++++++++++++&de=000016&ef=NTD&fg=1"
"259","財團法人南投縣私立普台高級中學","http://cdcb.judicial.gov.tw/abbs/wkw/WHD6K05.jsp?ab=AAAdkxAAHAAAGglAAH&bc=102&cd=%AA%6B%B5%6E%A5%4C++++++++++++++&de=000017&ef=NTD&fg=1"
"78","財團法人三塊厝天明宮文教基金會","http://cdcb.judicial.gov.tw/abbs/wkw/WHD6K05.jsp?ab=AAAdkxAAHAAAGjeAAB&bc=102&cd=%AA%6B%B5%6E%A5%4C++++++++++++++&de=000018&ef=NTD&fg=1"
"40","財團法人中華基督教中興新村浸信會","http://cdcb.judicial.gov.tw/abbs/wkw/WHD6K05.jsp?ab=AAAdkxAAHAAAGjQAAH&bc=102&cd=%AA%6B%B5%6E%A5%4C++++++++++++++&de=000019&ef=NTD&fg=1"
"102","財團法人明善社會福利慈善事業基金會","http://cdcb.judicial.gov.tw/abbs/wkw/WHD6K05.jsp?ab=AAAdkxAAHAAAGlhAAK&bc=102&cd=%AA%6B%B5%6E%A5%4C++++++++++++++&de=000020&ef=NTD&fg=1"
"162","財團法人博幼社會福利基金會","http://cdcb.judicial.gov.tw/abbs/wkw/WHD6K05.jsp?ab=AAAdkxAAHAAAGgaAAD&bc=102&cd=%AA%6B%B5%6E%A5%4C++++++++++++++&de=000022&ef=NTD&fg=1"
"117","社團法人南投縣麻煩小天使協會","http://cdcb.judicial.gov.tw/abbs/wkw/WHD6K05.jsp?ab=AAAdkxAAHAAAGjjAAH&bc=102&cd=%AA%6B%B5%6E%A5%4C++++++++++++++&de=000023&ef=NTD&fg=1"
"276","社團法人中華一貫天道弘法發展協會","http://cdcb.judicial.gov.tw/abbs/wkw/WHD6K05.jsp?ab=AAAdkxAAHAAAGjKAAJ&bc=102&cd=%AA%6B%B5%6E%A5%4C++++++++++++++&de=000024&ef=NTD&fg=1"
"69","財團法人老五老基金會","http://cdcb.judicial.gov.tw/abbs/wkw/WHD6K05.jsp?ab=AAAdkxAAHAAAGiKAAE&bc=102&cd=%AA%6B%B5%6E%A5%4C++++++++++++++&de=000006&ef=NTD&fg=1"
"131","財團法人千禧龍青年基金會","http://cdcb.judicial.gov.tw/abbs/wkw/WHD6K05.jsp?ab=AAAdkxAAHAAAGiKAAD&bc=102&cd=%AA%6B%B5%6E%A5%4C++++++++++++++&de=000007&ef=NTD&fg=1"
"54","財團法人南投高中教育基金會","http://cdcb.judicial.gov.tw/abbs/wkw/WHD6K05.jsp?ab=AAAdkxAAHAAAGhCAAK&bc=102&cd=%AA%6B%B5%6E%A5%4C++++++++++++++&de=000009&ef=NTD&fg=1"
"83","財團法人南投縣私立劉秀忍社會福利基金會","http://cdcb.judicial.gov.tw/abbs/wkw/WHD6K05.jsp?ab=AAAdkxAAHAAAGidAAF&bc=102&cd=%AA%6B%B5%6E%A5%4C++++++++++++++&de=000010&ef=NTD&fg=1"
"50","社團法人南投縣傷殘協進會","http://cdcb.judicial.gov.tw/abbs/wkw/WHD6K05.jsp?ab=AAAdkxAAHAAAGhSAAA&bc=102&cd=%AA%6B%B5%6E%A5%4C++++++++++++++&de=000011&ef=NTD&fg=1"
"48","社團法人南投縣救難協會","http://cdcb.judicial.gov.tw/abbs/wkw/WHD6K05.jsp?ab=AAAdkxAAHAAAGggAAL&bc=102&cd=%AA%6B%B5%6E%A5%4C++++++++++++++&de=000012&ef=NTD&fg=1"
"314","社團法人南投縣春風關懷協會","http://cdcb.judicial.gov.tw/abbs/wkw/WHD6K05.jsp?ab=AAAdkxAAHAAAGNiAAH&bc=101&cd=%AA%6B%B5%6E%AA%C0++++++++++++++&de=000007&ef=NTD&fg=1"
"318","社團法人中華地藏講堂協會","http://cdcb.judicial.gov.tw/abbs/wkw/WHD6K05.jsp?ab=AAAdkxAAHAAAGidAAE&bc=101&cd=%AA%6B%B5%6E%AA%C0++++++++++++++&de=000008&ef=NTD&fg=1"
"313","社團法人台灣就業職能發展協會","http://cdcb.judicial.gov.tw/abbs/wkw/WHD6K05.jsp?ab=AAAdkxAAHAAAGMsAAG&bc=101&cd=%AA%6B%B5%6E%AA%C0++++++++++++++&de=000009&ef=NTD&fg=1"
"315","社團法人南投縣人文傳薪推動協進會","http://cdcb.judicial.gov.tw/abbs/wkw/WHD6K05.jsp?ab=AAAdkxAAHAAAGNHAAC&bc=101&cd=%AA%6B%B5%6E%AA%C0++++++++++++++&de=000010&ef=NTD&fg=1"
"310","財團法人璞石文化藝術基金會","http://cdcb.judicial.gov.tw/abbs/wkw/WHD6K05.jsp?ab=AAAdkxAAHAAAGL%2FAAH&bc=101&cd=%AA%6B%B5%6E%B0%5D++++++++++++++&de=000001&ef=NTD&fg=1"
"311","財團法人南投縣永山宮","http://cdcb.judicial.gov.tw/abbs/wkw/WHD6K05.jsp?ab=AAAdkxAAHAAAGMsAAA&bc=101&cd=%AA%6B%B5%6E%B0%5D++++++++++++++&de=000002&ef=NTD&fg=1"
"124","財團法人中華文化藝術基金會","http://cdcb.judicial.gov.tw/abbs/wkw/WHD6K05.jsp?ab=AAAdkxAAHAAAGhHAAA&bc=102&cd=%AA%6B%B5%6E%A5%4C++++++++++++++&de=000003&ef=NTD&fg=1"
"189","財團法人埔里教會聚會所","http://cdcb.judicial.gov.tw/abbs/wkw/WHD6K05.jsp?ab=AAAdkxAAHAAAGOHAAG&bc=101&cd=%AA%6B%B5%6E%A5%4C++++++++++++++&de=000070&ef=NTD&fg=1"
"231","財團法人台灣閱讀文化基金會","http://cdcb.judicial.gov.tw/abbs/wkw/WHD6K05.jsp?ab=AAAdkxAAHAAAGN4AAB&bc=101&cd=%AA%6B%B5%6E%A5%4C++++++++++++++&de=000072&ef=NTD&fg=1"
"305","社團法人南投縣飛雁創業協會","http://cdcb.judicial.gov.tw/abbs/wkw/WHD6K05.jsp?ab=AAAdkxAAHAAAF6NAAA&bc=101&cd=%AA%6B%B5%6E%AA%C0++++++++++++++&de=000001&ef=NTD&fg=1"
"306","社團法人臺灣讀寫萌發協會","http://cdcb.judicial.gov.tw/abbs/wkw/WHD6K05.jsp?ab=AAAdkxAAHAAAGB4AAK&bc=101&cd=%AA%6B%B5%6E%AA%C0++++++++++++++&de=000002&ef=NTD&fg=1"
"307","社團法人台灣農經教育文化協會","http://cdcb.judicial.gov.tw/abbs/wkw/WHD6K05.jsp?ab=AAAdkxAAHAAAGEVAAC&bc=101&cd=%AA%6B%B5%6E%AA%C0++++++++++++++&de=000003&ef=NTD&fg=1"
"308","社團法人台灣地方文創發展協會","http://cdcb.judicial.gov.tw/abbs/wkw/WHD6K05.jsp?ab=AAAdkxAAHAAAGEVAAD&bc=101&cd=%AA%6B%B5%6E%AA%C0++++++++++++++&de=000004&ef=NTD&fg=1"
"312","社團法人南投縣手工藝發展協會","http://cdcb.judicial.gov.tw/abbs/wkw/WHD6K05.jsp?ab=AAAdkxAAHAAAGMsAAH&bc=101&cd=%AA%6B%B5%6E%AA%C0++++++++++++++&de=000006&ef=NTD&fg=1"
"256","社團法人南投縣新南投婦女之友會","http://cdcb.judicial.gov.tw/abbs/wkw/WHD6K05.jsp?ab=AAAdkxAAHAAAGLSAAC&bc=101&cd=%AA%6B%B5%6E%A5%4C++++++++++++++&de=000060&ef=NTD&fg=1"
"13","財團法人台灣省南投縣埔里鎮醒靈寺","http://cdcb.judicial.gov.tw/abbs/wkw/WHD6K05.jsp?ab=AAAdkxAAHAAAGN7AAA&bc=101&cd=%AA%6B%B5%6E%A5%4C++++++++++++++&de=000061&ef=NTD&fg=1"
"153","財團法人台灣兒童暨家庭扶助基金會","http://cdcb.judicial.gov.tw/abbs/wkw/WHD6K05.jsp?ab=AAAdkxAAHAAAGMHAAH&bc=101&cd=%AA%6B%B5%6E%A5%4C++++++++++++++&de=000062&ef=NTD&fg=1"
"65","財團法人臺灣省南投縣埔里鎮昭平宮育化堂","http://cdcb.judicial.gov.tw/abbs/wkw/WHD6K05.jsp?ab=AAAdkxAAHAAAGkAAAB&bc=101&cd=%AA%6B%B5%6E%A5%4C++++++++++++++&de=000066&ef=NTD&fg=1"
"188","財團法人美麗台灣永續發展基金會","http://cdcb.judicial.gov.tw/abbs/wkw/WHD6K05.jsp?ab=AAAdkxAAHAAAGNiAAG&bc=101&cd=%AA%6B%B5%6E%A5%4C++++++++++++++&de=000067&ef=NTD&fg=1"
"111","財團法人台灣原住民部落振興文教基金會","http://cdcb.judicial.gov.tw/abbs/wkw/WHD6K05.jsp?ab=AAAdkxAAHAAAGjUAAJ&bc=101&cd=%AA%6B%B5%6E%A5%4C++++++++++++++&de=000068&ef=NTD&fg=1"
"283","社團法人南投縣天慈普濟會","http://cdcb.judicial.gov.tw/abbs/wkw/WHD6K05.jsp?ab=AAAdkxAAHAAAGMLAAH&bc=101&cd=%AA%6B%B5%6E%A5%4C++++++++++++++&de=000069&ef=NTD&fg=1"
"147","財團法人南投縣後備軍人子女獎學基金會","http://cdcb.judicial.gov.tw/abbs/wkw/WHD6K05.jsp?ab=AAAdkxAAHAAAGKRAAD&bc=101&cd=%AA%6B%B5%6E%A5%4C++++++++++++++&de=000050&ef=NTD&fg=1"
"70","財團法人南投縣廖連應宗祠基金會","http://cdcb.judicial.gov.tw/abbs/wkw/WHD6K05.jsp?ab=AAAdkxAAHAAAGFXAAC&bc=101&cd=%AA%6B%B5%6E%A5%4C++++++++++++++&de=000052&ef=NTD&fg=1"
"167","社團法人台灣生態教育農園協會","http://cdcb.judicial.gov.tw/abbs/wkw/WHD6K05.jsp?ab=AAAdkxAAHAAAGKbAAF&bc=101&cd=%AA%6B%B5%6E%A5%4C++++++++++++++&de=000054&ef=NTD&fg=1"
"14","埔基醫療財團法人","http://cdcb.judicial.gov.tw/abbs/wkw/WHD6K05.jsp?ab=AAAdkxAAHAAAGKWAAH&bc=101&cd=%AA%6B%B5%6E%A5%4C++++++++++++++&de=000055&ef=NTD&fg=1"
"237","社團法人南投縣少年觀護協會","http://cdcb.judicial.gov.tw/abbs/wkw/WHD6K05.jsp?ab=AAAdkxAAHAAAGKTAAD&bc=101&cd=%AA%6B%B5%6E%A5%4C++++++++++++++&de=000057&ef=NTD&fg=1"
"149","財團法人靈巖山佛教基金會","http://cdcb.judicial.gov.tw/abbs/wkw/WHD6K05.jsp?ab=AAAdkxAAHAAAGLhAAF&bc=101&cd=%AA%6B%B5%6E%A5%4C++++++++++++++&de=000058&ef=NTD&fg=1"
"110","財團法人竹山鎮教會聚會所","http://cdcb.judicial.gov.tw/abbs/wkw/WHD6K05.jsp?ab=AAAdkxAAHAAAGEUAAH&bc=101&cd=%AA%6B%B5%6E%A5%4C++++++++++++++&de=000043&ef=NTD&fg=1"
"41","財團法人台灣省日月潭文武廟","http://cdcb.judicial.gov.tw/abbs/wkw/WHD6K05.jsp?ab=AAAdkxAAHAAAGEXAAD&bc=101&cd=%AA%6B%B5%6E%A5%4C++++++++++++++&de=000044&ef=NTD&fg=1"
"4","財團法人悲廣文教基金會","http://cdcb.judicial.gov.tw/abbs/wkw/WHD6K05.jsp?ab=AAAdkxAAHAAAGFmAAH&bc=101&cd=%AA%6B%B5%6E%A5%4C++++++++++++++&de=000045&ef=NTD&fg=1"
"154","社團法人中華民國玉德慈善會","http://cdcb.judicial.gov.tw/abbs/wkw/WHD6K05.jsp?ab=AAAdkxAAHAAAGFlAAD&bc=101&cd=%AA%6B%B5%6E%A5%4C++++++++++++++&de=000046&ef=NTD&fg=1"
"60","社團法人南投縣教育會","http://cdcb.judicial.gov.tw/abbs/wkw/WHD6K05.jsp?ab=AAAdkxAAHAAAGCFAAB&bc=101&cd=%AA%6B%B5%6E%A5%4C++++++++++++++&de=000027&ef=NTD&fg=1"
"35","財團法人鎮國基金會","http://cdcb.judicial.gov.tw/abbs/wkw/WHD6K05.jsp?ab=AAAdkxAAHAAAGAPAAD&bc=101&cd=%AA%6B%B5%6E%A5%4C++++++++++++++&de=000028&ef=NTD&fg=1"
"42","財團法人台灣省立竹山高級中學校友文教基金會","http://cdcb.judicial.gov.tw/abbs/wkw/WHD6K05.jsp?ab=AAAdkxAAHAAAGBvAAI&bc=101&cd=%AA%6B%B5%6E%A5%4C++++++++++++++&de=000029&ef=NTD&fg=1"
"113","財團法人南投基督長老教會","http://cdcb.judicial.gov.tw/abbs/wkw/WHD6K05.jsp?ab=AAAdkxAAHAAAGBcAAB&bc=101&cd=%AA%6B%B5%6E%A5%4C++++++++++++++&de=000033&ef=NTD&fg=1"
"63","財團法人醒覺文教基金會","http://cdcb.judicial.gov.tw/abbs/wkw/WHD6K05.jsp?ab=AAAdkxAAHAAAGEVAAB&bc=101&cd=%AA%6B%B5%6E%A5%4C++++++++++++++&de=000034&ef=NTD&fg=1"
"87","社團法人南投縣生命線協會","http://cdcb.judicial.gov.tw/abbs/wkw/WHD6K05.jsp?ab=AAAdkxAAHAAAGBcAAA&bc=101&cd=%AA%6B%B5%6E%A5%4C++++++++++++++&de=000035&ef=NTD&fg=1"
"220","財團法人草屯鎮玉皇天心宮","http://cdcb.judicial.gov.tw/abbs/wkw/WHD6K05.jsp?ab=AAAdkxAAHAAAGEzAAA&bc=101&cd=%AA%6B%B5%6E%A5%4C++++++++++++++&de=000036&ef=NTD&fg=1"
"224","財團法人南投縣教育會教育基金會","http://cdcb.judicial.gov.tw/abbs/wkw/WHD6K05.jsp?ab=AAAdkxAAHAAAGEtAAG&bc=101&cd=%AA%6B%B5%6E%A5%4C++++++++++++++&de=000037&ef=NTD&fg=1"
"88","社團法人南投縣婦女會","http://cdcb.judicial.gov.tw/abbs/wkw/WHD6K05.jsp?ab=AAAdkxAAHAAAF7RAAA&bc=101&cd=%AA%6B%B5%6E%A5%4C++++++++++++++&de=000019&ef=NTD&fg=1"
"166","財團法人南投縣私立聖音慈善事業基金會","http://cdcb.judicial.gov.tw/abbs/wkw/WHD6K05.jsp?ab=AAAdkxAAHAAAGAPAAE&bc=101&cd=%AA%6B%B5%6E%A5%4C++++++++++++++&de=000020&ef=NTD&fg=1"
"213","社團法人南投縣藥師公會","http://cdcb.judicial.gov.tw/abbs/wkw/WHD6K05.jsp?ab=AAAdkxAAHAAAGA7AAF&bc=101&cd=%AA%6B%B5%6E%A5%4C++++++++++++++&de=000022&ef=NTD&fg=1"
"300","社團法人南投縣職能治療師公會","http://cdcb.judicial.gov.tw/abbs/wkw/WHD6K05.jsp?ab=AAAdkxAAHAAAGA%2BAAK&bc=101&cd=%AA%6B%B5%6E%A5%4C++++++++++++++&de=000024&ef=NTD&fg=1"
"130","社團法人南投縣簡姓宗親會","http://cdcb.judicial.gov.tw/abbs/wkw/WHD6K05.jsp?ab=AAAdkxAAHAAAGA5AAJ&bc=101&cd=%AA%6B%B5%6E%A5%4C++++++++++++++&de=000025&ef=NTD&fg=1"
"59","財團法人人乘文教基金會","http://cdcb.judicial.gov.tw/abbs/wkw/WHD6K05.jsp?ab=AAAdkxAAHAAAGAPAAF&bc=101&cd=%AA%6B%B5%6E%A5%4C++++++++++++++&de=000026&ef=NTD&fg=1"
"205","財團法人南投縣私立三育高級中學","http://cdcb.judicial.gov.tw/abbs/wkw/WHD6K05.jsp?ab=AAAdkxAAHAAAF7yAAD&bc=101&cd=%AA%6B%B5%6E%A5%4C++++++++++++++&de=000011&ef=NTD&fg=1"
"215","社團法人南投縣服侍善工協會","http://cdcb.judicial.gov.tw/abbs/wkw/WHD6K05.jsp?ab=AAAdkxAAHAAAF7UAAC&bc=101&cd=%AA%6B%B5%6E%A5%4C++++++++++++++&de=000016&ef=NTD&fg=1"
"303","社團法人南投縣三塊厝愛鄉協會","http://cdcb.judicial.gov.tw/abbs/wkw/WHD6K05.jsp?ab=AAAdkxAAHAAAOR%2FAAK&bc=100&cd=%AA%6B%B5%6E%AA%C0++++++++++++++&de=000009&ef=NTD&fg=1"
"304","財團法人18℃文化基金會","http://cdcb.judicial.gov.tw/abbs/wkw/WHD6K05.jsp?ab=AAAdkxAAHAAAF5EAAD&bc=100&cd=%AA%6B%B5%6E%B0%5D++++++++++++++&de=000001&ef=NTD&fg=1"
"99","財團法人新故鄉文教基金會","http://cdcb.judicial.gov.tw/abbs/wkw/WHD6K05.jsp?ab=AAAdkxAAHAAAGEgAAL&bc=101&cd=%AA%6B%B5%6E%A5%4C++++++++++++++&de=000002&ef=NTD&fg=1"
"265","社團法人南投縣教師會","http://cdcb.judicial.gov.tw/abbs/wkw/WHD6K05.jsp?ab=AAAdkxAAHAAAF6YAAK&bc=101&cd=%AA%6B%B5%6E%A5%4C++++++++++++++&de=000005&ef=NTD&fg=1"
"235","社團法人南投縣青少年空手道推展協會","http://cdcb.judicial.gov.tw/abbs/wkw/WHD6K05.jsp?ab=AAAdkxAAHAAAF5hAAB&bc=100&cd=%AA%6B%B5%6E%A5%4C++++++++++++++&de=000069&ef=NTD&fg=1"
"284","社團法人台灣彩虹雙福協會","http://cdcb.judicial.gov.tw/abbs/wkw/WHD6K05.jsp?ab=AAAdkxAAHAAAF5vAAK&bc=100&cd=%AA%6B%B5%6E%A5%4C++++++++++++++&de=000070&ef=NTD&fg=1"
"296","社團法人台灣亞太社會創新教育協會","http://cdcb.judicial.gov.tw/abbs/wkw/WHD6K05.jsp?ab=AAAdkxAAHAAAJ%2BvAAH&bc=100&cd=%AA%6B%B5%6E%AA%C0++++++++++++++&de=000002&ef=NTD&fg=1"
"301","社團法人南投縣貓羅溪愛鄉文化促進協會","http://cdcb.judicial.gov.tw/abbs/wkw/WHD6K05.jsp?ab=AAAdkxAAHAAADumAAB&bc=100&cd=%AA%6B%B5%6E%AA%C0++++++++++++++&de=000003&ef=NTD&fg=1"
"298","社團法人台灣迦南社區關懷協會","http://cdcb.judicial.gov.tw/abbs/wkw/WHD6K05.jsp?ab=AAAdkxAAHAAABdhAAB&bc=100&cd=%AA%6B%B5%6E%AA%C0++++++++++++++&de=000005&ef=NTD&fg=1"
"299","社團法人南投縣資訊教育暨職能訓練服務協會","http://cdcb.judicial.gov.tw/abbs/wkw/WHD6K05.jsp?ab=AAAdkxAAHAAANsbAAM&bc=100&cd=%AA%6B%B5%6E%AA%C0++++++++++++++&de=000006&ef=NTD&fg=1"
"85","財團法人南埔陳府將軍廟文教活動中心","http://cdcb.judicial.gov.tw/abbs/wkw/WHD6K05.jsp?ab=AAAdkxAAHAAAORJAAF&bc=100&cd=%AA%6B%B5%6E%A5%4C++++++++++++++&de=000061&ef=NTD&fg=1"
"120","財團法人日月潭玄奘寺","http://cdcb.judicial.gov.tw/abbs/wkw/WHD6K05.jsp?ab=AAAdkxAAHAAAOSBAAG&bc=100&cd=%AA%6B%B5%6E%A5%4C++++++++++++++&de=000065&ef=NTD&fg=1"
"228","社團法人南投縣青年返鄉服務協會","http://cdcb.judicial.gov.tw/abbs/wkw/WHD6K05.jsp?ab=AAAdkxAAHAAAOzsAAI&bc=100&cd=%AA%6B%B5%6E%A5%4C++++++++++++++&de=000053&ef=NTD&fg=1"
"108","財團法人臺灣省南投縣魚池鄉順天宮修悟堂","http://cdcb.judicial.gov.tw/abbs/wkw/WHD6K05.jsp?ab=AAAdkxAAHAAAO0FAAE&bc=100&cd=%AA%6B%B5%6E%A5%4C++++++++++++++&de=000055&ef=NTD&fg=1"
"267","社團法人南投縣社區家庭支援協會","http://cdcb.judicial.gov.tw/abbs/wkw/WHD6K05.jsp?ab=AAAdkxAAHAAAPlSAAK&bc=100&cd=%AA%6B%B5%6E%A5%4C++++++++++++++&de=000058&ef=NTD&fg=1"
"12","財團法人南投高商文教基金會","http://cdcb.judicial.gov.tw/abbs/wkw/WHD6K05.jsp?ab=AAAdkxAAHAAAOzoAAA&bc=100&cd=%AA%6B%B5%6E%A5%4C++++++++++++++&de=000047&ef=NTD&fg=1"
"226","社團法人南投縣無障礙協會","http://cdcb.judicial.gov.tw/abbs/wkw/WHD6K05.jsp?ab=AAAdkxAAHAAAJ%2BvAAG&bc=100&cd=%AA%6B%B5%6E%A5%4C++++++++++++++&de=000029&ef=NTD&fg=1"
"101","財團法人基督教南投浸信宣道會","http://cdcb.judicial.gov.tw/abbs/wkw/WHD6K05.jsp?ab=AAAdkxAAHAAAJ%2BeAAI&bc=100&cd=%AA%6B%B5%6E%A5%4C++++++++++++++&de=000036&ef=NTD&fg=1"
"274","社團法人南投縣協助失業者協進會","http://cdcb.judicial.gov.tw/abbs/wkw/WHD6K05.jsp?ab=AAAdkxAAHAAAPkfAAC&bc=100&cd=%AA%6B%B5%6E%A5%4C++++++++++++++&de=000037&ef=NTD&fg=1"
"86","財團法人南投縣文化基金會","http://cdcb.judicial.gov.tw/abbs/wkw/WHD6K05.jsp?ab=AAAdkxAAHAAAImMAAB&bc=100&cd=%AA%6B%B5%6E%A5%4C++++++++++++++&de=000021&ef=NTD&fg=1"
"36","財團法人慈光山佛教基金會","http://cdcb.judicial.gov.tw/abbs/wkw/WHD6K05.jsp?ab=AAAdkxAAHAAAL3XAAA&bc=100&cd=%AA%6B%B5%6E%A5%4C++++++++++++++&de=000023&ef=NTD&fg=1"
"55","財團法人社寮文教基金會","http://cdcb.judicial.gov.tw/abbs/wkw/WHD6K05.jsp?ab=AAAdkxAAHAAAL2WAAF&bc=100&cd=%AA%6B%B5%6E%A5%4C++++++++++++++&de=000027&ef=NTD&fg=1"
"125","社團法人南投縣名間鄉老人會","http://cdcb.judicial.gov.tw/abbs/wkw/WHD6K05.jsp?ab=AAAdkxAAHAAAIlIAAF&bc=100&cd=%AA%6B%B5%6E%A5%4C++++++++++++++&de=000014&ef=NTD&fg=1"
"292","財團法人台灣之心文化藝術基金會","http://cdcb.judicial.gov.tw/abbs/wkw/WHD6K05.jsp?ab=AAAdkxAAHAAAE77AAB&bc=099&cd=%AA%6B%B5%6E%B0%5D++++++++++++++&de=000005&ef=NTD&fg=1"
"291","財團法人陳明祐文化藝術基金會","http://cdcb.judicial.gov.tw/abbs/wkw/WHD6K05.jsp?ab=AAAdkxAAHAAAE77AAG&bc=099&cd=%AA%6B%B5%6E%B0%5D++++++++++++++&de=000006&ef=NTD&fg=1"
"171","社團法人南投縣家長關懷教育協會","http://cdcb.judicial.gov.tw/abbs/wkw/WHD6K05.jsp?ab=AAAdkxAAHAAAGyhAAC&bc=100&cd=%AA%6B%B5%6E%A5%4C++++++++++++++&de=000006&ef=NTD&fg=1"
"280","社團法人南投縣大同幸福協會","http://cdcb.judicial.gov.tw/abbs/wkw/WHD6K05.jsp?ab=AAAdkxAAHAAALTkAAE&bc=099&cd=%AA%6B%B5%6E%AA%C0++++++++++++++&de=000011&ef=NTD&fg=1"
"281","社團法人台灣聖音慈善功德會","http://cdcb.judicial.gov.tw/abbs/wkw/WHD6K05.jsp?ab=AAAdkxAAHAAALUDAAH&bc=099&cd=%AA%6B%B5%6E%AA%C0++++++++++++++&de=000013&ef=NTD&fg=1"
"289","社團法人南投縣仁愛鄉慈峰社區發展協會","http://cdcb.judicial.gov.tw/abbs/wkw/WHD6K05.jsp?ab=AAAdkxAAHAAACv7AAA&bc=099&cd=%AA%6B%B5%6E%AA%C0++++++++++++++&de=000015&ef=NTD&fg=1"
"287","社團法人台灣先知的家全人關懷協會","http://cdcb.judicial.gov.tw/abbs/wkw/WHD6K05.jsp?ab=AAAdkxAAHAAACtDAAL&bc=099&cd=%AA%6B%B5%6E%AA%C0++++++++++++++&de=000018&ef=NTD&fg=1"
"288","社團法人中華毘盧觀世音學會","http://cdcb.judicial.gov.tw/abbs/wkw/WHD6K05.jsp?ab=AAAdkxAAHAAAEkCAAH&bc=099&cd=%AA%6B%B5%6E%AA%C0++++++++++++++&de=000019&ef=NTD&fg=1"
"293","財團法人南林尼僧佛教基金會","http://cdcb.judicial.gov.tw/abbs/wkw/WHD6K05.jsp?ab=AAAdkxAAHAAAGyYAAF&bc=099&cd=%AA%6B%B5%6E%B0%5D++++++++++++++&de=000003&ef=NTD&fg=1"
"290","財團法人濟公文化研究基金會","http://cdcb.judicial.gov.tw/abbs/wkw/WHD6K05.jsp?ab=AAAdkxAAHAAAExWAAC&bc=099&cd=%AA%6B%B5%6E%B0%5D++++++++++++++&de=000004&ef=NTD&fg=1"
"272","社團法人台灣農產品標準化推廣協會","http://cdcb.judicial.gov.tw/abbs/wkw/WHD6K05.jsp?ab=AAAdkxAAHAAALShAAC&bc=099&cd=%AA%6B%B5%6E%AA%C0++++++++++++++&de=000004&ef=NTD&fg=1"
"273","社團法人南投縣中興新村榮景促進會","http://cdcb.judicial.gov.tw/abbs/wkw/WHD6K05.jsp?ab=AAAdkxAAHAAALT%2FAAD&bc=099&cd=%AA%6B%B5%6E%AA%C0++++++++++++++&de=000007&ef=NTD&fg=1"
"216","社團法人南投縣天主教山地服務研究社","http://cdcb.judicial.gov.tw/abbs/wkw/WHD6K05.jsp?ab=AAAdkxAAHAAAEa1AAF&bc=099&cd=%AA%6B%B5%6E%A5%4C++++++++++++++&de=000050&ef=NTD&fg=1"
"177","社團法人南投縣水里鄉新城社區發展協會","http://cdcb.judicial.gov.tw/abbs/wkw/WHD6K05.jsp?ab=AAAdkxAAHAAALUHAAI&bc=099&cd=%AA%6B%B5%6E%A5%4C++++++++++++++&de=000033&ef=NTD&fg=1"
"212","社團法人南投縣外籍配偶關懷協會","http://cdcb.judicial.gov.tw/abbs/wkw/WHD6K05.jsp?ab=AAAdkxAAHAAALTTAAK&bc=099&cd=%AA%6B%B5%6E%A5%4C++++++++++++++&de=000041&ef=NTD&fg=1"
"252","社團法人南投縣司法志工協會","http://cdcb.judicial.gov.tw/abbs/wkw/WHD6K05.jsp?ab=AAAdkxAAHAAALToAAJ&bc=099&cd=%AA%6B%B5%6E%A5%4C++++++++++++++&de=000042&ef=NTD&fg=1"
"201","社團法人南投縣就業促進發展協會","http://cdcb.judicial.gov.tw/abbs/wkw/WHD6K05.jsp?ab=AAAdkxAAHAAALTTAAF&bc=099&cd=%AA%6B%B5%6E%A5%4C++++++++++++++&de=000005&ef=NTD&fg=1"
"262","社團法人台灣玄濟救濟會","http://cdcb.judicial.gov.tw/abbs/wkw/WHD6K05.jsp?ab=AAAdkxAAHAAALTQAAA&bc=098&cd=%AA%6B%B5%6E%AA%C0++++++++++++++&de=000005&ef=NTD&fg=1"
"266","社團法人中華仁仁關懷協會","http://cdcb.judicial.gov.tw/abbs/wkw/WHD6K05.jsp?ab=AAAdkxAAHAAALToAAK&bc=098&cd=%AA%6B%B5%6E%AA%C0++++++++++++++&de=000008&ef=NTD&fg=1"
"264","社團法人中國正一道教總會","http://cdcb.judicial.gov.tw/abbs/wkw/WHD6K05.jsp?ab=AAAdkxAAHAAALT%2FAAC&bc=098&cd=%AA%6B%B5%6E%AA%C0++++++++++++++&de=000009&ef=NTD&fg=1"
"269","社團法人國立暨南國際大學社會政策與社會工作學系系友會","http://cdcb.judicial.gov.tw/abbs/wkw/WHD6K05.jsp?ab=AAAdkxAAHAAALTTAAB&bc=098&cd=%AA%6B%B5%6E%AA%C0++++++++++++++&de=000012&ef=NTD&fg=1"
"268","社團法人中華民國家庭福利推展協會","http://cdcb.judicial.gov.tw/abbs/wkw/WHD6K05.jsp?ab=AAAdkxAAHAAALT%2FAAF&bc=098&cd=%AA%6B%B5%6E%AA%C0++++++++++++++&de=000013&ef=NTD&fg=1"
"135","財團法人草屯鎮教會聚會所","http://cdcb.judicial.gov.tw/abbs/wkw/WHD6K05.jsp?ab=AAAdkxAAHAAALTkAAC&bc=098&cd=%AA%6B%B5%6E%A5%4C++++++++++++++&de=000055&ef=NTD&fg=1"
"260","社團法人南投縣生活美學協會","http://cdcb.judicial.gov.tw/abbs/wkw/WHD6K05.jsp?ab=AAAdkxAAHAAALTSAAE&bc=098&cd=%AA%6B%B5%6E%AA%C0++++++++++++++&de=000001&ef=NTD&fg=1"
"261","社團法人台灣理中道養生協會","http://cdcb.judicial.gov.tw/abbs/wkw/WHD6K05.jsp?ab=AAAdkxAAHAAALTSAAG&bc=098&cd=%AA%6B%B5%6E%AA%C0++++++++++++++&de=000002&ef=NTD&fg=1"
"138","社團法人台灣打里摺文化協會","http://cdcb.judicial.gov.tw/abbs/wkw/WHD6K05.jsp?ab=AAAdkxAAHAAALUHAAG&bc=098&cd=%AA%6B%B5%6E%A5%4C++++++++++++++&de=000037&ef=NTD&fg=1"
"93","社團法人中華民國中台禪會","http://cdcb.judicial.gov.tw/abbs/wkw/WHD6K05.jsp?ab=AAAdkxAAHAAALTUAAH&bc=098&cd=%AA%6B%B5%6E%A5%4C++++++++++++++&de=000028&ef=NTD&fg=1"
"221","財團法人中華基督教浸信宣道會竹山教會","http://cdcb.judicial.gov.tw/abbs/wkw/WHD6K05.jsp?ab=AAAdkxAAHAAALTVAAI&bc=098&cd=%AA%6B%B5%6E%A5%4C++++++++++++++&de=000034&ef=NTD&fg=1"
"11","財團法人中台文教基金會","http://cdcb.judicial.gov.tw/abbs/wkw/WHD6K05.jsp?ab=AAAdkxAAHAAALTSAAJ&bc=098&cd=%AA%6B%B5%6E%A5%4C++++++++++++++&de=000003&ef=NTD&fg=1"
"157","財團法人水里教會聚會所","http://cdcb.judicial.gov.tw/abbs/wkw/WHD6K05.jsp?ab=AAAdkxAAHAAALTSAAK&bc=098&cd=%AA%6B%B5%6E%A5%4C++++++++++++++&de=000007&ef=NTD&fg=1"
"254","社團法人中華國際佛香會","http://cdcb.judicial.gov.tw/abbs/wkw/WHD6K05.jsp?ab=AAAdkxAAHAAALTRAAD&bc=097&cd=%AA%6B%B5%6E%AA%C0++++++++++++++&de=000012&ef=NTD&fg=1"
"258","財團法人中台山社會福利慈善事業基金會","http://cdcb.judicial.gov.tw/abbs/wkw/WHD6K05.jsp?ab=AAAdkxAAHAAALTOAAE&bc=097&cd=%AA%6B%B5%6E%B0%5D++++++++++++++&de=000004&ef=NTD&fg=1"
"94","社團法人南投縣鹿谷鄉急難扶助協會","http://cdcb.judicial.gov.tw/abbs/wkw/WHD6K05.jsp?ab=AAAdkxAAHAAALTTAAA&bc=097&cd=%AA%6B%B5%6E%A5%4C++++++++++++++&de=000048&ef=NTD&fg=1"
"249","社團法人南投縣長期照顧發展協會","http://cdcb.judicial.gov.tw/abbs/wkw/WHD6K05.jsp?ab=AAAdkxAAHAAALTPAAI&bc=097&cd=%AA%6B%B5%6E%AA%C0++++++++++++++&de=000002&ef=NTD&fg=1"
"248","社團法人南投縣華嚴念佛會","http://cdcb.judicial.gov.tw/abbs/wkw/WHD6K05.jsp?ab=AAAdkxAAHAAALTPAAF&bc=097&cd=%AA%6B%B5%6E%AA%C0++++++++++++++&de=000004&ef=NTD&fg=1"
"250","社團法人南投縣主流愛鄉協會","http://cdcb.judicial.gov.tw/abbs/wkw/WHD6K05.jsp?ab=AAAdkxAAHAAALTzAAF&bc=097&cd=%AA%6B%B5%6E%AA%C0++++++++++++++&de=000005&ef=NTD&fg=1"
"251","社團法人台灣休閒旅遊導覽解說員協會","http://cdcb.judicial.gov.tw/abbs/wkw/WHD6K05.jsp?ab=AAAdkxAAHAAALUEAAF&bc=097&cd=%AA%6B%B5%6E%AA%C0++++++++++++++&de=000008&ef=NTD&fg=1"
"245","社團法人南投縣中興新村高爾夫協會","http://cdcb.judicial.gov.tw/abbs/wkw/WHD6K05.jsp?ab=AAAdkxAAHAAALTiAAI&bc=096&cd=%AA%6B%B5%6E%AA%C0++++++++++++++&de=000013&ef=NTD&fg=1"
"239","財團法人龔立逑教育基金會","http://cdcb.judicial.gov.tw/abbs/wkw/WHD6K05.jsp?ab=AAAdkxAAHAAALT5AAB&bc=096&cd=%AA%6B%B5%6E%B0%5D++++++++++++++&de=000002&ef=NTD&fg=1"
"236","社團法人南投縣立穩建築藝術協會","http://cdcb.judicial.gov.tw/abbs/wkw/WHD6K05.jsp?ab=AAAdkxAAHAAALTsAAB&bc=096&cd=%AA%6B%B5%6E%AA%C0++++++++++++++&de=000002&ef=NTD&fg=1"
"233","社團法人中國嗣漢道教協會","http://cdcb.judicial.gov.tw/abbs/wkw/WHD6K05.jsp?ab=AAAdkxAAHAAALTNAAB&bc=096&cd=%AA%6B%B5%6E%AA%C0++++++++++++++&de=000003&ef=NTD&fg=1"
"241","社團法人南投縣義直愛心會","http://cdcb.judicial.gov.tw/abbs/wkw/WHD6K05.jsp?ab=AAAdkxAAHAAALT5AAE&bc=096&cd=%AA%6B%B5%6E%AA%C0++++++++++++++&de=000007&ef=NTD&fg=1"
"242","社團法人南投縣休憩農園產業促進會","http://cdcb.judicial.gov.tw/abbs/wkw/WHD6K05.jsp?ab=AAAdkxAAHAAALT5AAG&bc=096&cd=%AA%6B%B5%6E%AA%C0++++++++++++++&de=000008&ef=NTD&fg=1"
"243","社團法人中國實用民俗青草研究會","http://cdcb.judicial.gov.tw/abbs/wkw/WHD6K05.jsp?ab=AAAdkxAAHAAALTiAAD&bc=096&cd=%AA%6B%B5%6E%AA%C0++++++++++++++&de=000011&ef=NTD&fg=1"
"244","社團法人南投縣石龍宮福德會","http://cdcb.judicial.gov.tw/abbs/wkw/WHD6K05.jsp?ab=AAAdkxAAHAAALTiAAF&bc=096&cd=%AA%6B%B5%6E%AA%C0++++++++++++++&de=000012&ef=NTD&fg=1"
"182","財團法人台灣基督長老教會謝緯紀念營地","http://cdcb.judicial.gov.tw/abbs/wkw/WHD6K05.jsp?ab=AAAdkxAAHAAALTsAAJ&bc=096&cd=%AA%6B%B5%6E%A5%4C++++++++++++++&de=000049&ef=NTD&fg=1"
"165","社團法人南投縣鹿谷鄉清水溝重建工作協會","http://cdcb.judicial.gov.tw/abbs/wkw/WHD6K05.jsp?ab=AAAdkxAAHAAALTiAAE&bc=096&cd=%AA%6B%B5%6E%A5%4C++++++++++++++&de=000053&ef=NTD&fg=1"
"238","財團法人陳五八公祭祀公業","http://cdcb.judicial.gov.tw/abbs/wkw/WHD6K05.jsp?ab=AAAdkxAAHAAALT8AAA&bc=096&cd=%AA%6B%B5%6E%A5%4C++++++++++++++&de=000040&ef=NTD&fg=1"
"119","社團法人南投縣社區關懷協會","http://cdcb.judicial.gov.tw/abbs/wkw/WHD6K05.jsp?ab=AAAdkxAAHAAALT5AAA&bc=096&cd=%AA%6B%B5%6E%A5%4C++++++++++++++&de=000033&ef=NTD&fg=1"
"190","財團法人水里天主教嚴規熙篤隱修會","http://cdcb.judicial.gov.tw/abbs/wkw/WHD6K05.jsp?ab=AAAdkxAAHAAALUFAAD&bc=096&cd=%AA%6B%B5%6E%A5%4C++++++++++++++&de=000018&ef=NTD&fg=1"
"232","社團法人南投縣照顧服務推廣協會","http://cdcb.judicial.gov.tw/abbs/wkw/WHD6K05.jsp?ab=AAAdkxAAHAAALSiAAD&bc=095&cd=%AA%6B%B5%6E%AA%C0++++++++++++++&de=000013&ef=NTD&fg=1"
"225","社團法人台灣鳳凰玉泉慈善協會","http://cdcb.judicial.gov.tw/abbs/wkw/WHD6K05.jsp?ab=AAAdkxAAHAAALSVAAJ&bc=095&cd=%AA%6B%B5%6E%AA%C0++++++++++++++&de=000008&ef=NTD&fg=1"
"144","社團法人南投縣莊姓宗親會","http://cdcb.judicial.gov.tw/abbs/wkw/WHD6K05.jsp?ab=AAAdkxAAHAAALSbAAC&bc=095&cd=%AA%6B%B5%6E%A5%4C++++++++++++++&de=000031&ef=NTD&fg=1"
"191","社團法人中華大道靈修會","http://cdcb.judicial.gov.tw/abbs/wkw/WHD6K05.jsp?ab=AAAdkxAAHAAALSVAAG&bc=095&cd=%AA%6B%B5%6E%A5%4C++++++++++++++&de=000034&ef=NTD&fg=1"
"71","社團法人南投縣竹山鎮延和社區發展協會","http://cdcb.judicial.gov.tw/abbs/wkw/WHD6K05.jsp?ab=AAAdkxAAHAAALSVAAB&bc=095&cd=%AA%6B%B5%6E%A5%4C++++++++++++++&de=000025&ef=NTD&fg=1"
"211","社團法人南投縣基督徒福音推廣協會","http://cdcb.judicial.gov.tw/abbs/wkw/WHD6K05.jsp?ab=AAAdkxAAHAAALT4AAG&bc=094&cd=%AA%6B%B5%6E%AA%C0++++++++++++++&de=000016&ef=NTD&fg=1"
"214","社團法人南投縣信義鄉土石流遷村促進會","http://cdcb.judicial.gov.tw/abbs/wkw/WHD6K05.jsp?ab=AAAdkxAAHAAALUBAAD&bc=094&cd=%AA%6B%B5%6E%AA%C0++++++++++++++&de=000020&ef=NTD&fg=1"
"210","財團法人莊錦泉先生文化藝術基金會","http://cdcb.judicial.gov.tw/abbs/wkw/WHD6K05.jsp?ab=AAAdkxAAHAAALT4AAF&bc=094&cd=%AA%6B%B5%6E%B0%5D++++++++++++++&de=000002&ef=NTD&fg=1"
"173","社團法人南投縣海澄陳姓宗親會","http://cdcb.judicial.gov.tw/abbs/wkw/WHD6K05.jsp?ab=AAAdkxAAHAAALTmAAG&bc=095&cd=%AA%6B%B5%6E%A5%4C++++++++++++++&de=000002&ef=NTD&fg=1"
"200","社團法人台灣寶島牛轀轆有機示範農村發展協會","http://cdcb.judicial.gov.tw/abbs/wkw/WHD6K05.jsp?ab=AAAdkxAAHAAALT%2BAAJ&bc=094&cd=%AA%6B%B5%6E%AA%C0++++++++++++++&de=000002&ef=NTD&fg=1"
"199","社團法人南投縣愛鄰全人關懷協會","http://cdcb.judicial.gov.tw/abbs/wkw/WHD6K05.jsp?ab=AAAdkxAAHAAALT%2BAAG&bc=094&cd=%AA%6B%B5%6E%AA%C0++++++++++++++&de=000003&ef=NTD&fg=1"
"202","社團法人南投縣福慧文教慈善協會","http://cdcb.judicial.gov.tw/abbs/wkw/WHD6K05.jsp?ab=AAAdkxAAHAAALT0AAC&bc=094&cd=%AA%6B%B5%6E%AA%C0++++++++++++++&de=000006&ef=NTD&fg=1"
"203","社團法人南投縣服飾產業文化發展協會","http://cdcb.judicial.gov.tw/abbs/wkw/WHD6K05.jsp?ab=AAAdkxAAHAAALT0AAH&bc=094&cd=%AA%6B%B5%6E%AA%C0++++++++++++++&de=000007&ef=NTD&fg=1"
"204","社團法人南投縣身心障礙福利協會","http://cdcb.judicial.gov.tw/abbs/wkw/WHD6K05.jsp?ab=AAAdkxAAHAAALT9AAB&bc=094&cd=%AA%6B%B5%6E%AA%C0++++++++++++++&de=000008&ef=NTD&fg=1"
"209","社團法人南投縣公共事務管理學會","http://cdcb.judicial.gov.tw/abbs/wkw/WHD6K05.jsp?ab=AAAdkxAAHAAALTvAAE&bc=094&cd=%AA%6B%B5%6E%AA%C0++++++++++++++&de=000012&ef=NTD&fg=1"
"206","社團法人台灣社區資深公民日托協會","http://cdcb.judicial.gov.tw/abbs/wkw/WHD6K05.jsp?ab=AAAdkxAAHAAALTiAAB&bc=094&cd=%AA%6B%B5%6E%AA%C0++++++++++++++&de=000013&ef=NTD&fg=1"
"143","社團法人台灣社區重建協會","http://cdcb.judicial.gov.tw/abbs/wkw/WHD6K05.jsp?ab=AAAdkxAAHAAALUBAAE&bc=094&cd=%AA%6B%B5%6E%A5%4C++++++++++++++&de=000049&ef=NTD&fg=1"
"176","社團法人南投縣埔里鎮四季早泳會","http://cdcb.judicial.gov.tw/abbs/wkw/WHD6K05.jsp?ab=AAAdkxAAHAAALT4AAE&bc=094&cd=%AA%6B%B5%6E%A5%4C++++++++++++++&de=000031&ef=NTD&fg=1"
"8","財團法人省立埔里高級工業職業學校文教基金會","http://cdcb.judicial.gov.tw/abbs/wkw/WHD6K05.jsp?ab=AAAdkxAAHAAALT9AAI&bc=094&cd=%AA%6B%B5%6E%A5%4C++++++++++++++&de=000022&ef=NTD&fg=1"
"187","社團法人南投縣竹山鎮社寮老人會","http://cdcb.judicial.gov.tw/abbs/wkw/WHD6K05.jsp?ab=AAAdkxAAHAAALS9AAB&bc=093&cd=%AA%6B%B5%6E%AA%C0++++++++++++++&de=000008&ef=NTD&fg=1"
"193","社團法人南投縣棋藝文化協會","http://cdcb.judicial.gov.tw/abbs/wkw/WHD6K05.jsp?ab=AAAdkxAAHAAALTpAAA&bc=093&cd=%AA%6B%B5%6E%AA%C0++++++++++++++&de=000009&ef=NTD&fg=1"
"192","社團法人南投縣青草藥製造職業工會","http://cdcb.judicial.gov.tw/abbs/wkw/WHD6K05.jsp?ab=AAAdkxAAHAAALS9AAF&bc=093&cd=%AA%6B%B5%6E%AA%C0++++++++++++++&de=000010&ef=NTD&fg=1"
"194","社團法人中華和風普行會","http://cdcb.judicial.gov.tw/abbs/wkw/WHD6K05.jsp?ab=AAAdkxAAHAAALTpAAC&bc=093&cd=%AA%6B%B5%6E%AA%C0++++++++++++++&de=000011&ef=NTD&fg=1"
"196","社團法人南投縣信義鄉布農社區策略聯盟協會","http://cdcb.judicial.gov.tw/abbs/wkw/WHD6K05.jsp?ab=AAAdkxAAHAAALTpAAF&bc=093&cd=%AA%6B%B5%6E%AA%C0++++++++++++++&de=000013&ef=NTD&fg=1"
"181","財團法人南投縣私立天慈普濟慈善事業基金會","http://cdcb.judicial.gov.tw/abbs/wkw/WHD6K05.jsp?ab=AAAdkxAAHAAALUAAAC&bc=093&cd=%AA%6B%B5%6E%B0%5D++++++++++++++&de=000001&ef=NTD&fg=1"
"151","社團法人南投縣彌勒大道弘慈會","http://cdcb.judicial.gov.tw/abbs/wkw/WHD6K05.jsp?ab=AAAdkxAAHAAALTpAAB&bc=093&cd=%AA%6B%B5%6E%A5%4C++++++++++++++&de=000042&ef=NTD&fg=1"
"104","財團法人碧峰教育基金會","http://cdcb.judicial.gov.tw/abbs/wkw/WHD6K05.jsp?ab=AAAdkxAAHAAALTpAAK&bc=093&cd=%AA%6B%B5%6E%A5%4C++++++++++++++&de=000045&ef=NTD&fg=1"
"184","社團法人南投縣埔里鎮中華商店街發展協會","http://cdcb.judicial.gov.tw/abbs/wkw/WHD6K05.jsp?ab=AAAdkxAAHAAALTlAAB&bc=093&cd=%AA%6B%B5%6E%AA%C0++++++++++++++&de=000001&ef=NTD&fg=1"
"185","社團法人中華農業交流協會","http://cdcb.judicial.gov.tw/abbs/wkw/WHD6K05.jsp?ab=AAAdkxAAHAAALS5AAF&bc=093&cd=%AA%6B%B5%6E%AA%C0++++++++++++++&de=000006&ef=NTD&fg=1"
"186","社團法人南投縣大埔里農業產銷聯盟","http://cdcb.judicial.gov.tw/abbs/wkw/WHD6K05.jsp?ab=AAAdkxAAHAAALS9AAA&bc=093&cd=%AA%6B%B5%6E%AA%C0++++++++++++++&de=000007&ef=NTD&fg=1"
"159","社團法人南投縣草屯國際青年商會","http://cdcb.judicial.gov.tw/abbs/wkw/WHD6K05.jsp?ab=AAAdkxAAHAAALS9AAG&bc=093&cd=%AA%6B%B5%6E%A5%4C++++++++++++++&de=000038&ef=NTD&fg=1"
"178","社團法人南投縣日月潭觀光產業促進會","http://cdcb.judicial.gov.tw/abbs/wkw/WHD6K05.jsp?ab=AAAdkxAAHAAALSqAAD&bc=092&cd=%AA%6B%B5%6E%AA%C0++++++++++++++&de=000010&ef=NTD&fg=1"
"179","社團法人南投縣竹山鎮瑞揚老人會","http://cdcb.judicial.gov.tw/abbs/wkw/WHD6K05.jsp?ab=AAAdkxAAHAAALSqAAE&bc=092&cd=%AA%6B%B5%6E%AA%C0++++++++++++++&de=000011&ef=NTD&fg=1"
"180","社團法人南投縣好鄉再造協會","http://cdcb.judicial.gov.tw/abbs/wkw/WHD6K05.jsp?ab=AAAdkxAAHAAALTwAAB&bc=092&cd=%AA%6B%B5%6E%AA%C0++++++++++++++&de=000012&ef=NTD&fg=1"
"118","社團法人中國世紀佛教協進會                                          ","http://cdcb.judicial.gov.tw/abbs/wkw/WHD6K05.jsp?ab=AAAdkxAAHAAALScAAD&bc=092&cd=%AA%6B%B5%6E%A5%4C++++++++++++++&de=000048&ef=NTD&fg=1"
"168","社團法人南投縣天祥慈善會                                            ","http://cdcb.judicial.gov.tw/abbs/wkw/WHD6K05.jsp?ab=AAAdkxAAHAAALSVAAA&bc=092&cd=%AA%6B%B5%6E%AA%C0++++++++++++++&de=000001&ef=NTD&fg=1"
"174","社團法人南投縣竹山鎮愛加倍協會                                      ","http://cdcb.judicial.gov.tw/abbs/wkw/WHD6K05.jsp?ab=AAAdkxAAHAAAJ%2FfAAD&bc=092&cd=%AA%6B%B5%6E%AA%C0++++++++++++++&de=000006&ef=NTD&fg=1"
"175","社團法人南投縣康建發展協會                                          ","http://cdcb.judicial.gov.tw/abbs/wkw/WHD6K05.jsp?ab=AAAdkxAAHAAALSiAAA&bc=092&cd=%AA%6B%B5%6E%AA%C0++++++++++++++&de=000007&ef=NTD&fg=1"
"1","財團法人南投縣私立憫惠教養院                                        ","http://cdcb.judicial.gov.tw/abbs/wkw/WHD6K05.jsp?ab=AAAdkxAAHAAALTjAAA&bc=092&cd=%AA%6B%B5%6E%A5%4C++++++++++++++&de=000024&ef=NTD&fg=1"
"164","社團法人南投縣手工紙紙藝文化發展協會                                ","http://cdcb.judicial.gov.tw/abbs/wkw/WHD6K05.jsp?ab=AAAdkxAAHAAALTLAAC&bc=091&cd=%AA%6B%B5%6E%AA%C0++++++++++++++&de=000010&ef=NTD&fg=1"
"158","財團法人台灣省南投縣草屯鎮祭祀公業莊姓祖廟                          ","http://cdcb.judicial.gov.tw/abbs/wkw/WHD6K05.jsp?ab=AAAdkxAAHAAALSOAAE&bc=091&cd=%AA%6B%B5%6E%B0%5D++++++++++++++&de=000002&ef=NTD&fg=1"
"155","社團法人南投縣信義鄉東埔布農文化促進會                              ","http://cdcb.judicial.gov.tw/abbs/wkw/WHD6K05.jsp?ab=AAAdkxAAHAAALTwAAA&bc=091&cd=%AA%6B%B5%6E%AA%C0++++++++++++++&de=000003&ef=NTD&fg=1"
"156","社團法人台灣原住民族部落重協會                                      ","http://cdcb.judicial.gov.tw/abbs/wkw/WHD6K05.jsp?ab=AAAdkxAAHAAALT1AAB&bc=091&cd=%AA%6B%B5%6E%AA%C0++++++++++++++&de=000004&ef=NTD&fg=1"
"161","社團法人南投縣圍棋協會                                              ","http://cdcb.judicial.gov.tw/abbs/wkw/WHD6K05.jsp?ab=AAAdkxAAHAAALTlAAA&bc=091&cd=%AA%6B%B5%6E%AA%C0++++++++++++++&de=000007&ef=NTD&fg=1"
"82","社團法人台灣省傷殘駕駛協會                                          ","http://cdcb.judicial.gov.tw/abbs/wkw/WHD6K05.jsp?ab=AAAdkxAAHAAALSqAAB&bc=091&cd=%AA%6B%B5%6E%A5%4C++++++++++++++&de=000035&ef=NTD&fg=1"
"109","財團法人台灣省自然保育文教基金會                                    ","http://cdcb.judicial.gov.tw/abbs/wkw/WHD6K05.jsp?ab=AAAdkxAAHAAALSWAAC&bc=091&cd=%AA%6B%B5%6E%A5%4C++++++++++++++&de=000018&ef=NTD&fg=1"
"148","社團法人台灣區三清教玉虛仙宗崑崙玄門會                              ","http://cdcb.judicial.gov.tw/abbs/wkw/WHD6K05.jsp?ab=AAAdkxAAHAAALTRAAF&bc=090&cd=%AA%6B%B5%6E%AA%C0++++++++++++++&de=000011&ef=NTD&fg=1"
"152","社團法人南投縣魚池鄉日月潭老人會                                    ","http://cdcb.judicial.gov.tw/abbs/wkw/WHD6K05.jsp?ab=AAAdkxAAHAAALTyAAD&bc=090&cd=%AA%6B%B5%6E%AA%C0++++++++++++++&de=000015&ef=NTD&fg=1"
"33","財團法人新展望文教基金會                                            ","http://cdcb.judicial.gov.tw/abbs/wkw/WHD6K05.jsp?ab=AAAdkxAAHAAALTKAAD&bc=090&cd=%AA%6B%B5%6E%A5%4C++++++++++++++&de=000041&ef=NTD&fg=1"
"136","社團法人南投縣生態保護協會                                          ","http://cdcb.judicial.gov.tw/abbs/wkw/WHD6K05.jsp?ab=AAAdkxAAHAAALT8AAB&bc=090&cd=%AA%6B%B5%6E%AA%C0++++++++++++++&de=000001&ef=NTD&fg=1"
"140","社團法人南投縣國姓鄉山水盟自行車運動發展協會                        ","http://cdcb.judicial.gov.tw/abbs/wkw/WHD6K05.jsp?ab=AAAdkxAAHAAALT8AAE&bc=090&cd=%AA%6B%B5%6E%AA%C0++++++++++++++&de=000004&ef=NTD&fg=1"
"141","社團法人南投縣埔里鎮真善美心靈重建協會                              ","http://cdcb.judicial.gov.tw/abbs/wkw/WHD6K05.jsp?ab=AAAdkxAAHAAALTvAAA&bc=090&cd=%AA%6B%B5%6E%AA%C0++++++++++++++&de=000005&ef=NTD&fg=1"
"146","社團法人南投縣南投女國際青年商會                                    ","http://cdcb.judicial.gov.tw/abbs/wkw/WHD6K05.jsp?ab=AAAdkxAAHAAALTRAAE&bc=090&cd=%AA%6B%B5%6E%AA%C0++++++++++++++&de=000010&ef=NTD&fg=1"
"49","社團法人台灣社會政策學會                                            ","http://cdcb.judicial.gov.tw/abbs/wkw/WHD6K05.jsp?ab=AAAdkxAAHAAALTKAAC&bc=090&cd=%AA%6B%B5%6E%A5%4C++++++++++++++&de=000040&ef=NTD&fg=1"
"100","財團法人南投縣建設發展基金會                                        ","http://cdcb.judicial.gov.tw/abbs/wkw/WHD6K05.jsp?ab=AAAdkxAAHAAALSjAAC&bc=090&cd=%AA%6B%B5%6E%A5%4C++++++++++++++&de=000021&ef=NTD&fg=1"
"121","社團法人台灣民俗療法技術協會                                        ","http://cdcb.judicial.gov.tw/abbs/wkw/WHD6K05.jsp?ab=AAAdkxAAHAAAJ%2FXAAC&bc=090&cd=%AA%6B%B5%6E%A5%4C++++++++++++++&de=000022&ef=NTD&fg=1"
"51","財團法人台灣省義勇消防人員安全濟助基金會                            ","http://cdcb.judicial.gov.tw/abbs/wkw/WHD6K05.jsp?ab=AAAdkxAAHAAALSPAAA&bc=090&cd=%AA%6B%B5%6E%A5%4C++++++++++++++&de=000009&ef=NTD&fg=1"
"90","財團法人林灶公祭祠公業                                              ","http://cdcb.judicial.gov.tw/abbs/wkw/WHD6K05.jsp?ab=AAAdkxAAHAAALTGAAD&bc=090&cd=%AA%6B%B5%6E%A5%4C++++++++++++++&de=000012&ef=NTD&fg=1"
"129","財團法人南投縣伽俐終生關懷社會福利基金會                            ","http://cdcb.judicial.gov.tw/abbs/wkw/WHD6K05.jsp?ab=AAAdkxAAHAAALSwAAC&bc=089&cd=%AA%6B%B5%6E%B0%5D++++++++++++++&de=000006&ef=NTD&fg=1"
"132","社團法人南投縣社會行為研究社                                        ","http://cdcb.judicial.gov.tw/abbs/wkw/WHD6K05.jsp?ab=AAAdkxAAHAAALSLAAB&bc=089&cd=%AA%6B%B5%6E%AA%C0++++++++++++++&de=000008&ef=NTD&fg=1"
"122","公益財團法人謝緯紀念營地                                    ","http://cdcb.judicial.gov.tw/abbs/wkw/WHD6K05.jsp?ab=AAAdkxAAHAAALSLAAC&bc=089&cd=%AA%6B%B5%6E%B0%5D++++++++++++++&de=000001&ef=NTD&fg=1"
"127","財團法人台灣省南投縣國姓基督教會                                    ","http://cdcb.judicial.gov.tw/abbs/wkw/WHD6K05.jsp?ab=AAAdkxAAHAAAKACAAD&bc=089&cd=%AA%6B%B5%6E%A5%4C++++++++++++++&de=000023&ef=NTD&fg=1"
"37","財團法人佛香書苑文教基金會                                          ","http://cdcb.judicial.gov.tw/abbs/wkw/WHD6K05.jsp?ab=AAAdkxAAHAAALSxAAE&bc=089&cd=%AA%6B%B5%6E%A5%4C++++++++++++++&de=000030&ef=NTD&fg=1"
"58","財團法人台灣省南投縣私立同德家事商業職業學校                        ","http://cdcb.judicial.gov.tw/abbs/wkw/WHD6K05.jsp?ab=AAAdkxAAHAAALS2AAA&bc=089&cd=%AA%6B%B5%6E%A5%4C++++++++++++++&de=000005&ef=NTD&fg=1"
"105","財團法人黃柱陳樣紀念文教基金會                                      ","http://cdcb.judicial.gov.tw/abbs/wkw/WHD6K05.jsp?ab=AAAdkxAAHAAALSpAAC&bc=088&cd=%AA%6B%B5%6E%B0%5D++++++++++++++&de=000005&ef=NTD&fg=1"
"103","社團法人南投縣竹山鎮瑞興老人會                                      ","http://cdcb.judicial.gov.tw/abbs/wkw/WHD6K05.jsp?ab=AAAdkxAAHAAAJ%2FmAAD&bc=088&cd=%AA%6B%B5%6E%AA%C0++++++++++++++&de=000001&ef=NTD&fg=1"
"106","社團法人南投縣竹山鎮瑞龍老人會                                      ","http://cdcb.judicial.gov.tw/abbs/wkw/WHD6K05.jsp?ab=AAAdkxAAHAAALS4AAD&bc=088&cd=%AA%6B%B5%6E%AA%C0++++++++++++++&de=000002&ef=NTD&fg=1"
"107","社團法人臺灣省公務機構勞工權益協進會                                ","http://cdcb.judicial.gov.tw/abbs/wkw/WHD6K05.jsp?ab=AAAdkxAAHAAALS8AAA&bc=088&cd=%AA%6B%B5%6E%AA%C0++++++++++++++&de=000003&ef=NTD&fg=1"
"112","社團法人中華民國道教科儀法師會                                      ","http://cdcb.judicial.gov.tw/abbs/wkw/WHD6K05.jsp?ab=AAAdkxAAHAAAJ%2FmAAC&bc=088&cd=%AA%6B%B5%6E%AA%C0++++++++++++++&de=000004&ef=NTD&fg=1"
"116","社團法人慈慧善行協會                                                ","http://cdcb.judicial.gov.tw/abbs/wkw/WHD6K05.jsp?ab=AAAdkxAAHAAALSsAAC&bc=088&cd=%AA%6B%B5%6E%AA%C0++++++++++++++&de=000005&ef=NTD&fg=1"
"19","社團法人南投縣山難救災防護協會                                      ","http://cdcb.judicial.gov.tw/abbs/wkw/WHD6K05.jsp?ab=AAAdkxAAHAAALTAAAB&bc=088&cd=%AA%6B%B5%6E%A5%4C++++++++++++++&de=000022&ef=NTD&fg=1"
"38","財團法人蓮池山四眾寺關懷文教基金會                                  ","http://cdcb.judicial.gov.tw/abbs/wkw/WHD6K05.jsp?ab=AAAdkxAAHAAALS1AAC&bc=088&cd=%AA%6B%B5%6E%A5%4C++++++++++++++&de=000008&ef=NTD&fg=1"
"95","社團法人南投縣消防安全研究推廣協會                                  ","http://cdcb.judicial.gov.tw/abbs/wkw/WHD6K05.jsp?ab=AAAdkxAAHAAAJ%2FbAAB&bc=087&cd=%AA%6B%B5%6E%AA%C0++++++++++++++&de=000008&ef=NTD&fg=1"
"81","財團法人圓覺宗智敏、慧華金剛上師教育基金會                          ","http://cdcb.judicial.gov.tw/abbs/wkw/WHD6K05.jsp?ab=AAAdkxAAHAAAJ%2FbAAA&bc=087&cd=%AA%6B%B5%6E%B0%5D++++++++++++++&de=000004&ef=NTD&fg=1"
"22","財團法人宋映潭先生文教基金會                                        ","http://cdcb.judicial.gov.tw/abbs/wkw/WHD6K05.jsp?ab=AAAdkxAAHAAALSoAAB&bc=087&cd=%AA%6B%B5%6E%A5%4C++++++++++++++&de=000032&ef=NTD&fg=1"
"75","社團法人南投縣竹山鎮瑞裕老人會                                      ","http://cdcb.judicial.gov.tw/abbs/wkw/WHD6K05.jsp?ab=AAAdkxAAHAAALTGAAB&bc=087&cd=%AA%6B%B5%6E%AA%C0++++++++++++++&de=000001&ef=NTD&fg=1"
"84","社團法人台灣省竹柏推展協會                                          ","http://cdcb.judicial.gov.tw/abbs/wkw/WHD6K05.jsp?ab=AAAdkxAAHAAALSoAAA&bc=087&cd=%AA%6B%B5%6E%AA%C0++++++++++++++&de=000003&ef=NTD&fg=1"
"47","財團法人中台山佛教基金會                                            ","http://cdcb.judicial.gov.tw/abbs/wkw/WHD6K05.jsp?ab=AAAdkxAAHAAAJ%2F2AAC&bc=087&cd=%AA%6B%B5%6E%A5%4C++++++++++++++&de=000016&ef=NTD&fg=1"
"52","社團法人南投縣殘障協會                                              ","http://cdcb.judicial.gov.tw/abbs/wkw/WHD6K05.jsp?ab=AAAdkxAAHAAALS3AAA&bc=087&cd=%AA%6B%B5%6E%A5%4C++++++++++++++&de=000019&ef=NTD&fg=1"
"46","財團法人南投縣私立翠亨  養護中心                                    ","http://cdcb.judicial.gov.tw/abbs/wkw/WHD6K05.jsp?ab=AAAdkxAAHAAAJ%2F2AAD&bc=087&cd=%AA%6B%B5%6E%A5%4C++++++++++++++&de=000013&ef=NTD&fg=1"
"61","社團法人南投縣盲人福利協進會                                        ","http://cdcb.judicial.gov.tw/abbs/wkw/WHD6K05.jsp?ab=AAAdkxAAHAAAJ%2FLAAB&bc=086&cd=%AA%6B%B5%6E%AA%C0++++++++++++++&de=000008&ef=NTD&fg=1"
"62","社團法人南投縣老人會                                                ","http://cdcb.judicial.gov.tw/abbs/wkw/WHD6K05.jsp?ab=AAAdkxAAHAAAJ%2FjAAC&bc=086&cd=%AA%6B%B5%6E%AA%C0++++++++++++++&de=000010&ef=NTD&fg=1"
"66","社團法人南投縣竹山鎮玫瑰老人會                                      ","http://cdcb.judicial.gov.tw/abbs/wkw/WHD6K05.jsp?ab=AAAdkxAAHAAAJ%2FLAAA&bc=086&cd=%AA%6B%B5%6E%AA%C0++++++++++++++&de=000012&ef=NTD&fg=1"
"67","社團法人南投縣竹山鎮福田社區發展協會                                ","http://cdcb.judicial.gov.tw/abbs/wkw/WHD6K05.jsp?ab=AAAdkxAAHAAAJ%2FyAAB&bc=086&cd=%AA%6B%B5%6E%AA%C0++++++++++++++&de=000013&ef=NTD&fg=1"
"68","社團法人南投縣竹山鎮中崎老人會                                      ","http://cdcb.judicial.gov.tw/abbs/wkw/WHD6K05.jsp?ab=AAAdkxAAHAAAJ%2FyAAC&bc=086&cd=%AA%6B%B5%6E%AA%C0++++++++++++++&de=000014&ef=NTD&fg=1"
"72","社團法人南投縣名間國際青年商會                                      ","http://cdcb.judicial.gov.tw/abbs/wkw/WHD6K05.jsp?ab=AAAdkxAAHAAAJ%2FyAAA&bc=086&cd=%AA%6B%B5%6E%AA%C0++++++++++++++&de=000016&ef=NTD&fg=1"
"56","財團法人先總統蔣公日月潭行  及慈恩塔管理會                          ","http://cdcb.judicial.gov.tw/abbs/wkw/WHD6K05.jsp?ab=AAAdkxAAHAAALS4AAC&bc=086&cd=%AA%6B%B5%6E%A5%4C++++++++++++++&de=000005&ef=NTD&fg=1"
"34","財團法人先總統  蔣公日月潭行館及慈恩塔管理會                        ","http://cdcb.judicial.gov.tw/abbs/wkw/WHD6K05.jsp?ab=AAAdkxAAHAAALTEAAB&bc=085&cd=%AA%6B%B5%6E%A5%4C++++++++++++++&de=000005&ef=NTD&fg=1"
"16","社團法人中華民國台灣原住民同舟協會                                  ","http://cdcb.judicial.gov.tw/abbs/wkw/WHD6K05.jsp?ab=AAAdkxAAHAAALUIAAI&bc=084&cd=%AA%6B%B5%6E%AA%C0++++++++++++++&de=000001&ef=NTD&fg=1"
"17","社團法人南投縣泥水業職業工會                                        ","http://cdcb.judicial.gov.tw/abbs/wkw/WHD6K05.jsp?ab=AAAdkxAAHAAALSxAAD&bc=084&cd=%AA%6B%B5%6E%AA%C0++++++++++++++&de=000002&ef=NTD&fg=1"
"5","財團法人勞工教育學院文教基金會                                      ","http://cdcb.judicial.gov.tw/abbs/wkw/WHD6K05.jsp?ab=AAAdkxAAHAAAJ%2FqAAB&bc=084&cd=%AA%6B%B5%6E%B0%5D++++++++++++++&de=000001&ef=NTD&fg=1"
"39","財團法人新南投發展基金會                                            ","http://cdcb.judicial.gov.tw/abbs/wkw/WHD6K05.jsp?ab=AAAdkxAAHAAALSbAAD&bc=081&cd=%AA%6B%B5%6E++++++++++++++++&de=000514&ef=NTD&fg=1"
"","財團法人水里天主教嚴規熙篤隱修會","http://cdcb.judicial.gov.tw/abbs/wkw/WHD6K05.jsp?ab=AAAdkxAAHAAALSXAAE&bc=082&cd=%AA%6B%B5%6E%A5%4C++++++++++++++&de=000457&ef=NTD&fg=1"
"2","財團法人南投縣私立金剛山仁愛之家                                    ","http://cdcb.judicial.gov.tw/abbs/wkw/WHD6K05.jsp?ab=AAAdkxAAHAAALSXAAB&bc=083&cd=%AA%6B%B5%6E++++++++++++++++&de=000003&ef=NTD&fg=1"
