"509","社團法人屏東縣心安草關懷協會","http://cdcb.judicial.gov.tw/abbs/wkw/WHD6K05.jsp?ab=AAAdkxAAHAAAGqKAAH&bc=103&cd=%AA%6B%B5%6E%AA%C0++++++++++++++&de=000007&ef=PTD&fg=1"
"510","社團法人屏東縣林邊鄉戴氏宗親會","http://cdcb.judicial.gov.tw/abbs/wkw/WHD6K05.jsp?ab=AAAdkxAAHAAAGoRAAJ&bc=103&cd=%AA%6B%B5%6E%AA%C0++++++++++++++&de=000008&ef=PTD&fg=1"
"513","社團法人屏東縣萬丹鄉道教乾坤活道元母洞學會","http://cdcb.judicial.gov.tw/abbs/wkw/WHD6K05.jsp?ab=AAAdkxAAHAAAGtQAAC&bc=103&cd=%AA%6B%B5%6E%AA%C0++++++++++++++&de=000009&ef=PTD&fg=1"
"514","社團法人屏東縣鎮海全人發展關懷協會","http://cdcb.judicial.gov.tw/abbs/wkw/WHD6K05.jsp?ab=AAAdkxAAHAAAGtuAAE&bc=103&cd=%AA%6B%B5%6E%AA%C0++++++++++++++&de=000010&ef=PTD&fg=1"
"515","社團法人中華舍利文化研究發展協會","http://cdcb.judicial.gov.tw/abbs/wkw/WHD6K05.jsp?ab=AAAdkxAAHAAAGu%2BAAI&bc=103&cd=%AA%6B%B5%6E%AA%C0++++++++++++++&de=000011&ef=PTD&fg=1"
"516","社團法人屏東縣理想家庭促進協會","http://cdcb.judicial.gov.tw/abbs/wkw/WHD6K05.jsp?ab=AAAdkxAAHAAAGufAAI&bc=103&cd=%AA%6B%B5%6E%AA%C0++++++++++++++&de=000012&ef=PTD&fg=1"
"512","財團法人蕭勤國際文化藝術基金會","http://cdcb.judicial.gov.tw/abbs/wkw/WHD6K05.jsp?ab=AAAdkxAAHAAAGswAAA&bc=103&cd=%AA%6B%B5%6E%B0%5D++++++++++++++&de=000001&ef=PTD&fg=1"
"27","財團法人台灣省屏東縣私立華洲高級工家職業學校","http://cdcb.judicial.gov.tw/abbs/wkw/WHD6K05.jsp?ab=AAAdkxAAHAAAGtsAAG&bc=103&cd=%AA%6B%B5%6E%A5%4C++++++++++++++&de=000045&ef=PTD&fg=1"
"211","高鳳學校財團法人","http://cdcb.judicial.gov.tw/abbs/wkw/WHD6K05.jsp?ab=AAAdkxAAHAAAGt8AAE&bc=103&cd=%AA%6B%B5%6E%A5%4C++++++++++++++&de=000046&ef=PTD&fg=1"
"48","財團法人台灣省私立孝愛仁愛之家","http://cdcb.judicial.gov.tw/abbs/wkw/WHD6K05.jsp?ab=AAAdkxAAHAAAGuSAAJ&bc=103&cd=%AA%6B%B5%6E%A5%4C++++++++++++++&de=000047&ef=PTD&fg=1"
"138","財團法人禮圓文化教育基金會","http://cdcb.judicial.gov.tw/abbs/wkw/WHD6K05.jsp?ab=AAAdkxAAHAAAGuNAAB&bc=103&cd=%AA%6B%B5%6E%A5%4C++++++++++++++&de=000048&ef=PTD&fg=1"
"503","社團法人屏東縣聖恩文教協會","http://cdcb.judicial.gov.tw/abbs/wkw/WHD6K05.jsp?ab=AAAdkxAAHAAAGrOAAI&bc=103&cd=%AA%6B%B5%6E%AA%C0++++++++++++++&de=000001&ef=PTD&fg=1"
"504","社團法人屏東縣日新照顧關懷服務協會","http://cdcb.judicial.gov.tw/abbs/wkw/WHD6K05.jsp?ab=AAAdkxAAHAAAGpgAAG&bc=103&cd=%AA%6B%B5%6E%AA%C0++++++++++++++&de=000002&ef=PTD&fg=1"
"505","社團法人屏東縣新園鄉青年服務協會","http://cdcb.judicial.gov.tw/abbs/wkw/WHD6K05.jsp?ab=AAAdkxAAHAAAGqFAAE&bc=103&cd=%AA%6B%B5%6E%AA%C0++++++++++++++&de=000003&ef=PTD&fg=1"
"506","社團法人中華基督教沙瑪敬拜禱告協會","http://cdcb.judicial.gov.tw/abbs/wkw/WHD6K05.jsp?ab=AAAdkxAAHAAAGq2AAD&bc=103&cd=%AA%6B%B5%6E%AA%C0++++++++++++++&de=000004&ef=PTD&fg=1"
"507","社團法人屏東縣愛整體美學發展協會","http://cdcb.judicial.gov.tw/abbs/wkw/WHD6K05.jsp?ab=AAAdkxAAHAAAGpqAAG&bc=103&cd=%AA%6B%B5%6E%AA%C0++++++++++++++&de=000005&ef=PTD&fg=1"
"508","社團法人屏東縣消費性服務人員推廣協會","http://cdcb.judicial.gov.tw/abbs/wkw/WHD6K05.jsp?ab=AAAdkxAAHAAAGqvAAJ&bc=103&cd=%AA%6B%B5%6E%AA%C0++++++++++++++&de=000006&ef=PTD&fg=1"
"11","屏基醫療財團法人","http://cdcb.judicial.gov.tw/abbs/wkw/WHD6K05.jsp?ab=AAAdkxAAHAAAGssAAK&bc=103&cd=%AA%6B%B5%6E%A5%4C++++++++++++++&de=000034&ef=PTD&fg=1"
"71","財團法人屏東縣私立基督教伯大尼之家","http://cdcb.judicial.gov.tw/abbs/wkw/WHD6K05.jsp?ab=AAAdkxAAHAAAGtAAAG&bc=103&cd=%AA%6B%B5%6E%A5%4C++++++++++++++&de=000035&ef=PTD&fg=1"
"499","社團法人屏東縣關懷身心障礙者就業權利促進聯盟","http://cdcb.judicial.gov.tw/abbs/wkw/WHD6K05.jsp?ab=AAAdkxAAHAAAGsyAAA&bc=103&cd=%AA%6B%B5%6E%A5%4C++++++++++++++&de=000037&ef=PTD&fg=1"
"183","財團法人屏東縣私立清境家園社會福利慈善事業基金會","http://cdcb.judicial.gov.tw/abbs/wkw/WHD6K05.jsp?ab=AAAdkxAAHAAAGsbAAF&bc=103&cd=%AA%6B%B5%6E%A5%4C++++++++++++++&de=000038&ef=PTD&fg=1"
"332","社團法人中華民國農科園區產學協會","http://cdcb.judicial.gov.tw/abbs/wkw/WHD6K05.jsp?ab=AAAdkxAAHAAAGs3AAI&bc=103&cd=%AA%6B%B5%6E%A5%4C++++++++++++++&de=000039&ef=PTD&fg=1"
"50","財團法人台灣省屏東縣屏東基督教會","http://cdcb.judicial.gov.tw/abbs/wkw/WHD6K05.jsp?ab=AAAdkxAAHAAAGtYAAE&bc=103&cd=%AA%6B%B5%6E%A5%4C++++++++++++++&de=000040&ef=PTD&fg=1"
"118","社團法人屏東縣殘障服務協會","http://cdcb.judicial.gov.tw/abbs/wkw/WHD6K05.jsp?ab=AAAdkxAAHAAAGtYAAF&bc=103&cd=%AA%6B%B5%6E%A5%4C++++++++++++++&de=000041&ef=PTD&fg=1"
"76","社團法人屏東縣屏東市潭墘社區發展協會","http://cdcb.judicial.gov.tw/abbs/wkw/WHD6K05.jsp?ab=AAAdkxAAHAAAGtnAAE&bc=103&cd=%AA%6B%B5%6E%A5%4C++++++++++++++&de=000042&ef=PTD&fg=1"
"61","財團法人屏東縣文化基金會","http://cdcb.judicial.gov.tw/abbs/wkw/WHD6K05.jsp?ab=AAAdkxAAHAAAGtQAAD&bc=103&cd=%AA%6B%B5%6E%A5%4C++++++++++++++&de=000043&ef=PTD&fg=1"
"32","財團法人台灣省屏東縣北勢寮保安宮","http://cdcb.judicial.gov.tw/abbs/wkw/WHD6K05.jsp?ab=AAAdkxAAHAAAGtuAAF&bc=103&cd=%AA%6B%B5%6E%A5%4C++++++++++++++&de=000044&ef=PTD&fg=1"
"222","財團法人屏東縣私立國淳社會福利慈善事業基金會","http://cdcb.judicial.gov.tw/abbs/wkw/WHD6K05.jsp?ab=AAAdkxAAHAAAGq3AAH&bc=103&cd=%AA%6B%B5%6E%A5%4C++++++++++++++&de=000024&ef=PTD&fg=1"
"360","社團法人屏東縣萬年溪保育協會","http://cdcb.judicial.gov.tw/abbs/wkw/WHD6K05.jsp?ab=AAAdkxAAHAAAGrxAAI&bc=103&cd=%AA%6B%B5%6E%A5%4C++++++++++++++&de=000025&ef=PTD&fg=1"
"51","財團法人六堆文化教育基金會","http://cdcb.judicial.gov.tw/abbs/wkw/WHD6K05.jsp?ab=AAAdkxAAHAAAGsBAAE&bc=103&cd=%AA%6B%B5%6E%A5%4C++++++++++++++&de=000026&ef=PTD&fg=1"
"98","財團法人國立屏東高級中學文教基金會","http://cdcb.judicial.gov.tw/abbs/wkw/WHD6K05.jsp?ab=AAAdkxAAHAAAGryAAJ&bc=103&cd=%AA%6B%B5%6E%A5%4C++++++++++++++&de=000027&ef=PTD&fg=1"
"73","陸興學校財團法人","http://cdcb.judicial.gov.tw/abbs/wkw/WHD6K05.jsp?ab=AAAdkxAAHAAAGrjAAG&bc=103&cd=%AA%6B%B5%6E%A5%4C++++++++++++++&de=000028&ef=PTD&fg=1"
"131","社團法人屏東縣盲人福利協進會","http://cdcb.judicial.gov.tw/abbs/wkw/WHD6K05.jsp?ab=AAAdkxAAHAAAGr0AAD&bc=103&cd=%AA%6B%B5%6E%A5%4C++++++++++++++&de=000029&ef=PTD&fg=1"
"116","社團法人屏東縣慈暉社","http://cdcb.judicial.gov.tw/abbs/wkw/WHD6K05.jsp?ab=AAAdkxAAHAAAGrlAAB&bc=103&cd=%AA%6B%B5%6E%A5%4C++++++++++++++&de=000030&ef=PTD&fg=1"
"511","財團法人台灣聖心文教基金會","http://cdcb.judicial.gov.tw/abbs/wkw/WHD6K05.jsp?ab=AAAdkxAAHAAAGsFAAB&bc=103&cd=%AA%6B%B5%6E%A5%4C++++++++++++++&de=000031&ef=PTD&fg=1"
"127","社團法人屏東縣自閉症協進會","http://cdcb.judicial.gov.tw/abbs/wkw/WHD6K05.jsp?ab=AAAdkxAAHAAAGssAAC&bc=103&cd=%AA%6B%B5%6E%A5%4C++++++++++++++&de=000032&ef=PTD&fg=1"
"123","財團法人永達技術學院社區總體營造文教基金會","http://cdcb.judicial.gov.tw/abbs/wkw/WHD6K05.jsp?ab=AAAdkxAAHAAAGssAAD&bc=103&cd=%AA%6B%B5%6E%A5%4C++++++++++++++&de=000033&ef=PTD&fg=1"
"180","社團法人屏東縣家長協會","http://cdcb.judicial.gov.tw/abbs/wkw/WHD6K05.jsp?ab=AAAdkxAAHAAAGoNAAG&bc=103&cd=%AA%6B%B5%6E%A5%4C++++++++++++++&de=000014&ef=PTD&fg=1"
"333","社團法人屏東縣原住民全人關懷促進協會","http://cdcb.judicial.gov.tw/abbs/wkw/WHD6K05.jsp?ab=AAAdkxAAHAAAGpxAAF&bc=103&cd=%AA%6B%B5%6E%A5%4C++++++++++++++&de=000015&ef=PTD&fg=1"
"81","社團法人屏東縣志願服務協會","http://cdcb.judicial.gov.tw/abbs/wkw/WHD6K05.jsp?ab=AAAdkxAAHAAAGqvAAC&bc=103&cd=%AA%6B%B5%6E%A5%4C++++++++++++++&de=000016&ef=PTD&fg=1"
"186","社團法人屏東縣癲癇之友服務協會","http://cdcb.judicial.gov.tw/abbs/wkw/WHD6K05.jsp?ab=AAAdkxAAHAAAGr%2FAAD&bc=103&cd=%AA%6B%B5%6E%A5%4C++++++++++++++&de=000017&ef=PTD&fg=1"
"248","社團法人屏東縣失智症服務協會","http://cdcb.judicial.gov.tw/abbs/wkw/WHD6K05.jsp?ab=AAAdkxAAHAAAGrkAAB&bc=103&cd=%AA%6B%B5%6E%A5%4C++++++++++++++&de=000018&ef=PTD&fg=1"
"281","社團法人中華溝通分析協會","http://cdcb.judicial.gov.tw/abbs/wkw/WHD6K05.jsp?ab=AAAdkxAAHAAAGp3AAH&bc=103&cd=%AA%6B%B5%6E%A5%4C++++++++++++++&de=000019&ef=PTD&fg=1"
"298","社團法人屏東縣福德慈善會","http://cdcb.judicial.gov.tw/abbs/wkw/WHD6K05.jsp?ab=AAAdkxAAHAAAGp3AAG&bc=103&cd=%AA%6B%B5%6E%A5%4C++++++++++++++&de=000020&ef=PTD&fg=1"
"150","財團法人屏東縣私立迦南身心障礙養護院","http://cdcb.judicial.gov.tw/abbs/wkw/WHD6K05.jsp?ab=AAAdkxAAHAAAGrgAAJ&bc=103&cd=%AA%6B%B5%6E%A5%4C++++++++++++++&de=000021&ef=PTD&fg=1"
"221","財團法人行政院農業委員會林務局屏東林區管理處職工福利委員會","http://cdcb.judicial.gov.tw/abbs/wkw/WHD6K05.jsp?ab=AAAdkxAAHAAAGoRAAK&bc=103&cd=%AA%6B%B5%6E%A5%4C++++++++++++++&de=000022&ef=PTD&fg=1"
"103","社團法人屏東縣脊髓損傷者協會","http://cdcb.judicial.gov.tw/abbs/wkw/WHD6K05.jsp?ab=AAAdkxAAHAAAGoRAAI&bc=103&cd=%AA%6B%B5%6E%A5%4C++++++++++++++&de=000023&ef=PTD&fg=1"
"209","財團法人屏東縣私立山村社會福利慈善事業基金會","http://cdcb.judicial.gov.tw/abbs/wkw/WHD6K05.jsp?ab=AAAdkxAAHAAAGphAAA&bc=103&cd=%AA%6B%B5%6E%A5%4C++++++++++++++&de=000004&ef=PTD&fg=1"
"393","社團法人屏東縣美食交流協會","http://cdcb.judicial.gov.tw/abbs/wkw/WHD6K05.jsp?ab=AAAdkxAAHAAAGpFAAC&bc=103&cd=%AA%6B%B5%6E%A5%4C++++++++++++++&de=000005&ef=PTD&fg=1"
"355","財團法人屏東基督教日光園","http://cdcb.judicial.gov.tw/abbs/wkw/WHD6K05.jsp?ab=AAAdkxAAHAAAGpvAAB&bc=103&cd=%AA%6B%B5%6E%A5%4C++++++++++++++&de=000006&ef=PTD&fg=1"
"56","財團法人台灣省屏東縣東港東隆宮","http://cdcb.judicial.gov.tw/abbs/wkw/WHD6K05.jsp?ab=AAAdkxAAHAAAGpvAAA&bc=103&cd=%AA%6B%B5%6E%A5%4C++++++++++++++&de=000007&ef=PTD&fg=1"
"24","財團法人臺灣省屏東縣私立新基高級中學","http://cdcb.judicial.gov.tw/abbs/wkw/WHD6K05.jsp?ab=AAAdkxAAHAAAGpgAAI&bc=103&cd=%AA%6B%B5%6E%A5%4C++++++++++++++&de=000008&ef=PTD&fg=1"
"292","社團法人屏東縣春日鄉青壯會","http://cdcb.judicial.gov.tw/abbs/wkw/WHD6K05.jsp?ab=AAAdkxAAHAAAGpgAAH&bc=103&cd=%AA%6B%B5%6E%A5%4C++++++++++++++&de=000009&ef=PTD&fg=1"
"14","美和學校財團法人","http://cdcb.judicial.gov.tw/abbs/wkw/WHD6K05.jsp?ab=AAAdkxAAHAAAGpwAAB&bc=103&cd=%AA%6B%B5%6E%A5%4C++++++++++++++&de=000010&ef=PTD&fg=1"
"213","財團法人屏東縣私立福慧社會福利慈善事業基金會","http://cdcb.judicial.gov.tw/abbs/wkw/WHD6K05.jsp?ab=AAAdkxAAHAAAGqkAAK&bc=103&cd=%AA%6B%B5%6E%A5%4C++++++++++++++&de=000011&ef=PTD&fg=1"
"77","財團法人中華基督教屏東浸信會","http://cdcb.judicial.gov.tw/abbs/wkw/WHD6K05.jsp?ab=AAAdkxAAHAAAGqkAAL&bc=103&cd=%AA%6B%B5%6E%A5%4C++++++++++++++&de=000012&ef=PTD&fg=1"
"326","社團法人屏東縣普賢行願關懷協會","http://cdcb.judicial.gov.tw/abbs/wkw/WHD6K05.jsp?ab=AAAdkxAAHAAAGoOAAC&bc=103&cd=%AA%6B%B5%6E%A5%4C++++++++++++++&de=000013&ef=PTD&fg=1"
"500","社團法人屏東縣全民運動發展協會","http://cdcb.judicial.gov.tw/abbs/wkw/WHD6K05.jsp?ab=AAAdkxAAHAAAGpKAAE&bc=102&cd=%AA%6B%B5%6E%AA%C0++++++++++++++&de=000025&ef=PTD&fg=1"
"501","社團法人台灣有愛全人關懷協會","http://cdcb.judicial.gov.tw/abbs/wkw/WHD6K05.jsp?ab=AAAdkxAAHAAAGpeAAH&bc=102&cd=%AA%6B%B5%6E%AA%C0++++++++++++++&de=000026&ef=PTD&fg=1"
"476","財團法人屏東縣私立畢嘉士社會福利基金會","http://cdcb.judicial.gov.tw/abbs/wkw/WHD6K05.jsp?ab=AAAdkxAAHAAAGhgAAK&bc=102&cd=%AA%6B%B5%6E%B0%5D++++++++++++++&de=000001&ef=PTD&fg=1"
"481","財團法人台灣基督長老教會屏東春日教會","http://cdcb.judicial.gov.tw/abbs/wkw/WHD6K05.jsp?ab=AAAdkxAAHAAAGl9AAE&bc=102&cd=%AA%6B%B5%6E%B0%5D++++++++++++++&de=000002&ef=PTD&fg=1"
"483","財團法人覺榕教育基金會","http://cdcb.judicial.gov.tw/abbs/wkw/WHD6K05.jsp?ab=AAAdkxAAHAAAGmPAAI&bc=102&cd=%AA%6B%B5%6E%B0%5D++++++++++++++&de=000003&ef=PTD&fg=1"
"484","財團法人屏東市南鯤鯓代天宮","http://cdcb.judicial.gov.tw/abbs/wkw/WHD6K05.jsp?ab=AAAdkxAAHAAAGnPAAH&bc=102&cd=%AA%6B%B5%6E%B0%5D++++++++++++++&de=000004&ef=PTD&fg=1"
"502","財團法人泰安教育基金會","http://cdcb.judicial.gov.tw/abbs/wkw/WHD6K05.jsp?ab=AAAdkxAAHAAAGpTAAD&bc=102&cd=%AA%6B%B5%6E%B0%5D++++++++++++++&de=000005&ef=PTD&fg=1"
"117","財團法人蘇天生文教基金會","http://cdcb.judicial.gov.tw/abbs/wkw/WHD6K05.jsp?ab=AAAdkxAAHAAAGqEAAE&bc=103&cd=%AA%6B%B5%6E%A5%4C++++++++++++++&de=000001&ef=PTD&fg=1"
"53","屏榮學校財團法人","http://cdcb.judicial.gov.tw/abbs/wkw/WHD6K05.jsp?ab=AAAdkxAAHAAAGqEAAF&bc=103&cd=%AA%6B%B5%6E%A5%4C++++++++++++++&de=000002&ef=PTD&fg=1"
"104","財團法人李良玉畜牧獸醫學文教基金會","http://cdcb.judicial.gov.tw/abbs/wkw/WHD6K05.jsp?ab=AAAdkxAAHAAAGq8AAA&bc=103&cd=%AA%6B%B5%6E%A5%4C++++++++++++++&de=000003&ef=PTD&fg=1"
"490","社團法人屏東縣洪姓宗親會","http://cdcb.judicial.gov.tw/abbs/wkw/WHD6K05.jsp?ab=AAAdkxAAHAAAGnmAAF&bc=102&cd=%AA%6B%B5%6E%AA%C0++++++++++++++&de=000015&ef=PTD&fg=1"
"491","社團法人屏東縣東港鎮大潭老人福利協會","http://cdcb.judicial.gov.tw/abbs/wkw/WHD6K05.jsp?ab=AAAdkxAAHAAAGmqAAD&bc=102&cd=%AA%6B%B5%6E%AA%C0++++++++++++++&de=000016&ef=PTD&fg=1"
"492","社團法人屏東縣長榮大學校友會","http://cdcb.judicial.gov.tw/abbs/wkw/WHD6K05.jsp?ab=AAAdkxAAHAAAGn6AAE&bc=102&cd=%AA%6B%B5%6E%AA%C0++++++++++++++&de=000017&ef=PTD&fg=1"
"493","社團法人屏東縣滿州鄉老人會","http://cdcb.judicial.gov.tw/abbs/wkw/WHD6K05.jsp?ab=AAAdkxAAHAAAGnTAAG&bc=102&cd=%AA%6B%B5%6E%AA%C0++++++++++++++&de=000018&ef=PTD&fg=1"
"494","社團法人福爾摩沙族群融合文化發展協會","http://cdcb.judicial.gov.tw/abbs/wkw/WHD6K05.jsp?ab=AAAdkxAAHAAAGnEAAI&bc=102&cd=%AA%6B%B5%6E%AA%C0++++++++++++++&de=000019&ef=PTD&fg=1"
"495","社團法人屏東縣屏東市調酒協會","http://cdcb.judicial.gov.tw/abbs/wkw/WHD6K05.jsp?ab=AAAdkxAAHAAAGnFAAE&bc=102&cd=%AA%6B%B5%6E%AA%C0++++++++++++++&de=000020&ef=PTD&fg=1"
"496","社團法人屏東縣大願心意關懷協會","http://cdcb.judicial.gov.tw/abbs/wkw/WHD6K05.jsp?ab=AAAdkxAAHAAAGo3AAJ&bc=102&cd=%AA%6B%B5%6E%AA%C0++++++++++++++&de=000021&ef=PTD&fg=1"
"497","社團法人屏東縣東港鎮大潭社區發展協會","http://cdcb.judicial.gov.tw/abbs/wkw/WHD6K05.jsp?ab=AAAdkxAAHAAAGp7AAG&bc=102&cd=%AA%6B%B5%6E%AA%C0++++++++++++++&de=000022&ef=PTD&fg=1"
"498","社團法人台灣原住民族希望工程發展協會","http://cdcb.judicial.gov.tw/abbs/wkw/WHD6K05.jsp?ab=AAAdkxAAHAAAGqbAAL&bc=102&cd=%AA%6B%B5%6E%AA%C0++++++++++++++&de=000023&ef=PTD&fg=1"
"477","社團法人屏東縣藝術美學文化推廣協會","http://cdcb.judicial.gov.tw/abbs/wkw/WHD6K05.jsp?ab=AAAdkxAAHAAAGgkAAG&bc=102&cd=%AA%6B%B5%6E%AA%C0++++++++++++++&de=000005&ef=PTD&fg=1"
"478","社團法人屏東縣都市原住民全人發展關懷協會","http://cdcb.judicial.gov.tw/abbs/wkw/WHD6K05.jsp?ab=AAAdkxAAHAAAGlNAAJ&bc=102&cd=%AA%6B%B5%6E%AA%C0++++++++++++++&de=000006&ef=PTD&fg=1"
"479","社團法人中華民國愛家青少年關懷協會","http://cdcb.judicial.gov.tw/abbs/wkw/WHD6K05.jsp?ab=AAAdkxAAHAAAGlNAAK&bc=102&cd=%AA%6B%B5%6E%AA%C0++++++++++++++&de=000007&ef=PTD&fg=1"
"480","社團法人台灣原住民全人發展關懷協會","http://cdcb.judicial.gov.tw/abbs/wkw/WHD6K05.jsp?ab=AAAdkxAAHAAAGlGAAL&bc=102&cd=%AA%6B%B5%6E%AA%C0++++++++++++++&de=000008&ef=PTD&fg=1"
"482","社團法人屏東縣東港鎮下頭角宋江陣文化發展協會","http://cdcb.judicial.gov.tw/abbs/wkw/WHD6K05.jsp?ab=AAAdkxAAHAAAGmPAAH&bc=102&cd=%AA%6B%B5%6E%AA%C0++++++++++++++&de=000009&ef=PTD&fg=1"
"485","社團法人屏東縣東港鎮下頭角轎班促進會","http://cdcb.judicial.gov.tw/abbs/wkw/WHD6K05.jsp?ab=AAAdkxAAHAAAGmMAAK&bc=102&cd=%AA%6B%B5%6E%AA%C0++++++++++++++&de=000010&ef=PTD&fg=1"
"486","社團法人屏東縣瑪家鄉全人發展照護關懷協會","http://cdcb.judicial.gov.tw/abbs/wkw/WHD6K05.jsp?ab=AAAdkxAAHAAAGnJAAH&bc=102&cd=%AA%6B%B5%6E%AA%C0++++++++++++++&de=000011&ef=PTD&fg=1"
"487","社團法人屏東縣環境保護聯盟","http://cdcb.judicial.gov.tw/abbs/wkw/WHD6K05.jsp?ab=AAAdkxAAHAAAGn8AAH&bc=102&cd=%AA%6B%B5%6E%AA%C0++++++++++++++&de=000012&ef=PTD&fg=1"
"488","社團法人屏東縣民眾服務社","http://cdcb.judicial.gov.tw/abbs/wkw/WHD6K05.jsp?ab=AAAdkxAAHAAAGmyAAD&bc=102&cd=%AA%6B%B5%6E%AA%C0++++++++++++++&de=000013&ef=PTD&fg=1"
"489","社團法人台灣社區互助照顧行動協會","http://cdcb.judicial.gov.tw/abbs/wkw/WHD6K05.jsp?ab=AAAdkxAAHAAAGnmAAG&bc=102&cd=%AA%6B%B5%6E%AA%C0++++++++++++++&de=000014&ef=PTD&fg=1"
"255","財團法人屏東縣私立青山育幼院","http://cdcb.judicial.gov.tw/abbs/wkw/WHD6K05.jsp?ab=AAAdkxAAHAAAGqtAAD&bc=102&cd=%AA%6B%B5%6E%A5%4C++++++++++++++&de=000087&ef=PTD&fg=1"
"7","財團法人屏東縣私立美和高級中學","http://cdcb.judicial.gov.tw/abbs/wkw/WHD6K05.jsp?ab=AAAdkxAAHAAAGpKAAF&bc=102&cd=%AA%6B%B5%6E%A5%4C++++++++++++++&de=000088&ef=PTD&fg=1"
"16","財團法人大仁科技大學","http://cdcb.judicial.gov.tw/abbs/wkw/WHD6K05.jsp?ab=AAAdkxAAHAAAGpEAAA&bc=102&cd=%AA%6B%B5%6E%A5%4C++++++++++++++&de=000089&ef=PTD&fg=1"
"239","社團法人屏東縣迦拿社會福利服務協會","http://cdcb.judicial.gov.tw/abbs/wkw/WHD6K05.jsp?ab=AAAdkxAAHAAAGpBAAJ&bc=102&cd=%AA%6B%B5%6E%A5%4C++++++++++++++&de=000091&ef=PTD&fg=1"
"384","財團法人中華傳統文化教育基金會","http://cdcb.judicial.gov.tw/abbs/wkw/WHD6K05.jsp?ab=AAAdkxAAHAAAGqeAAB&bc=102&cd=%AA%6B%B5%6E%A5%4C++++++++++++++&de=000092&ef=PTD&fg=1"
"472","社團法人台灣地區農機生機科技發展協會","http://cdcb.judicial.gov.tw/abbs/wkw/WHD6K05.jsp?ab=AAAdkxAAHAAAGgvAAF&bc=102&cd=%AA%6B%B5%6E%AA%C0++++++++++++++&de=000001&ef=PTD&fg=1"
"473","社團法人屏東縣職能發展訓練協會","http://cdcb.judicial.gov.tw/abbs/wkw/WHD6K05.jsp?ab=AAAdkxAAHAAAGh6AAI&bc=102&cd=%AA%6B%B5%6E%AA%C0++++++++++++++&de=000002&ef=PTD&fg=1"
"474","社團法人中華民國竹蜻蜓快樂學習家族協會","http://cdcb.judicial.gov.tw/abbs/wkw/WHD6K05.jsp?ab=AAAdkxAAHAAAGi6AAE&bc=102&cd=%AA%6B%B5%6E%AA%C0++++++++++++++&de=000003&ef=PTD&fg=1"
"475","社團法人屏東縣美容美髮從業人員交流協會","http://cdcb.judicial.gov.tw/abbs/wkw/WHD6K05.jsp?ab=AAAdkxAAHAAAGhgAAB&bc=102&cd=%AA%6B%B5%6E%AA%C0++++++++++++++&de=000004&ef=PTD&fg=1"
"407","社團法人屏東縣建築師公會","http://cdcb.judicial.gov.tw/abbs/wkw/WHD6K05.jsp?ab=AAAdkxAAHAAAGooAAH&bc=102&cd=%AA%6B%B5%6E%A5%4C++++++++++++++&de=000078&ef=PTD&fg=1"
"410","社團法人屏東縣恆春鎮吳氏宗親會","http://cdcb.judicial.gov.tw/abbs/wkw/WHD6K05.jsp?ab=AAAdkxAAHAAAGpoAAH&bc=102&cd=%AA%6B%B5%6E%A5%4C++++++++++++++&de=000079&ef=PTD&fg=1"
"304","社團法人屏東縣屏東市基督徒傳教協進會","http://cdcb.judicial.gov.tw/abbs/wkw/WHD6K05.jsp?ab=AAAdkxAAHAAAGqoAAH&bc=102&cd=%AA%6B%B5%6E%A5%4C++++++++++++++&de=000080&ef=PTD&fg=1"
"187","社團法人屏東縣原住民文教協會","http://cdcb.judicial.gov.tw/abbs/wkw/WHD6K05.jsp?ab=AAAdkxAAHAAAGqoAAG&bc=102&cd=%AA%6B%B5%6E%A5%4C++++++++++++++&de=000081&ef=PTD&fg=1"
"432","社團法人屏東縣不動產經紀人公會","http://cdcb.judicial.gov.tw/abbs/wkw/WHD6K05.jsp?ab=AAAdkxAAHAAAGq4AAE&bc=102&cd=%AA%6B%B5%6E%A5%4C++++++++++++++&de=000082&ef=PTD&fg=1"
"59","財團法人屏東縣私立屏東啟智教養院","http://cdcb.judicial.gov.tw/abbs/wkw/WHD6K05.jsp?ab=AAAdkxAAHAAAGpcAAB&bc=102&cd=%AA%6B%B5%6E%A5%4C++++++++++++++&de=000083&ef=PTD&fg=1"
"38","財團法人屏東縣東港朝隆宮","http://cdcb.judicial.gov.tw/abbs/wkw/WHD6K05.jsp?ab=AAAdkxAAHAAAGqrAAA&bc=102&cd=%AA%6B%B5%6E%A5%4C++++++++++++++&de=000084&ef=PTD&fg=1"
"331","社團法人台灣農業關懷使命團","http://cdcb.judicial.gov.tw/abbs/wkw/WHD6K05.jsp?ab=AAAdkxAAHAAAGo1AAA&bc=102&cd=%AA%6B%B5%6E%A5%4C++++++++++++++&de=000085&ef=PTD&fg=1"
"13","財團法人慈惠醫護管理專科學校","http://cdcb.judicial.gov.tw/abbs/wkw/WHD6K05.jsp?ab=AAAdkxAAHAAAGo0AAI&bc=102&cd=%AA%6B%B5%6E%A5%4C++++++++++++++&de=000086&ef=PTD&fg=1"
"271","社團法人屏東縣社區大學文教發展協會","http://cdcb.judicial.gov.tw/abbs/wkw/WHD6K05.jsp?ab=AAAdkxAAHAAAGkTAAB&bc=102&cd=%AA%6B%B5%6E%A5%4C++++++++++++++&de=000068&ef=PTD&fg=1"
"40","恆基醫療財團法人","http://cdcb.judicial.gov.tw/abbs/wkw/WHD6K05.jsp?ab=AAAdkxAAHAAAGmjAAE&bc=102&cd=%AA%6B%B5%6E%A5%4C++++++++++++++&de=000070&ef=PTD&fg=1"
"330","社團法人屏東縣東港鎮豐隆堂轎班促進會","http://cdcb.judicial.gov.tw/abbs/wkw/WHD6K05.jsp?ab=AAAdkxAAHAAAGkXAAC&bc=102&cd=%AA%6B%B5%6E%A5%4C++++++++++++++&de=000072&ef=PTD&fg=1"
"236","社團法人屏東縣天聖文化聯盟","http://cdcb.judicial.gov.tw/abbs/wkw/WHD6K05.jsp?ab=AAAdkxAAHAAAGoDAAF&bc=102&cd=%AA%6B%B5%6E%A5%4C++++++++++++++&de=000073&ef=PTD&fg=1"
"273","社團法人屏東縣瓊麻園城鄉文教發展協會","http://cdcb.judicial.gov.tw/abbs/wkw/WHD6K05.jsp?ab=AAAdkxAAHAAAGmUAAH&bc=102&cd=%AA%6B%B5%6E%A5%4C++++++++++++++&de=000074&ef=PTD&fg=1"
"267","社團法人屏東縣花木蘭文化產業發展協會","http://cdcb.judicial.gov.tw/abbs/wkw/WHD6K05.jsp?ab=AAAdkxAAHAAAGoYAAF&bc=102&cd=%AA%6B%B5%6E%A5%4C++++++++++++++&de=000076&ef=PTD&fg=1"
"155","財團法人屏東城鄉發展文教基金會","http://cdcb.judicial.gov.tw/abbs/wkw/WHD6K05.jsp?ab=AAAdkxAAHAAAGnPAAI&bc=102&cd=%AA%6B%B5%6E%A5%4C++++++++++++++&de=000057&ef=PTD&fg=1"
"223","財團法人飛亞航空教育基金會","http://cdcb.judicial.gov.tw/abbs/wkw/WHD6K05.jsp?ab=AAAdkxAAHAAAGnAAAE&bc=102&cd=%AA%6B%B5%6E%A5%4C++++++++++++++&de=000058&ef=PTD&fg=1"
"78","財團法人新約教會屏東教會","http://cdcb.judicial.gov.tw/abbs/wkw/WHD6K05.jsp?ab=AAAdkxAAHAAAGoAAAD&bc=102&cd=%AA%6B%B5%6E%A5%4C++++++++++++++&de=000059&ef=PTD&fg=1"
"195","社團法人屏東縣六堆文化研究學會","http://cdcb.judicial.gov.tw/abbs/wkw/WHD6K05.jsp?ab=AAAdkxAAHAAAGkRAAH&bc=102&cd=%AA%6B%B5%6E%A5%4C++++++++++++++&de=000060&ef=PTD&fg=1"
"91","財團法人屏東縣立麟洛國民小學教育發展基金會","http://cdcb.judicial.gov.tw/abbs/wkw/WHD6K05.jsp?ab=AAAdkxAAHAAAGnJAAC&bc=102&cd=%AA%6B%B5%6E%A5%4C++++++++++++++&de=000061&ef=PTD&fg=1"
"408","財團法人阿猴媽祖文教基金會","http://cdcb.judicial.gov.tw/abbs/wkw/WHD6K05.jsp?ab=AAAdkxAAHAAAGliAAI&bc=102&cd=%AA%6B%B5%6E%A5%4C++++++++++++++&de=000063&ef=PTD&fg=1"
"299","社團法人屏東縣先鋒農林漁牧產業發展促進會","http://cdcb.judicial.gov.tw/abbs/wkw/WHD6K05.jsp?ab=AAAdkxAAHAAAGnmAAH&bc=102&cd=%AA%6B%B5%6E%A5%4C++++++++++++++&de=000064&ef=PTD&fg=1"
"303","社團法人屏東縣慈善團體聯合協會","http://cdcb.judicial.gov.tw/abbs/wkw/WHD6K05.jsp?ab=AAAdkxAAHAAAGm6AAJ&bc=102&cd=%AA%6B%B5%6E%A5%4C++++++++++++++&de=000065&ef=PTD&fg=1"
"461","社團法人台灣黑熊保育協會","http://cdcb.judicial.gov.tw/abbs/wkw/WHD6K05.jsp?ab=AAAdkxAAHAAAGnHAAF&bc=102&cd=%AA%6B%B5%6E%A5%4C++++++++++++++&de=000066&ef=PTD&fg=1"
"294","財團法人南島教育基金會","http://cdcb.judicial.gov.tw/abbs/wkw/WHD6K05.jsp?ab=AAAdkxAAHAAAGmYAAA&bc=102&cd=%AA%6B%B5%6E%A5%4C++++++++++++++&de=000047&ef=PTD&fg=1"
"35","財團法人臺灣省屏東縣私立日新高級工商職業學校","http://cdcb.judicial.gov.tw/abbs/wkw/WHD6K05.jsp?ab=AAAdkxAAHAAAGl%2BAAH&bc=102&cd=%AA%6B%B5%6E%A5%4C++++++++++++++&de=000048&ef=PTD&fg=1"
"247","財團法人漢景建築文化藝術基金會","http://cdcb.judicial.gov.tw/abbs/wkw/WHD6K05.jsp?ab=AAAdkxAAHAAAGnOAAB&bc=102&cd=%AA%6B%B5%6E%A5%4C++++++++++++++&de=000051&ef=PTD&fg=1"
"177","財團法人屏東縣私立屏東友緣幼兒園","http://cdcb.judicial.gov.tw/abbs/wkw/WHD6K05.jsp?ab=AAAdkxAAHAAAGm9AAH&bc=102&cd=%AA%6B%B5%6E%A5%4C++++++++++++++&de=000052&ef=PTD&fg=1"
"89","財團法人屏東縣私立悟照慈善事業基金會","http://cdcb.judicial.gov.tw/abbs/wkw/WHD6K05.jsp?ab=AAAdkxAAHAAAGneAAB&bc=102&cd=%AA%6B%B5%6E%A5%4C++++++++++++++&de=000053&ef=PTD&fg=1"
"49","財團法人屏東縣濟陽柯蔡公所","http://cdcb.judicial.gov.tw/abbs/wkw/WHD6K05.jsp?ab=AAAdkxAAHAAAGm9AAI&bc=102&cd=%AA%6B%B5%6E%A5%4C++++++++++++++&de=000054&ef=PTD&fg=1"
"55","財團法人屏東縣私立公益慈善服務基金會","http://cdcb.judicial.gov.tw/abbs/wkw/WHD6K05.jsp?ab=AAAdkxAAHAAAGn4AAH&bc=102&cd=%AA%6B%B5%6E%A5%4C++++++++++++++&de=000055&ef=PTD&fg=1"
"120","社團法人屏東縣萬丹鄉香社社區發展協會","http://cdcb.judicial.gov.tw/abbs/wkw/WHD6K05.jsp?ab=AAAdkxAAHAAAGnNAAA&bc=102&cd=%AA%6B%B5%6E%A5%4C++++++++++++++&de=000056&ef=PTD&fg=1"
"293","社團法人屏東縣屏東市嘉應民俗協會","http://cdcb.judicial.gov.tw/abbs/wkw/WHD6K05.jsp?ab=AAAdkxAAHAAAGhlAAG&bc=102&cd=%AA%6B%B5%6E%A5%4C++++++++++++++&de=000037&ef=PTD&fg=1"
"243","社團法人屏東縣聖域逸仙協會","http://cdcb.judicial.gov.tw/abbs/wkw/WHD6K05.jsp?ab=AAAdkxAAHAAAGkfAAB&bc=102&cd=%AA%6B%B5%6E%A5%4C++++++++++++++&de=000039&ef=PTD&fg=1"
"107","財團法人臺灣省屏東縣長治鄉福崙宮","http://cdcb.judicial.gov.tw/abbs/wkw/WHD6K05.jsp?ab=AAAdkxAAHAAAGlBAAH&bc=102&cd=%AA%6B%B5%6E%A5%4C++++++++++++++&de=000040&ef=PTD&fg=1"
"350","財團法人屏東市聖帝廟慈鳳宮","http://cdcb.judicial.gov.tw/abbs/wkw/WHD6K05.jsp?ab=AAAdkxAAHAAAGkrAAI&bc=102&cd=%AA%6B%B5%6E%A5%4C++++++++++++++&de=000042&ef=PTD&fg=1"
"369","財團法人越溪教育基金會","http://cdcb.judicial.gov.tw/abbs/wkw/WHD6K05.jsp?ab=AAAdkxAAHAAAGlIAAK&bc=102&cd=%AA%6B%B5%6E%A5%4C++++++++++++++&de=000043&ef=PTD&fg=1"
"253","社團法人屏東縣龍燈慈善會","http://cdcb.judicial.gov.tw/abbs/wkw/WHD6K05.jsp?ab=AAAdkxAAHAAAGlGAAK&bc=102&cd=%AA%6B%B5%6E%A5%4C++++++++++++++&de=000044&ef=PTD&fg=1"
"244","社團法人台灣五府千歲慈善展望會","http://cdcb.judicial.gov.tw/abbs/wkw/WHD6K05.jsp?ab=AAAdkxAAHAAAChQAAH&bc=102&cd=%AA%6B%B5%6E%A5%4C++++++++++++++&de=000045&ef=PTD&fg=1"
"217","社團法人屏東縣東港鎮下中街轎班促進會","http://cdcb.judicial.gov.tw/abbs/wkw/WHD6K05.jsp?ab=AAAdkxAAHAAAGlrAAB&bc=102&cd=%AA%6B%B5%6E%A5%4C++++++++++++++&de=000046&ef=PTD&fg=1"
"443","社團法人屏東縣東港鎮莊氏宗親會","http://cdcb.judicial.gov.tw/abbs/wkw/WHD6K05.jsp?ab=AAAdkxAAHAAAGjiAAD&bc=102&cd=%AA%6B%B5%6E%A5%4C++++++++++++++&de=000027&ef=PTD&fg=1"
"79","社團法人屏東縣聲暉聽障協進會","http://cdcb.judicial.gov.tw/abbs/wkw/WHD6K05.jsp?ab=AAAdkxAAHAAAGjiAAC&bc=102&cd=%AA%6B%B5%6E%A5%4C++++++++++++++&de=000028&ef=PTD&fg=1"
"285","社團法人屏東縣地磨兒文化產業藝術協會","http://cdcb.judicial.gov.tw/abbs/wkw/WHD6K05.jsp?ab=AAAdkxAAHAAAGjiAAI&bc=102&cd=%AA%6B%B5%6E%A5%4C++++++++++++++&de=000029&ef=PTD&fg=1"
"216","財團法人謝黃扁文化藝術基金會","http://cdcb.judicial.gov.tw/abbs/wkw/WHD6K05.jsp?ab=AAAdkxAAHAAAGgRAAM&bc=102&cd=%AA%6B%B5%6E%A5%4C++++++++++++++&de=000030&ef=PTD&fg=1"
"452","社團法人屏東縣林仔邊自然文史保育協會","http://cdcb.judicial.gov.tw/abbs/wkw/WHD6K05.jsp?ab=AAAdkxAAHAAAGizAAH&bc=102&cd=%AA%6B%B5%6E%A5%4C++++++++++++++&de=000031&ef=PTD&fg=1"
"133","財團法人屏東縣私立長青老人養護中心","http://cdcb.judicial.gov.tw/abbs/wkw/WHD6K05.jsp?ab=AAAdkxAAHAAAGjiAAH&bc=102&cd=%AA%6B%B5%6E%A5%4C++++++++++++++&de=000032&ef=PTD&fg=1"
"307","社團法人屏東縣屏東市長青學苑服務協會","http://cdcb.judicial.gov.tw/abbs/wkw/WHD6K05.jsp?ab=AAAdkxAAHAAAGjzAAA&bc=102&cd=%AA%6B%B5%6E%A5%4C++++++++++++++&de=000034&ef=PTD&fg=1"
"405","社團法人屏東縣春日鄉老七佳石板屋聚落文化協會","http://cdcb.judicial.gov.tw/abbs/wkw/WHD6K05.jsp?ab=AAAdkxAAHAAAGg1AAE&bc=102&cd=%AA%6B%B5%6E%A5%4C++++++++++++++&de=000035&ef=PTD&fg=1"
"351","社團法人屏東縣萬丹鄉高氏宗親會","http://cdcb.judicial.gov.tw/abbs/wkw/WHD6K05.jsp?ab=AAAdkxAAHAAAGhlAAH&bc=102&cd=%AA%6B%B5%6E%A5%4C++++++++++++++&de=000036&ef=PTD&fg=1"
"425","社團法人屏東縣好好婦女權益發展協會","http://cdcb.judicial.gov.tw/abbs/wkw/WHD6K05.jsp?ab=AAAdkxAAHAAAGhCAAD&bc=102&cd=%AA%6B%B5%6E%A5%4C++++++++++++++&de=000017&ef=PTD&fg=1"
"29","財團法人台灣省屏東縣屏東中華路基督教會","http://cdcb.judicial.gov.tw/abbs/wkw/WHD6K05.jsp?ab=AAAdkxAAHAAAGkIAAD&bc=102&cd=%AA%6B%B5%6E%A5%4C++++++++++++++&de=000019&ef=PTD&fg=1"
"375","社團法人屏東縣萬丹鄉天鳳民俗文化協會","http://cdcb.judicial.gov.tw/abbs/wkw/WHD6K05.jsp?ab=AAAdkxAAHAAAGgpAAF&bc=102&cd=%AA%6B%B5%6E%A5%4C++++++++++++++&de=000020&ef=PTD&fg=1"
"468","社團法人屏東縣九如鄉耆老社區發展協會","http://cdcb.judicial.gov.tw/abbs/wkw/WHD6K05.jsp?ab=AAAdkxAAHAAAGjRAAB&bc=102&cd=%AA%6B%B5%6E%A5%4C++++++++++++++&de=000021&ef=PTD&fg=1"
"334","社團法人屏東縣原住民老人關懷協會","http://cdcb.judicial.gov.tw/abbs/wkw/WHD6K05.jsp?ab=AAAdkxAAHAAAGjRAAA&bc=102&cd=%AA%6B%B5%6E%A5%4C++++++++++++++&de=000022&ef=PTD&fg=1"
"192","社團法人屏東縣身心障礙者民俗技藝推廣協會","http://cdcb.judicial.gov.tw/abbs/wkw/WHD6K05.jsp?ab=AAAdkxAAHAAAGiOAAK&bc=102&cd=%AA%6B%B5%6E%A5%4C++++++++++++++&de=000023&ef=PTD&fg=1"
"457","社團法人臺灣鮪延繩釣協會","http://cdcb.judicial.gov.tw/abbs/wkw/WHD6K05.jsp?ab=AAAdkxAAHAAAGiQAAH&bc=102&cd=%AA%6B%B5%6E%A5%4C++++++++++++++&de=000025&ef=PTD&fg=1"
"215","財團法人屏東縣私立聖天社會福利慈善事業基金會","http://cdcb.judicial.gov.tw/abbs/wkw/WHD6K05.jsp?ab=AAAdkxAAHAAAGiMAAA&bc=102&cd=%AA%6B%B5%6E%A5%4C++++++++++++++&de=000008&ef=PTD&fg=1"
"230","社團法人屏東縣竹田鄉社區營造協會","http://cdcb.judicial.gov.tw/abbs/wkw/WHD6K05.jsp?ab=AAAdkxAAHAAAGgoAAF&bc=102&cd=%AA%6B%B5%6E%A5%4C++++++++++++++&de=000009&ef=PTD&fg=1"
"63","財團法人屏東基督教勝利之家","http://cdcb.judicial.gov.tw/abbs/wkw/WHD6K05.jsp?ab=AAAdkxAAHAAAGiBAAI&bc=102&cd=%AA%6B%B5%6E%A5%4C++++++++++++++&de=000011&ef=PTD&fg=1"
"17","財團法人永達技術學院","http://cdcb.judicial.gov.tw/abbs/wkw/WHD6K05.jsp?ab=AAAdkxAAHAAAGhoAAG&bc=102&cd=%AA%6B%B5%6E%A5%4C++++++++++++++&de=000013&ef=PTD&fg=1"
"437","社團法人屏東縣瑞光童軍協會","http://cdcb.judicial.gov.tw/abbs/wkw/WHD6K05.jsp?ab=AAAdkxAAHAAAGhoAAH&bc=102&cd=%AA%6B%B5%6E%A5%4C++++++++++++++&de=000014&ef=PTD&fg=1"
"43","財團法人台灣香蕉研究所","http://cdcb.judicial.gov.tw/abbs/wkw/WHD6K05.jsp?ab=AAAdkxAAHAAAGibAAG&bc=102&cd=%AA%6B%B5%6E%A5%4C++++++++++++++&de=000016&ef=PTD&fg=1"
"470","社團法人中華民國多元職能推廣協會","http://cdcb.judicial.gov.tw/abbs/wkw/WHD6K05.jsp?ab=AAAdkxAAHAAAGOEAAC&bc=101&cd=%AA%6B%B5%6E%AA%C0++++++++++++++&de=000026&ef=PTD&fg=1"
"471","社團法人屏東縣各業勞動力就業推廣協會","http://cdcb.judicial.gov.tw/abbs/wkw/WHD6K05.jsp?ab=AAAdkxAAHAAAGNfAAF&bc=101&cd=%AA%6B%B5%6E%AA%C0++++++++++++++&de=000027&ef=PTD&fg=1"
"448","財團法人勵馨社會福利事業基金會屏東分事務所","http://cdcb.judicial.gov.tw/abbs/wkw/WHD6K05.jsp?ab=AAAdkxAAHAAAF7xAAK&bc=101&cd=%AA%6B%B5%6E%B0%5D++++++++++++++&de=000001&ef=PTD&fg=1"
"463","財團法人六堆學文化藝術基金會","http://cdcb.judicial.gov.tw/abbs/wkw/WHD6K05.jsp?ab=AAAdkxAAHAAAGKTAAE&bc=101&cd=%AA%6B%B5%6E%B0%5D++++++++++++++&de=000002&ef=PTD&fg=1"
"114","財團法人台灣省屏東縣南州鄉精明寶宮","http://cdcb.judicial.gov.tw/abbs/wkw/WHD6K05.jsp?ab=AAAdkxAAHAAAGOHAAI&bc=102&cd=%AA%6B%B5%6E%A5%4C++++++++++++++&de=000001&ef=PTD&fg=1"
"18","財團法人台灣省屏東縣私立南榮國民中學","http://cdcb.judicial.gov.tw/abbs/wkw/WHD6K05.jsp?ab=AAAdkxAAHAAAGgvAAG&bc=102&cd=%AA%6B%B5%6E%A5%4C++++++++++++++&de=000002&ef=PTD&fg=1"
"156","財團法人屏東縣私立枋寮老人養護中心","http://cdcb.judicial.gov.tw/abbs/wkw/WHD6K05.jsp?ab=AAAdkxAAHAAAGh6AAH&bc=102&cd=%AA%6B%B5%6E%A5%4C++++++++++++++&de=000003&ef=PTD&fg=1"
"148","財團法人屏東縣私立永安老人養護中心","http://cdcb.judicial.gov.tw/abbs/wkw/WHD6K05.jsp?ab=AAAdkxAAHAAAGh8AAB&bc=102&cd=%AA%6B%B5%6E%A5%4C++++++++++++++&de=000004&ef=PTD&fg=1"
"19","財團法人屏東市教會聚會所","http://cdcb.judicial.gov.tw/abbs/wkw/WHD6K05.jsp?ab=AAAdkxAAHAAAGhMAAH&bc=102&cd=%AA%6B%B5%6E%A5%4C++++++++++++++&de=000005&ef=PTD&fg=1"
"459","社團法人屏東縣玉清慈善會","http://cdcb.judicial.gov.tw/abbs/wkw/WHD6K05.jsp?ab=AAAdkxAAHAAAGFqAAF&bc=101&cd=%AA%6B%B5%6E%AA%C0++++++++++++++&de=000016&ef=PTD&fg=1"
"460","社團法人中華民國國立屏東科技大學校友總會","http://cdcb.judicial.gov.tw/abbs/wkw/WHD6K05.jsp?ab=AAAdkxAAHAAAGGDAAG&bc=101&cd=%AA%6B%B5%6E%AA%C0++++++++++++++&de=000017&ef=PTD&fg=1"
"462","社團法人屏東縣東港鎮興農環美關懷協進會","http://cdcb.judicial.gov.tw/abbs/wkw/WHD6K05.jsp?ab=AAAdkxAAHAAAGKkAAK&bc=101&cd=%AA%6B%B5%6E%AA%C0++++++++++++++&de=000019&ef=PTD&fg=1"
"464","社團法人屏東縣東港鎮新街新隆宮轎班促進會","http://cdcb.judicial.gov.tw/abbs/wkw/WHD6K05.jsp?ab=AAAdkxAAHAAAGLEAAC&bc=101&cd=%AA%6B%B5%6E%AA%C0++++++++++++++&de=000020&ef=PTD&fg=1"
"465","社團法人台灣基督教安提阿聖經協會","http://cdcb.judicial.gov.tw/abbs/wkw/WHD6K05.jsp?ab=AAAdkxAAHAAAGLlAAE&bc=101&cd=%AA%6B%B5%6E%AA%C0++++++++++++++&de=000021&ef=PTD&fg=1"
"466","社團法人屏東縣佳冬鄉社區營造協會","http://cdcb.judicial.gov.tw/abbs/wkw/WHD6K05.jsp?ab=AAAdkxAAHAAAGM6AAF&bc=101&cd=%AA%6B%B5%6E%AA%C0++++++++++++++&de=000022&ef=PTD&fg=1"
"467","社團法人台灣原住民族北排灣民族學校暨部落發展協會","http://cdcb.judicial.gov.tw/abbs/wkw/WHD6K05.jsp?ab=AAAdkxAAHAAAGNJAAK&bc=101&cd=%AA%6B%B5%6E%AA%C0++++++++++++++&de=000023&ef=PTD&fg=1"
"469","社團法人宗聖公祠古蹟發展協會","http://cdcb.judicial.gov.tw/abbs/wkw/WHD6K05.jsp?ab=AAAdkxAAHAAAGNUAAG&bc=101&cd=%AA%6B%B5%6E%AA%C0++++++++++++++&de=000025&ef=PTD&fg=1"
"449","社團法人屏東縣牡丹鄉高士社區發展協會","http://cdcb.judicial.gov.tw/abbs/wkw/WHD6K05.jsp?ab=AAAdkxAAHAAAF71AAC&bc=101&cd=%AA%6B%B5%6E%AA%C0++++++++++++++&de=000006&ef=PTD&fg=1"
"450","社團法人國際獅子會中華民國總會台灣省屏東縣大鵬灣獅子會","http://cdcb.judicial.gov.tw/abbs/wkw/WHD6K05.jsp?ab=AAAdkxAAHAAAF71AAB&bc=101&cd=%AA%6B%B5%6E%AA%C0++++++++++++++&de=000007&ef=PTD&fg=1"
"451","社團法人臺灣專業潛水協會","http://cdcb.judicial.gov.tw/abbs/wkw/WHD6K05.jsp?ab=AAAdkxAAHAAAF7fAAD&bc=101&cd=%AA%6B%B5%6E%AA%C0++++++++++++++&de=000008&ef=PTD&fg=1"
"453","社團法人屏東縣美容美髮推廣協會","http://cdcb.judicial.gov.tw/abbs/wkw/WHD6K05.jsp?ab=AAAdkxAAHAAAGAvAAH&bc=101&cd=%AA%6B%B5%6E%AA%C0++++++++++++++&de=000010&ef=PTD&fg=1"
"454","社團法人屏東縣社會工作者協會","http://cdcb.judicial.gov.tw/abbs/wkw/WHD6K05.jsp?ab=AAAdkxAAHAAAGB8AAA&bc=101&cd=%AA%6B%B5%6E%AA%C0++++++++++++++&de=000011&ef=PTD&fg=1"
"455","社團法人屏東縣萬丹鄉興全社區發展協會","http://cdcb.judicial.gov.tw/abbs/wkw/WHD6K05.jsp?ab=AAAdkxAAHAAAGBQAAI&bc=101&cd=%AA%6B%B5%6E%AA%C0++++++++++++++&de=000012&ef=PTD&fg=1"
"456","社團法人屏東縣新園鄉濟興堂轎班促進會","http://cdcb.judicial.gov.tw/abbs/wkw/WHD6K05.jsp?ab=AAAdkxAAHAAAGBeAAI&bc=101&cd=%AA%6B%B5%6E%AA%C0++++++++++++++&de=000013&ef=PTD&fg=1"
"458","社團法人屏東縣葵花文教協會","http://cdcb.judicial.gov.tw/abbs/wkw/WHD6K05.jsp?ab=AAAdkxAAHAAAGFcAAB&bc=101&cd=%AA%6B%B5%6E%AA%C0++++++++++++++&de=000015&ef=PTD&fg=1"
"126","財團法人椰林文教基金會","http://cdcb.judicial.gov.tw/abbs/wkw/WHD6K05.jsp?ab=AAAdkxAAHAAAGNjAAG&bc=101&cd=%AA%6B%B5%6E%A5%4C++++++++++++++&de=000088&ef=PTD&fg=1"
"241","社團法人屏東縣母語教師協會","http://cdcb.judicial.gov.tw/abbs/wkw/WHD6K05.jsp?ab=AAAdkxAAHAAAGN1AAB&bc=101&cd=%AA%6B%B5%6E%A5%4C++++++++++++++&de=000090&ef=PTD&fg=1"
"422","社團法人屏東縣道教會","http://cdcb.judicial.gov.tw/abbs/wkw/WHD6K05.jsp?ab=AAAdkxAAHAAAGNfAAE&bc=101&cd=%AA%6B%B5%6E%A5%4C++++++++++++++&de=000091&ef=PTD&fg=1"
"444","社團法人台灣原鄉產業發展協會","http://cdcb.judicial.gov.tw/abbs/wkw/WHD6K05.jsp?ab=AAAdkxAAHAAAF6DAAE&bc=101&cd=%AA%6B%B5%6E%AA%C0++++++++++++++&de=000002&ef=PTD&fg=1"
"445","社團法人臺灣屏東縣私立美和中學校友會","http://cdcb.judicial.gov.tw/abbs/wkw/WHD6K05.jsp?ab=AAAdkxAAHAAAF6CAAI&bc=101&cd=%AA%6B%B5%6E%AA%C0++++++++++++++&de=000003&ef=PTD&fg=1"
"446","社團法人屏東縣松愛關懷協會","http://cdcb.judicial.gov.tw/abbs/wkw/WHD6K05.jsp?ab=AAAdkxAAHAAAF5RAAH&bc=101&cd=%AA%6B%B5%6E%AA%C0++++++++++++++&de=000004&ef=PTD&fg=1"
"447","社團法人屏東縣關心身心障礙者服務協會","http://cdcb.judicial.gov.tw/abbs/wkw/WHD6K05.jsp?ab=AAAdkxAAHAAAF7EAAH&bc=101&cd=%AA%6B%B5%6E%AA%C0++++++++++++++&de=000005&ef=PTD&fg=1"
"2","財團法人台灣省屏東縣潮州三山國王廟","http://cdcb.judicial.gov.tw/abbs/wkw/WHD6K05.jsp?ab=AAAdkxAAHAAAGMZAAB&bc=101&cd=%AA%6B%B5%6E%A5%4C++++++++++++++&de=000079&ef=PTD&fg=1"
"162","社團法人屏東縣德恩身心障礙關懷協會","http://cdcb.judicial.gov.tw/abbs/wkw/WHD6K05.jsp?ab=AAAdkxAAHAAAGNpAAI&bc=101&cd=%AA%6B%B5%6E%A5%4C++++++++++++++&de=000080&ef=PTD&fg=1"
"411","社團法人屏東縣向陽關懷協會","http://cdcb.judicial.gov.tw/abbs/wkw/WHD6K05.jsp?ab=AAAdkxAAHAAAGNpAAJ&bc=101&cd=%AA%6B%B5%6E%A5%4C++++++++++++++&de=000081&ef=PTD&fg=1"
"341","社團法人國立高雄師範大學屏東縣校友會","http://cdcb.judicial.gov.tw/abbs/wkw/WHD6K05.jsp?ab=AAAdkxAAHAAAGNpAAH&bc=101&cd=%AA%6B%B5%6E%A5%4C++++++++++++++&de=000082&ef=PTD&fg=1"
"428","社團法人台灣福利厚生學會","http://cdcb.judicial.gov.tw/abbs/wkw/WHD6K05.jsp?ab=AAAdkxAAHAAAGNYAAK&bc=101&cd=%AA%6B%B5%6E%A5%4C++++++++++++++&de=000084&ef=PTD&fg=1"
"229","財團法人伊甸社會福利基金會","http://cdcb.judicial.gov.tw/abbs/wkw/WHD6K05.jsp?ab=AAAdkxAAHAAAGMSAAF&bc=101&cd=%AA%6B%B5%6E%A5%4C++++++++++++++&de=000086&ef=PTD&fg=1"
"197","社團法人屏東縣怡然藝術協會","http://cdcb.judicial.gov.tw/abbs/wkw/WHD6K05.jsp?ab=AAAdkxAAHAAAGKqAAE&bc=101&cd=%AA%6B%B5%6E%A5%4C++++++++++++++&de=000067&ef=PTD&fg=1"
"188","社團法人屏東縣海青青弘會","http://cdcb.judicial.gov.tw/abbs/wkw/WHD6K05.jsp?ab=AAAdkxAAHAAAGLmAAA&bc=101&cd=%AA%6B%B5%6E%A5%4C++++++++++++++&de=000074&ef=PTD&fg=1"
"191","財團法人臺灣兒童暨家庭扶助基金會屏東分事務所","http://cdcb.judicial.gov.tw/abbs/wkw/WHD6K05.jsp?ab=AAAdkxAAHAAAGLYAAD&bc=101&cd=%AA%6B%B5%6E%A5%4C++++++++++++++&de=000075&ef=PTD&fg=1"
"108","社團法人屏東縣童軍會","http://cdcb.judicial.gov.tw/abbs/wkw/WHD6K05.jsp?ab=AAAdkxAAHAAAGMAAAF&bc=101&cd=%AA%6B%B5%6E%A5%4C++++++++++++++&de=000076&ef=PTD&fg=1"
"357","社團法人屏東縣屏東市青年文化工作協會","http://cdcb.judicial.gov.tw/abbs/wkw/WHD6K05.jsp?ab=AAAdkxAAHAAAGFUAAB&bc=101&cd=%AA%6B%B5%6E%A5%4C++++++++++++++&de=000061&ef=PTD&fg=1"
"238","社團法人中華萱民會","http://cdcb.judicial.gov.tw/abbs/wkw/WHD6K05.jsp?ab=AAAdkxAAHAAAGKtAAK&bc=101&cd=%AA%6B%B5%6E%A5%4C++++++++++++++&de=000063&ef=PTD&fg=1"
"417","社團法人屏東縣記帳及報稅代理業務人公會","http://cdcb.judicial.gov.tw/abbs/wkw/WHD6K05.jsp?ab=AAAdkxAAHAAAGK%2FAAA&bc=101&cd=%AA%6B%B5%6E%A5%4C++++++++++++++&de=000064&ef=PTD&fg=1"
"124","迦樂醫療財團法人","http://cdcb.judicial.gov.tw/abbs/wkw/WHD6K05.jsp?ab=AAAdkxAAHAAAGKqAAF&bc=101&cd=%AA%6B%B5%6E%A5%4C++++++++++++++&de=000065&ef=PTD&fg=1"
"67","財團法人屏東縣私立圓融社會福利慈善基金會","http://cdcb.judicial.gov.tw/abbs/wkw/WHD6K05.jsp?ab=AAAdkxAAHAAAGENAAB&bc=101&cd=%AA%6B%B5%6E%A5%4C++++++++++++++&de=000047&ef=PTD&fg=1"
"348","財團法人屏東縣久學教育基金會","http://cdcb.judicial.gov.tw/abbs/wkw/WHD6K05.jsp?ab=AAAdkxAAHAAAGE6AAH&bc=101&cd=%AA%6B%B5%6E%A5%4C++++++++++++++&de=000048&ef=PTD&fg=1"
"261","財團法人臺灣農漁會超市中心","http://cdcb.judicial.gov.tw/abbs/wkw/WHD6K05.jsp?ab=AAAdkxAAHAAAGEhAAK&bc=101&cd=%AA%6B%B5%6E%A5%4C++++++++++++++&de=000049&ef=PTD&fg=1"
"385","社團法人屏東縣美容美髮技能教育協會","http://cdcb.judicial.gov.tw/abbs/wkw/WHD6K05.jsp?ab=AAAdkxAAHAAAGETAAA&bc=101&cd=%AA%6B%B5%6E%A5%4C++++++++++++++&de=000052&ef=PTD&fg=1"
"275","社團法人屏東縣海口人社區經營協會","http://cdcb.judicial.gov.tw/abbs/wkw/WHD6K05.jsp?ab=AAAdkxAAHAAAGFcAAL&bc=101&cd=%AA%6B%B5%6E%A5%4C++++++++++++++&de=000053&ef=PTD&fg=1"
"435","社團法人屏東縣慈愛慈善會","http://cdcb.judicial.gov.tw/abbs/wkw/WHD6K05.jsp?ab=AAAdkxAAHAAAGFnAAB&bc=101&cd=%AA%6B%B5%6E%A5%4C++++++++++++++&de=000054&ef=PTD&fg=1"
"100","財團法人大統長治文教基金會","http://cdcb.judicial.gov.tw/abbs/wkw/WHD6K05.jsp?ab=AAAdkxAAHAAAGFeAAG&bc=101&cd=%AA%6B%B5%6E%A5%4C++++++++++++++&de=000055&ef=PTD&fg=1"
"176","財團法人阿猴城教育基金會","http://cdcb.judicial.gov.tw/abbs/wkw/WHD6K05.jsp?ab=AAAdkxAAHAAAGB7AAB&bc=101&cd=%AA%6B%B5%6E%A5%4C++++++++++++++&de=000038&ef=PTD&fg=1"
"95","財團法人屏東縣萬巒國民小學文教基金會","http://cdcb.judicial.gov.tw/abbs/wkw/WHD6K05.jsp?ab=AAAdkxAAHAAAGB2AAD&bc=101&cd=%AA%6B%B5%6E%A5%4C++++++++++++++&de=000039&ef=PTD&fg=1"
"206","財團法人台灣基督長老教會屏東中會","http://cdcb.judicial.gov.tw/abbs/wkw/WHD6K05.jsp?ab=AAAdkxAAHAAAGBcAAC&bc=101&cd=%AA%6B%B5%6E%A5%4C++++++++++++++&de=000042&ef=PTD&fg=1"
"9","財團法人台灣省屏東縣私立民生高級家事商業職業學校","http://cdcb.judicial.gov.tw/abbs/wkw/WHD6K05.jsp?ab=AAAdkxAAHAAAGBaAAG&bc=101&cd=%AA%6B%B5%6E%A5%4C++++++++++++++&de=000043&ef=PTD&fg=1"
"173","財團法人張錦桐教育基金會","http://cdcb.judicial.gov.tw/abbs/wkw/WHD6K05.jsp?ab=AAAdkxAAHAAAGFDAAF&bc=101&cd=%AA%6B%B5%6E%A5%4C++++++++++++++&de=000046&ef=PTD&fg=1"
"145","社團法人屏東縣中醫師公會","http://cdcb.judicial.gov.tw/abbs/wkw/WHD6K05.jsp?ab=AAAdkxAAHAAAGAjAAE&bc=101&cd=%AA%6B%B5%6E%A5%4C++++++++++++++&de=000028&ef=PTD&fg=1"
"336","社團法人屏東縣全人生命教育研究協會","http://cdcb.judicial.gov.tw/abbs/wkw/WHD6K05.jsp?ab=AAAdkxAAHAAAGAyAAF&bc=101&cd=%AA%6B%B5%6E%A5%4C++++++++++++++&de=000029&ef=PTD&fg=1"
"28","財團法人台灣省屏東縣祭祀公業陳天宗裔會","http://cdcb.judicial.gov.tw/abbs/wkw/WHD6K05.jsp?ab=AAAdkxAAHAAAGApAAE&bc=101&cd=%AA%6B%B5%6E%A5%4C++++++++++++++&de=000030&ef=PTD&fg=1"
"134","社團法人屏東縣身心障礙者就業福利協會","http://cdcb.judicial.gov.tw/abbs/wkw/WHD6K05.jsp?ab=AAAdkxAAHAAAGAxAAJ&bc=101&cd=%AA%6B%B5%6E%A5%4C++++++++++++++&de=000032&ef=PTD&fg=1"
"181","社團法人屏東縣牙醫師公會","http://cdcb.judicial.gov.tw/abbs/wkw/WHD6K05.jsp?ab=AAAdkxAAHAAAGAkAAD&bc=101&cd=%AA%6B%B5%6E%A5%4C++++++++++++++&de=000033&ef=PTD&fg=1"
"97","財團法人屏東縣慧光圓通普賢文教基金會","http://cdcb.judicial.gov.tw/abbs/wkw/WHD6K05.jsp?ab=AAAdkxAAHAAAGBIAAF&bc=101&cd=%AA%6B%B5%6E%A5%4C++++++++++++++&de=000034&ef=PTD&fg=1"
"198","財團法人基督教民富教會","http://cdcb.judicial.gov.tw/abbs/wkw/WHD6K05.jsp?ab=AAAdkxAAHAAAF8FAAI&bc=101&cd=%AA%6B%B5%6E%A5%4C++++++++++++++&de=000017&ef=PTD&fg=1"
"228","社團法人屏東縣原住民資訊協會","http://cdcb.judicial.gov.tw/abbs/wkw/WHD6K05.jsp?ab=AAAdkxAAHAAAF8DAAF&bc=101&cd=%AA%6B%B5%6E%A5%4C++++++++++++++&de=000022&ef=PTD&fg=1"
"309","社團法人屏東縣躍愛全人關懷協會","http://cdcb.judicial.gov.tw/abbs/wkw/WHD6K05.jsp?ab=AAAdkxAAHAAAF68AAE&bc=101&cd=%AA%6B%B5%6E%A5%4C++++++++++++++&de=000007&ef=PTD&fg=1"
"274","財團法人彩色盤教育基金會","http://cdcb.judicial.gov.tw/abbs/wkw/WHD6K05.jsp?ab=AAAdkxAAHAAAF6hAAF&bc=101&cd=%AA%6B%B5%6E%A5%4C++++++++++++++&de=000009&ef=PTD&fg=1"
"358","社團法人屏東縣屏東中會社區關懷協會","http://cdcb.judicial.gov.tw/abbs/wkw/WHD6K05.jsp?ab=AAAdkxAAHAAAF71AAA&bc=101&cd=%AA%6B%B5%6E%A5%4C++++++++++++++&de=000014&ef=PTD&fg=1"
"220","社團法人屏東縣向陽啟能協會","http://cdcb.judicial.gov.tw/abbs/wkw/WHD6K05.jsp?ab=AAAdkxAAHAAAF7fAAE&bc=101&cd=%AA%6B%B5%6E%A5%4C++++++++++++++&de=000015&ef=PTD&fg=1"
"286","社團法人屏東縣葡萄樹身心障礙及弱勢家庭支持協會","http://cdcb.judicial.gov.tw/abbs/wkw/WHD6K05.jsp?ab=AAAdkxAAHAAAF8FAAJ&bc=101&cd=%AA%6B%B5%6E%A5%4C++++++++++++++&de=000016&ef=PTD&fg=1"
"441","社團法人屏東縣原住民部落工作永續發展協會","http://cdcb.judicial.gov.tw/abbs/wkw/WHD6K05.jsp?ab=AAAdkxAAHAAAF4rAAG&bc=100&cd=%AA%6B%B5%6E%AA%C0++++++++++++++&de=000026&ef=PTD&fg=1"
"442","社團法人台灣興起基督教協會","http://cdcb.judicial.gov.tw/abbs/wkw/WHD6K05.jsp?ab=AAAdkxAAHAAAF5HAAC&bc=100&cd=%AA%6B%B5%6E%AA%C0++++++++++++++&de=000027&ef=PTD&fg=1"
"427","財團法人陳無嫌教育基金會","http://cdcb.judicial.gov.tw/abbs/wkw/WHD6K05.jsp?ab=AAAdkxAAHAAANtiAAJ&bc=100&cd=%AA%6B%B5%6E%B0%5D++++++++++++++&de=000001&ef=PTD&fg=1"
"440","財團法人屏東縣私立慈幼之家","http://cdcb.judicial.gov.tw/abbs/wkw/WHD6K05.jsp?ab=AAAdkxAAHAAABdwAAF&bc=100&cd=%AA%6B%B5%6E%B0%5D++++++++++++++&de=000002&ef=PTD&fg=1"
"112","財團法人屏東縣私立基督教信望愛育幼院","http://cdcb.judicial.gov.tw/abbs/wkw/WHD6K05.jsp?ab=AAAdkxAAHAAAF6zAAI&bc=101&cd=%AA%6B%B5%6E%A5%4C++++++++++++++&de=000001&ef=PTD&fg=1"
"325","社團法人屏東縣泰武鄉手掌心原住民文化關懷協會","http://cdcb.judicial.gov.tw/abbs/wkw/WHD6K05.jsp?ab=AAAdkxAAHAAAF5QAAL&bc=101&cd=%AA%6B%B5%6E%A5%4C++++++++++++++&de=000005&ef=PTD&fg=1"
"430","社團法人屏東縣營建剩餘土石方資源處理商業同業公會","http://cdcb.judicial.gov.tw/abbs/wkw/WHD6K05.jsp?ab=AAAdkxAAHAAAPkcAAB&bc=100&cd=%AA%6B%B5%6E%AA%C0++++++++++++++&de=000016&ef=PTD&fg=1"
"431","社團法人屏東縣時尚美學研究協會","http://cdcb.judicial.gov.tw/abbs/wkw/WHD6K05.jsp?ab=AAAdkxAAHAAAOQeAAI&bc=100&cd=%AA%6B%B5%6E%AA%C0++++++++++++++&de=000017&ef=PTD&fg=1"
"433","社團法人台灣原住民族文化永續發展協會","http://cdcb.judicial.gov.tw/abbs/wkw/WHD6K05.jsp?ab=AAAdkxAAHAAAOypAAI&bc=100&cd=%AA%6B%B5%6E%AA%C0++++++++++++++&de=000019&ef=PTD&fg=1"
"434","社團法人屏東縣健康板彈球協會","http://cdcb.judicial.gov.tw/abbs/wkw/WHD6K05.jsp?ab=AAAdkxAAHAAADuUAAE&bc=100&cd=%AA%6B%B5%6E%AA%C0++++++++++++++&de=000020&ef=PTD&fg=1"
"436","社團法人屏東縣茄冬文史協會","http://cdcb.judicial.gov.tw/abbs/wkw/WHD6K05.jsp?ab=AAAdkxAAHAAAORrAAK&bc=100&cd=%AA%6B%B5%6E%AA%C0++++++++++++++&de=000022&ef=PTD&fg=1"
"438","社團法人水噹噹關懷協會","http://cdcb.judicial.gov.tw/abbs/wkw/WHD6K05.jsp?ab=AAAdkxAAHAAAOSDAAA&bc=100&cd=%AA%6B%B5%6E%AA%C0++++++++++++++&de=000024&ef=PTD&fg=1"
"439","社團法人中華民國躍愛全人關懷協會","http://cdcb.judicial.gov.tw/abbs/wkw/WHD6K05.jsp?ab=AAAdkxAAHAAADwFAAA&bc=100&cd=%AA%6B%B5%6E%AA%C0++++++++++++++&de=000025&ef=PTD&fg=1"
"419","社團法人屏東縣萬丹鄉紫靈文化發展協會","http://cdcb.judicial.gov.tw/abbs/wkw/WHD6K05.jsp?ab=AAAdkxAAHAAALT3AAI&bc=100&cd=%AA%6B%B5%6E%AA%C0++++++++++++++&de=000006&ef=PTD&fg=1"
"420","社團法人屏東縣屏東福杯基督教關懷救助協會","http://cdcb.judicial.gov.tw/abbs/wkw/WHD6K05.jsp?ab=AAAdkxAAHAAAIk5AAE&bc=100&cd=%AA%6B%B5%6E%AA%C0++++++++++++++&de=000007&ef=PTD&fg=1"
"421","社團法人屏東縣基督教青年會","http://cdcb.judicial.gov.tw/abbs/wkw/WHD6K05.jsp?ab=AAAdkxAAHAAAJ%2F%2FAAC&bc=100&cd=%AA%6B%B5%6E%AA%C0++++++++++++++&de=000008&ef=PTD&fg=1"
"423","社團法人屏東縣人力資源促進生產發展協會","http://cdcb.judicial.gov.tw/abbs/wkw/WHD6K05.jsp?ab=AAAdkxAAHAAAJ%2BuAAF&bc=100&cd=%AA%6B%B5%6E%AA%C0++++++++++++++&de=000010&ef=PTD&fg=1"
"424","社團法人屏東縣身心障礙者自立協會","http://cdcb.judicial.gov.tw/abbs/wkw/WHD6K05.jsp?ab=AAAdkxAAHAAAIkmAAE&bc=100&cd=%AA%6B%B5%6E%AA%C0++++++++++++++&de=000011&ef=PTD&fg=1"
"426","社團法人屏東縣華生社會福利協會","http://cdcb.judicial.gov.tw/abbs/wkw/WHD6K05.jsp?ab=AAAdkxAAHAAAJ%2FIAAI&bc=100&cd=%AA%6B%B5%6E%AA%C0++++++++++++++&de=000013&ef=PTD&fg=1"
"429","社團法人中華民國台灣協助犬協會","http://cdcb.judicial.gov.tw/abbs/wkw/WHD6K05.jsp?ab=AAAdkxAAHAAAPkcAAC&bc=100&cd=%AA%6B%B5%6E%AA%C0++++++++++++++&de=000015&ef=PTD&fg=1"
"349","財團法人屏東縣私立寶建社會福利慈善事業基金會","http://cdcb.judicial.gov.tw/abbs/wkw/WHD6K05.jsp?ab=AAAdkxAAHAAAF4PAAI&bc=100&cd=%AA%6B%B5%6E%A5%4C++++++++++++++&de=000101&ef=PTD&fg=1"
"163","財團法人屏東縣私立明聖佛院社會福利慈善事業基金會","http://cdcb.judicial.gov.tw/abbs/wkw/WHD6K05.jsp?ab=AAAdkxAAHAAAF55AAC&bc=100&cd=%AA%6B%B5%6E%A5%4C++++++++++++++&de=000104&ef=PTD&fg=1"
"414","屏東縣天營慈善會","http://cdcb.judicial.gov.tw/abbs/wkw/WHD6K05.jsp?ab=AAAdkxAAHAAAHtPAAE&bc=100&cd=%AA%6B%B5%6E%AA%C0++++++++++++++&de=000001&ef=PTD&fg=1"
"415","社團法人屏東縣向陽康復之友協會","http://cdcb.judicial.gov.tw/abbs/wkw/WHD6K05.jsp?ab=AAAdkxAAHAAAHuoAAH&bc=100&cd=%AA%6B%B5%6E%AA%C0++++++++++++++&de=000002&ef=PTD&fg=1"
"416","社團法人屏東縣原住民社會公益服務協會","http://cdcb.judicial.gov.tw/abbs/wkw/WHD6K05.jsp?ab=AAAdkxAAHAAAGxCAAB&bc=100&cd=%AA%6B%B5%6E%AA%C0++++++++++++++&de=000003&ef=PTD&fg=1"
"418","社團法人屏東縣萬巒鄉明發公眾事務發展協會","http://cdcb.judicial.gov.tw/abbs/wkw/WHD6K05.jsp?ab=AAAdkxAAHAAAGz%2BAAI&bc=100&cd=%AA%6B%B5%6E%AA%C0++++++++++++++&de=000005&ef=PTD&fg=1"
"401","社團法人台灣職能培訓發展協會","http://cdcb.judicial.gov.tw/abbs/wkw/WHD6K05.jsp?ab=AAAdkxAAHAAAOzHAAE&bc=100&cd=%AA%6B%B5%6E%A5%4C++++++++++++++&de=000091&ef=PTD&fg=1"
"316","社團法人屏東縣高樹鄉民俗推展協會","http://cdcb.judicial.gov.tw/abbs/wkw/WHD6K05.jsp?ab=AAAdkxAAHAAADwCAAF&bc=100&cd=%AA%6B%B5%6E%A5%4C++++++++++++++&de=000093&ef=PTD&fg=1"
"296","社團法人台灣創意產業發展學會","http://cdcb.judicial.gov.tw/abbs/wkw/WHD6K05.jsp?ab=AAAdkxAAHAAAF4%2FAAD&bc=100&cd=%AA%6B%B5%6E%A5%4C++++++++++++++&de=000097&ef=PTD&fg=1"
"305","社團法人屏東縣英文教育學會","http://cdcb.judicial.gov.tw/abbs/wkw/WHD6K05.jsp?ab=AAAdkxAAHAAADvyAAA&bc=100&cd=%AA%6B%B5%6E%A5%4C++++++++++++++&de=000085&ef=PTD&fg=1"
"31","財團法人台灣省屏東縣里港雙慈宮","http://cdcb.judicial.gov.tw/abbs/wkw/WHD6K05.jsp?ab=AAAdkxAAHAAABdrAAB&bc=100&cd=%AA%6B%B5%6E%A5%4C++++++++++++++&de=000086&ef=PTD&fg=1"
"323","社團法人台灣世界愛滋快樂聯盟","http://cdcb.judicial.gov.tw/abbs/wkw/WHD6K05.jsp?ab=AAAdkxAAHAAADv%2FAAE&bc=100&cd=%AA%6B%B5%6E%A5%4C++++++++++++++&de=000087&ef=PTD&fg=1"
"291","社團法人屏東縣基督教奮興聯結會","http://cdcb.judicial.gov.tw/abbs/wkw/WHD6K05.jsp?ab=AAAdkxAAHAAABdTAAD&bc=100&cd=%AA%6B%B5%6E%A5%4C++++++++++++++&de=000089&ef=PTD&fg=1"
"41","財團法人台灣省屏東縣琉球鄉水仙宮","http://cdcb.judicial.gov.tw/abbs/wkw/WHD6K05.jsp?ab=AAAdkxAAHAAAOQyAAB&bc=100&cd=%AA%6B%B5%6E%A5%4C++++++++++++++&de=000071&ef=PTD&fg=1"
"137","佑青醫療財團法人","http://cdcb.judicial.gov.tw/abbs/wkw/WHD6K05.jsp?ab=AAAdkxAAHAAAPlRAAB&bc=100&cd=%AA%6B%B5%6E%A5%4C++++++++++++++&de=000072&ef=PTD&fg=1"
"343","社團法人中華基督教羅騰樹關懷協會","http://cdcb.judicial.gov.tw/abbs/wkw/WHD6K05.jsp?ab=AAAdkxAAHAAAORKAAD&bc=100&cd=%AA%6B%B5%6E%A5%4C++++++++++++++&de=000076&ef=PTD&fg=1"
"202","社團法人屏東縣高樹鄉婦女服務發展協會","http://cdcb.judicial.gov.tw/abbs/wkw/WHD6K05.jsp?ab=AAAdkxAAHAAADvtAAK&bc=100&cd=%AA%6B%B5%6E%A5%4C++++++++++++++&de=000077&ef=PTD&fg=1"
"52","財團法人屏東縣後備軍人獎學金基金會","http://cdcb.judicial.gov.tw/abbs/wkw/WHD6K05.jsp?ab=AAAdkxAAHAAAPk3AAJ&bc=100&cd=%AA%6B%B5%6E%A5%4C++++++++++++++&de=000064&ef=PTD&fg=1"
"295","社團法人屏東縣竹田鄉社區服務推展協會","http://cdcb.judicial.gov.tw/abbs/wkw/WHD6K05.jsp?ab=AAAdkxAAHAAAOzmAAK&bc=100&cd=%AA%6B%B5%6E%A5%4C++++++++++++++&de=000067&ef=PTD&fg=1"
"62","財團法人台灣省屏東縣基督教協同會勝利禮拜堂","http://cdcb.judicial.gov.tw/abbs/wkw/WHD6K05.jsp?ab=AAAdkxAAHAAAOzqAAB&bc=100&cd=%AA%6B%B5%6E%A5%4C++++++++++++++&de=000069&ef=PTD&fg=1"
"193","財團法人屏東縣立枋寮高級中學教育基金會","http://cdcb.judicial.gov.tw/abbs/wkw/WHD6K05.jsp?ab=AAAdkxAAHAAAMY4AAJ&bc=100&cd=%AA%6B%B5%6E%A5%4C++++++++++++++&de=000052&ef=PTD&fg=1"
"72","財團法人天主教玫瑰道明傳教修女會","http://cdcb.judicial.gov.tw/abbs/wkw/WHD6K05.jsp?ab=AAAdkxAAHAAAIl8AAG&bc=100&cd=%AA%6B%B5%6E%A5%4C++++++++++++++&de=000056&ef=PTD&fg=1"
"231","社團法人屏東縣綠元氣產業交流促進會","http://cdcb.judicial.gov.tw/abbs/wkw/WHD6K05.jsp?ab=AAAdkxAAHAAAMZeAAJ&bc=100&cd=%AA%6B%B5%6E%A5%4C++++++++++++++&de=000042&ef=PTD&fg=1"
"119","財團法人屏東縣教育會文教基金會","http://cdcb.judicial.gov.tw/abbs/wkw/WHD6K05.jsp?ab=AAAdkxAAHAAAMZiAAG&bc=100&cd=%AA%6B%B5%6E%A5%4C++++++++++++++&de=000043&ef=PTD&fg=1"
"139","財團法人屏東縣高樹國小文教基金會","http://cdcb.judicial.gov.tw/abbs/wkw/WHD6K05.jsp?ab=AAAdkxAAHAAAL1KAAJ&bc=100&cd=%AA%6B%B5%6E%A5%4C++++++++++++++&de=000045&ef=PTD&fg=1"
"377","社團法人屏東縣聖華關懷協會","http://cdcb.judicial.gov.tw/abbs/wkw/WHD6K05.jsp?ab=AAAdkxAAHAAALUGAAG&bc=100&cd=%AA%6B%B5%6E%A5%4C++++++++++++++&de=000030&ef=PTD&fg=1"
"153","財團法人屏東縣私立椰子園老人養護之家","http://cdcb.judicial.gov.tw/abbs/wkw/WHD6K05.jsp?ab=AAAdkxAAHAAALTzAAL&bc=100&cd=%AA%6B%B5%6E%A5%4C++++++++++++++&de=000032&ef=PTD&fg=1"
"224","社團法人屏東縣身心障礙運動推展協會","http://cdcb.judicial.gov.tw/abbs/wkw/WHD6K05.jsp?ab=AAAdkxAAHAAALUGAAF&bc=100&cd=%AA%6B%B5%6E%A5%4C++++++++++++++&de=000033&ef=PTD&fg=1"
"264","社團法人屏東縣兒童少年關懷協會","http://cdcb.judicial.gov.tw/abbs/wkw/WHD6K05.jsp?ab=AAAdkxAAHAAALT3AAJ&bc=100&cd=%AA%6B%B5%6E%A5%4C++++++++++++++&de=000034&ef=PTD&fg=1"
"266","社團法人屏東縣基督教潮州真道傳道會","http://cdcb.judicial.gov.tw/abbs/wkw/WHD6K05.jsp?ab=AAAdkxAAHAAALT3AAK&bc=100&cd=%AA%6B%B5%6E%A5%4C++++++++++++++&de=000035&ef=PTD&fg=1"
"109","社團法人屏東縣慈光社","http://cdcb.judicial.gov.tw/abbs/wkw/WHD6K05.jsp?ab=AAAdkxAAHAAAIOIAAE&bc=100&cd=%AA%6B%B5%6E%A5%4C++++++++++++++&de=000037&ef=PTD&fg=1"
"171","財團法人屏東縣私立吳崑山社會福利慈善事業基金會","http://cdcb.judicial.gov.tw/abbs/wkw/WHD6K05.jsp?ab=AAAdkxAAHAAAIOFAAF&bc=100&cd=%AA%6B%B5%6E%A5%4C++++++++++++++&de=000038&ef=PTD&fg=1"
"135","社團法人屏東縣聾啞福利協進會","http://cdcb.judicial.gov.tw/abbs/wkw/WHD6K05.jsp?ab=AAAdkxAAHAAAIk5AAG&bc=100&cd=%AA%6B%B5%6E%A5%4C++++++++++++++&de=000039&ef=PTD&fg=1"
"146","社團法人屏東縣九如鄉民俗推展協會","http://cdcb.judicial.gov.tw/abbs/wkw/WHD6K05.jsp?ab=AAAdkxAAHAAAHHPAAF&bc=100&cd=%AA%6B%B5%6E%A5%4C++++++++++++++&de=000020&ef=PTD&fg=1"
"152","財團法人泰美教育基金會","http://cdcb.judicial.gov.tw/abbs/wkw/WHD6K05.jsp?ab=AAAdkxAAHAAAIOHAAB&bc=100&cd=%AA%6B%B5%6E%A5%4C++++++++++++++&de=000021&ef=PTD&fg=1"
"129","財團法人國立屏東科技大學校友文教基金會","http://cdcb.judicial.gov.tw/abbs/wkw/WHD6K05.jsp?ab=AAAdkxAAHAAAIpzAAK&bc=100&cd=%AA%6B%B5%6E%A5%4C++++++++++++++&de=000027&ef=PTD&fg=1"
"413","社團法人屏東縣物理治療師公會","http://cdcb.judicial.gov.tw/abbs/wkw/WHD6K05.jsp?ab=AAAdkxAAHAAACkZAAH&bc=100&cd=%AA%6B%B5%6E%A5%4C++++++++++++++&de=000014&ef=PTD&fg=1"
"208","社團法人屏東縣數學心算學會","http://cdcb.judicial.gov.tw/abbs/wkw/WHD6K05.jsp?ab=AAAdkxAAHAAAE3HAAI&bc=100&cd=%AA%6B%B5%6E%A5%4C++++++++++++++&de=000018&ef=PTD&fg=1"
"212","財團法人中國基督教靈糧世界佈道會屏東靈糧堂","http://cdcb.judicial.gov.tw/abbs/wkw/WHD6K05.jsp?ab=AAAdkxAAHAAACmNAAC&bc=100&cd=%AA%6B%B5%6E%A5%4C++++++++++++++&de=000001&ef=PTD&fg=1"
"70","財團法人中華基督教協同會屏東市感恩禮拜堂","http://cdcb.judicial.gov.tw/abbs/wkw/WHD6K05.jsp?ab=AAAdkxAAHAAAE3eAAG&bc=100&cd=%AA%6B%B5%6E%A5%4C++++++++++++++&de=000006&ef=PTD&fg=1"
"179","財團法人基督教中央教會總部","http://cdcb.judicial.gov.tw/abbs/wkw/WHD6K05.jsp?ab=AAAdkxAAHAAAHtRAAA&bc=100&cd=%AA%6B%B5%6E%A5%4C++++++++++++++&de=000007&ef=PTD&fg=1"
"406","社團法人屏東縣萬巒鄉新置水資源協會","http://cdcb.judicial.gov.tw/abbs/wkw/WHD6K05.jsp?ab=AAAdkxAAHAAACoeAAI&bc=099&cd=%AA%6B%B5%6E%AA%C0++++++++++++++&de=000030&ef=PTD&fg=1"
"409","屏東縣善工全人關懷協會","http://cdcb.judicial.gov.tw/abbs/wkw/WHD6K05.jsp?ab=AAAdkxAAHAAACl3AAL&bc=099&cd=%AA%6B%B5%6E%AA%C0++++++++++++++&de=000032&ef=PTD&fg=1"
"412","社團法人中華民國生命豐盛關懷協會","http://cdcb.judicial.gov.tw/abbs/wkw/WHD6K05.jsp?ab=AAAdkxAAHAAAE3kAAB&bc=099&cd=%AA%6B%B5%6E%AA%C0++++++++++++++&de=000035&ef=PTD&fg=1"
"395","財團法人創世社會福利基金會","http://cdcb.judicial.gov.tw/abbs/wkw/WHD6K05.jsp?ab=AAAdkxAAHAAANskAAE&bc=099&cd=%AA%6B%B5%6E%B0%5D++++++++++++++&de=000002&ef=PTD&fg=1"
"396","屏東縣永明蓮社","http://cdcb.judicial.gov.tw/abbs/wkw/WHD6K05.jsp?ab=AAAdkxAAHAAANt0AAA&bc=099&cd=%AA%6B%B5%6E%B0%5D++++++++++++++&de=000003&ef=PTD&fg=1"
"394","中華民國道緣五明慈善教育學會","http://cdcb.judicial.gov.tw/abbs/wkw/WHD6K05.jsp?ab=AAAdkxAAHAAANslAAK&bc=099&cd=%AA%6B%B5%6E%AA%C0++++++++++++++&de=000020&ef=PTD&fg=1"
"397","屏東縣共勝堂人文藝術推展協會","http://cdcb.judicial.gov.tw/abbs/wkw/WHD6K05.jsp?ab=AAAdkxAAHAAANtoAAG&bc=099&cd=%AA%6B%B5%6E%AA%C0++++++++++++++&de=000021&ef=PTD&fg=1"
"398","屏東縣觀光工廠促進協會","http://cdcb.judicial.gov.tw/abbs/wkw/WHD6K05.jsp?ab=AAAdkxAAHAAANtsAAF&bc=099&cd=%AA%6B%B5%6E%AA%C0++++++++++++++&de=000022&ef=PTD&fg=1"
"399","屏東縣表演藝術中心推廣協會","http://cdcb.judicial.gov.tw/abbs/wkw/WHD6K05.jsp?ab=AAAdkxAAHAAANsiAAI&bc=099&cd=%AA%6B%B5%6E%AA%C0++++++++++++++&de=000023&ef=PTD&fg=1"
"400","社團法人屏東縣關懷弱勢婦女職能發展協會","http://cdcb.judicial.gov.tw/abbs/wkw/WHD6K05.jsp?ab=AAAdkxAAHAAACv7AAL&bc=099&cd=%AA%6B%B5%6E%AA%C0++++++++++++++&de=000024&ef=PTD&fg=1"
"402","社團法人屏東縣屏東市東嶽鑾生慈善會","http://cdcb.judicial.gov.tw/abbs/wkw/WHD6K05.jsp?ab=AAAdkxAAHAAACuGAAL&bc=099&cd=%AA%6B%B5%6E%AA%C0++++++++++++++&de=000026&ef=PTD&fg=1"
"403","社團法人屏東縣社團人機系統安全協會","http://cdcb.judicial.gov.tw/abbs/wkw/WHD6K05.jsp?ab=AAAdkxAAHAAACp8AAK&bc=099&cd=%AA%6B%B5%6E%AA%C0++++++++++++++&de=000027&ef=PTD&fg=1"
"404","社團法人屏東縣美容產業推廣交流協會","http://cdcb.judicial.gov.tw/abbs/wkw/WHD6K05.jsp?ab=AAAdkxAAHAAACleAAA&bc=099&cd=%AA%6B%B5%6E%AA%C0++++++++++++++&de=000028&ef=PTD&fg=1"
"383","社團法人台灣仕馨服務協會","http://cdcb.judicial.gov.tw/abbs/wkw/WHD6K05.jsp?ab=AAAdkxAAHAAANskAAJ&bc=099&cd=%AA%6B%B5%6E%AA%C0++++++++++++++&de=000010&ef=PTD&fg=1"
"386","社團法人屏東縣生命線協會","http://cdcb.judicial.gov.tw/abbs/wkw/WHD6K05.jsp?ab=AAAdkxAAHAAANs7AAF&bc=099&cd=%AA%6B%B5%6E%AA%C0++++++++++++++&de=000012&ef=PTD&fg=1"
"387","社團法人中華民國科技美容協會","http://cdcb.judicial.gov.tw/abbs/wkw/WHD6K05.jsp?ab=AAAdkxAAHAAANtwAAB&bc=099&cd=%AA%6B%B5%6E%AA%C0++++++++++++++&de=000013&ef=PTD&fg=1"
"388","社團法人屏東縣終生學習大學教育推廣協會","http://cdcb.judicial.gov.tw/abbs/wkw/WHD6K05.jsp?ab=AAAdkxAAHAAANslAAJ&bc=099&cd=%AA%6B%B5%6E%AA%C0++++++++++++++&de=000014&ef=PTD&fg=1"
"389","社團法人屏東縣社會福利聯盟","http://cdcb.judicial.gov.tw/abbs/wkw/WHD6K05.jsp?ab=AAAdkxAAHAAANszAAF&bc=099&cd=%AA%6B%B5%6E%AA%C0++++++++++++++&de=000015&ef=PTD&fg=1"
"390","社團法人中國全真道教科儀經懺協會","http://cdcb.judicial.gov.tw/abbs/wkw/WHD6K05.jsp?ab=AAAdkxAAHAAANseAAK&bc=099&cd=%AA%6B%B5%6E%AA%C0++++++++++++++&de=000016&ef=PTD&fg=1"
"391","社團法人屏東縣生命多元發展協會","http://cdcb.judicial.gov.tw/abbs/wkw/WHD6K05.jsp?ab=AAAdkxAAHAAANseAAB&bc=099&cd=%AA%6B%B5%6E%AA%C0++++++++++++++&de=000017&ef=PTD&fg=1"
"392","社團法人屏東縣林姓宗親會","http://cdcb.judicial.gov.tw/abbs/wkw/WHD6K05.jsp?ab=AAAdkxAAHAAANtwAAC&bc=099&cd=%AA%6B%B5%6E%AA%C0++++++++++++++&de=000018&ef=PTD&fg=1"
"374","社團法人屏東縣屏東市北極宮帝爺會","http://cdcb.judicial.gov.tw/abbs/wkw/WHD6K05.jsp?ab=AAAdkxAAHAAANskAAM&bc=099&cd=%AA%6B%B5%6E%AA%C0++++++++++++++&de=000001&ef=PTD&fg=1"
"376","社團法人屏東縣來義鄉布族努克祖靈屋傳統文化協會","http://cdcb.judicial.gov.tw/abbs/wkw/WHD6K05.jsp?ab=AAAdkxAAHAAANslAAG&bc=099&cd=%AA%6B%B5%6E%AA%C0++++++++++++++&de=000003&ef=PTD&fg=1"
"378","社團法人屏東縣生活美學社教協會","http://cdcb.judicial.gov.tw/abbs/wkw/WHD6K05.jsp?ab=AAAdkxAAHAAANtsAAL&bc=099&cd=%AA%6B%B5%6E%AA%C0++++++++++++++&de=000005&ef=PTD&fg=1"
"379","社團法人台灣關懷急難救助協會","http://cdcb.judicial.gov.tw/abbs/wkw/WHD6K05.jsp?ab=AAAdkxAAHAAANs%2FAAC&bc=099&cd=%AA%6B%B5%6E%AA%C0++++++++++++++&de=000006&ef=PTD&fg=1"
"380","社團法人屏東縣社會工作師公會","http://cdcb.judicial.gov.tw/abbs/wkw/WHD6K05.jsp?ab=AAAdkxAAHAAANsiAAF&bc=099&cd=%AA%6B%B5%6E%AA%C0++++++++++++++&de=000007&ef=PTD&fg=1"
"381","社團法人屏東縣資訊教育暨服務協會","http://cdcb.judicial.gov.tw/abbs/wkw/WHD6K05.jsp?ab=AAAdkxAAHAAANtsAAM&bc=099&cd=%AA%6B%B5%6E%AA%C0++++++++++++++&de=000008&ef=PTD&fg=1"
"382","社團法人屏東縣屏東市寒山氣功協會","http://cdcb.judicial.gov.tw/abbs/wkw/WHD6K05.jsp?ab=AAAdkxAAHAAANslAAA&bc=099&cd=%AA%6B%B5%6E%AA%C0++++++++++++++&de=000009&ef=PTD&fg=1"
"268","社團法人中華民國人文資源研究學會","http://cdcb.judicial.gov.tw/abbs/wkw/WHD6K05.jsp?ab=AAAdkxAAHAAAE6qAAH&bc=099&cd=%AA%6B%B5%6E%A5%4C++++++++++++++&de=000054&ef=PTD&fg=1"
"301","社團法人屏東縣東港鎮安南堂轎班促進會","http://cdcb.judicial.gov.tw/abbs/wkw/WHD6K05.jsp?ab=AAAdkxAAHAAAE9%2FAAE&bc=099&cd=%AA%6B%B5%6E%A5%4C++++++++++++++&de=000059&ef=PTD&fg=1"
"194","財團法人海洋發展教育基金會","http://cdcb.judicial.gov.tw/abbs/wkw/WHD6K05.jsp?ab=AAAdkxAAHAAAE9iAAH&bc=099&cd=%AA%6B%B5%6E%A5%4C++++++++++++++&de=000061&ef=PTD&fg=1"
"157","財團法人屏東縣私立聖欣老人養護中心","http://cdcb.judicial.gov.tw/abbs/wkw/WHD6K05.jsp?ab=AAAdkxAAHAAANseAAL&bc=099&cd=%AA%6B%B5%6E%A5%4C++++++++++++++&de=000037&ef=PTD&fg=1"
"101","財團法人國立屏東教育大學教育基金會","http://cdcb.judicial.gov.tw/abbs/wkw/WHD6K05.jsp?ab=AAAdkxAAHAAANshAAB&bc=099&cd=%AA%6B%B5%6E%A5%4C++++++++++++++&de=000029&ef=PTD&fg=1"
"15","財團法人屏東縣新藥會館","http://cdcb.judicial.gov.tw/abbs/wkw/WHD6K05.jsp?ab=AAAdkxAAHAAANslAAF&bc=099&cd=%AA%6B%B5%6E%A5%4C++++++++++++++&de=000007&ef=PTD&fg=1"
"368","社團法人屏東縣農業發展協會","http://cdcb.judicial.gov.tw/abbs/wkw/WHD6K05.jsp?ab=AAAdkxAAHAAANszAAE&bc=098&cd=%AA%6B%B5%6E%AA%C0++++++++++++++&de=000016&ef=PTD&fg=1"
"370","社團法人台灣基督永生神宣教協會","http://cdcb.judicial.gov.tw/abbs/wkw/WHD6K05.jsp?ab=AAAdkxAAHAAANsfAAB&bc=098&cd=%AA%6B%B5%6E%AA%C0++++++++++++++&de=000017&ef=PTD&fg=1"
"371","社團法人屏東縣天祥宇宙聖道會","http://cdcb.judicial.gov.tw/abbs/wkw/WHD6K05.jsp?ab=AAAdkxAAHAAANtoAAH&bc=098&cd=%AA%6B%B5%6E%AA%C0++++++++++++++&de=000018&ef=PTD&fg=1"
"372","社團法人屏東縣公益慈善協會","http://cdcb.judicial.gov.tw/abbs/wkw/WHD6K05.jsp?ab=AAAdkxAAHAAANszAAC&bc=098&cd=%AA%6B%B5%6E%AA%C0++++++++++++++&de=000019&ef=PTD&fg=1"
"373","社團法人屏東縣導聾犬協會","http://cdcb.judicial.gov.tw/abbs/wkw/WHD6K05.jsp?ab=AAAdkxAAHAAANskAAI&bc=098&cd=%AA%6B%B5%6E%AA%C0++++++++++++++&de=000020&ef=PTD&fg=1"
"359","社團法人屏東縣新埤鄉協修慈善功德會","http://cdcb.judicial.gov.tw/abbs/wkw/WHD6K05.jsp?ab=AAAdkxAAHAAANtkAAM&bc=098&cd=%AA%6B%B5%6E%AA%C0++++++++++++++&de=000008&ef=PTD&fg=1"
"361","社團法人屏東縣手語翻譯推廣協會","http://cdcb.judicial.gov.tw/abbs/wkw/WHD6K05.jsp?ab=AAAdkxAAHAAANs7AAE&bc=098&cd=%AA%6B%B5%6E%AA%C0++++++++++++++&de=000010&ef=PTD&fg=1"
"362","社團法人屏東縣來義鄉原住民陶瓷工藝推廣協會","http://cdcb.judicial.gov.tw/abbs/wkw/WHD6K05.jsp?ab=AAAdkxAAHAAANtsAAH&bc=098&cd=%AA%6B%B5%6E%AA%C0++++++++++++++&de=000011&ef=PTD&fg=1"
"363","社團法人屏東縣深耕永續發展協會","http://cdcb.judicial.gov.tw/abbs/wkw/WHD6K05.jsp?ab=AAAdkxAAHAAANsiAAB&bc=098&cd=%AA%6B%B5%6E%AA%C0++++++++++++++&de=000012&ef=PTD&fg=1"
"364","社團法人屏東縣禪武術推廣協會","http://cdcb.judicial.gov.tw/abbs/wkw/WHD6K05.jsp?ab=AAAdkxAAHAAANshAAD&bc=098&cd=%AA%6B%B5%6E%AA%C0++++++++++++++&de=000013&ef=PTD&fg=1"
"365","社團法人屏東縣潮州鎮迦納溫馨協會","http://cdcb.judicial.gov.tw/abbs/wkw/WHD6K05.jsp?ab=AAAdkxAAHAAANtsAAK&bc=098&cd=%AA%6B%B5%6E%AA%C0++++++++++++++&de=000014&ef=PTD&fg=1"
"366","社團法人屏東縣東津民俗技藝協會","http://cdcb.judicial.gov.tw/abbs/wkw/WHD6K05.jsp?ab=AAAdkxAAHAAANshAAG&bc=098&cd=%AA%6B%B5%6E%AA%C0++++++++++++++&de=000015&ef=PTD&fg=1"
"143","財團法人台灣省屏東縣潮州鎮朝林宮","http://cdcb.judicial.gov.tw/abbs/wkw/WHD6K05.jsp?ab=AAAdkxAAHAAANtoAAA&bc=098&cd=%AA%6B%B5%6E%A5%4C++++++++++++++&de=000068&ef=PTD&fg=1"
"352","社團法人屏東縣諮商心理師公會","http://cdcb.judicial.gov.tw/abbs/wkw/WHD6K05.jsp?ab=AAAdkxAAHAAANt0AAF&bc=098&cd=%AA%6B%B5%6E%AA%C0++++++++++++++&de=000002&ef=PTD&fg=1"
"353","社團法人屏東縣職能治療師公會","http://cdcb.judicial.gov.tw/abbs/wkw/WHD6K05.jsp?ab=AAAdkxAAHAAANt0AAH&bc=098&cd=%AA%6B%B5%6E%AA%C0++++++++++++++&de=000003&ef=PTD&fg=1"
"354","社團法人中華民國慈惠善導書院文化教育研究協會","http://cdcb.judicial.gov.tw/abbs/wkw/WHD6K05.jsp?ab=AAAdkxAAHAAANt0AAJ&bc=098&cd=%AA%6B%B5%6E%AA%C0++++++++++++++&de=000004&ef=PTD&fg=1"
"356","社團法人屏東縣迦葉殊苑老人暨家庭關懷協會","http://cdcb.judicial.gov.tw/abbs/wkw/WHD6K05.jsp?ab=AAAdkxAAHAAANseAAD&bc=098&cd=%AA%6B%B5%6E%AA%C0++++++++++++++&de=000005&ef=PTD&fg=1"
"175","財團法人國立海洋生物博物館教育基金會","http://cdcb.judicial.gov.tw/abbs/wkw/WHD6K05.jsp?ab=AAAdkxAAHAAANtkAAN&bc=098&cd=%AA%6B%B5%6E%A5%4C++++++++++++++&de=000063&ef=PTD&fg=1"
"367","社團法人中華民國珊瑚礁學會","http://cdcb.judicial.gov.tw/abbs/wkw/WHD6K05.jsp?ab=AAAdkxAAHAAANsfAAE&bc=098&cd=%AA%6B%B5%6E%A5%4C++++++++++++++&de=000056&ef=PTD&fg=1"
"199","社團法人屏東縣南州鄉長春老人會","http://cdcb.judicial.gov.tw/abbs/wkw/WHD6K05.jsp?ab=AAAdkxAAHAAANsiAAC&bc=098&cd=%AA%6B%B5%6E%A5%4C++++++++++++++&de=000039&ef=PTD&fg=1"
"344","社團法人中華民國海洋安全暨冒險學習發展協會","http://cdcb.judicial.gov.tw/abbs/wkw/WHD6K05.jsp?ab=AAAdkxAAHAAANs%2FAAD&bc=098&cd=%AA%6B%B5%6E%A5%4C++++++++++++++&de=000031&ef=PTD&fg=1"
"106","社團法人屏東縣啟智協進會","http://cdcb.judicial.gov.tw/abbs/wkw/WHD6K05.jsp?ab=AAAdkxAAHAAANskAAL&bc=098&cd=%AA%6B%B5%6E%A5%4C++++++++++++++&de=000035&ef=PTD&fg=1"
"160","財團法人屏東縣私立基督教沐恩之家","http://cdcb.judicial.gov.tw/abbs/wkw/WHD6K05.jsp?ab=AAAdkxAAHAAANs%2FAAE&bc=098&cd=%AA%6B%B5%6E%A5%4C++++++++++++++&de=000037&ef=PTD&fg=1"
"64","財團法人台灣省屏東縣高樹鄉基督教會","http://cdcb.judicial.gov.tw/abbs/wkw/WHD6K05.jsp?ab=AAAdkxAAHAAANt0AAG&bc=098&cd=%AA%6B%B5%6E%A5%4C++++++++++++++&de=000024&ef=PTD&fg=1"
"347","社團法人屏東縣來義鄉靈佳樂祖靈屋傳統文化協會","http://cdcb.judicial.gov.tw/abbs/wkw/WHD6K05.jsp?ab=AAAdkxAAHAAANtBAAH&bc=097&cd=%AA%6B%B5%6E%AA%C0++++++++++++++&de=000024&ef=PTD&fg=1"
"337","社團法人屏東縣牡丹鄉青溪婦女服務協會","http://cdcb.judicial.gov.tw/abbs/wkw/WHD6K05.jsp?ab=AAAdkxAAHAAANstAAF&bc=097&cd=%AA%6B%B5%6E%AA%C0++++++++++++++&de=000014&ef=PTD&fg=1"
"338","社團法人屏東縣麻里巴文化培力協會","http://cdcb.judicial.gov.tw/abbs/wkw/WHD6K05.jsp?ab=AAAdkxAAHAAANs5AAM&bc=097&cd=%AA%6B%B5%6E%AA%C0++++++++++++++&de=000015&ef=PTD&fg=1"
"339","社團法人屏東縣社區志工服務協會","http://cdcb.judicial.gov.tw/abbs/wkw/WHD6K05.jsp?ab=AAAdkxAAHAAANsYAAE&bc=097&cd=%AA%6B%B5%6E%AA%C0++++++++++++++&de=000016&ef=PTD&fg=1"
"340","社團法人屏東縣新埤鄉愛鄉發展協會","http://cdcb.judicial.gov.tw/abbs/wkw/WHD6K05.jsp?ab=AAAdkxAAHAAANs8AAL&bc=097&cd=%AA%6B%B5%6E%AA%C0++++++++++++++&de=000017&ef=PTD&fg=1"
"342","社團法人臺灣寶島大愛世人全球世界聖道會","http://cdcb.judicial.gov.tw/abbs/wkw/WHD6K05.jsp?ab=AAAdkxAAHAAANsNAAD&bc=097&cd=%AA%6B%B5%6E%AA%C0++++++++++++++&de=000019&ef=PTD&fg=1"
"345","社團法人屏東縣國際復興基督教協會","http://cdcb.judicial.gov.tw/abbs/wkw/WHD6K05.jsp?ab=AAAdkxAAHAAANraAAI&bc=097&cd=%AA%6B%B5%6E%AA%C0++++++++++++++&de=000022&ef=PTD&fg=1"
"346","社團法人屏東縣鹽埔鄉萬暇慈心會","http://cdcb.judicial.gov.tw/abbs/wkw/WHD6K05.jsp?ab=AAAdkxAAHAAANrjAAF&bc=097&cd=%AA%6B%B5%6E%AA%C0++++++++++++++&de=000023&ef=PTD&fg=1"
"327","社團法人屏東縣東港鎮安海街轎班協會","http://cdcb.judicial.gov.tw/abbs/wkw/WHD6K05.jsp?ab=AAAdkxAAHAAANs9AAM&bc=097&cd=%AA%6B%B5%6E%AA%C0++++++++++++++&de=000004&ef=PTD&fg=1"
"328","社團法人臺灣原住民基層教師協會","http://cdcb.judicial.gov.tw/abbs/wkw/WHD6K05.jsp?ab=AAAdkxAAHAAANtBAAB&bc=097&cd=%AA%6B%B5%6E%AA%C0++++++++++++++&de=000005&ef=PTD&fg=1"
"329","社團法人屏東縣東港鎮朝東堂轎班促進會","http://cdcb.judicial.gov.tw/abbs/wkw/WHD6K05.jsp?ab=AAAdkxAAHAAANtBAAC&bc=097&cd=%AA%6B%B5%6E%AA%C0++++++++++++++&de=000006&ef=PTD&fg=1"
"335","社團法人中華三清功德會","http://cdcb.judicial.gov.tw/abbs/wkw/WHD6K05.jsp?ab=AAAdkxAAHAAANsoAAI&bc=097&cd=%AA%6B%B5%6E%AA%C0++++++++++++++&de=000012&ef=PTD&fg=1"
"324","社團法人台灣光明慈善功德會","http://cdcb.judicial.gov.tw/abbs/wkw/WHD6K05.jsp?ab=AAAdkxAAHAAANsxAAH&bc=097&cd=%AA%6B%B5%6E%AA%C0++++++++++++++&de=000001&ef=PTD&fg=1"
"111","財團法人中華民國台灣基督教信義會","http://cdcb.judicial.gov.tw/abbs/wkw/WHD6K05.jsp?ab=AAAdkxAAHAAANraAAC&bc=097&cd=%AA%6B%B5%6E%A5%4C++++++++++++++&de=000060&ef=PTD&fg=1"
"47","財團法人台灣省屏東縣潮州教會聚會所","http://cdcb.judicial.gov.tw/abbs/wkw/WHD6K05.jsp?ab=AAAdkxAAHAAANsaAAF&bc=097&cd=%AA%6B%B5%6E%A5%4C++++++++++++++&de=000014&ef=PTD&fg=1"
"132","財團法人基督教信義廣播中心","http://cdcb.judicial.gov.tw/abbs/wkw/WHD6K05.jsp?ab=AAAdkxAAHAAANtBAAD&bc=097&cd=%AA%6B%B5%6E%A5%4C++++++++++++++&de=000005&ef=PTD&fg=1"
"311","社團法人臺灣國際族群文化公益協會","http://cdcb.judicial.gov.tw/abbs/wkw/WHD6K05.jsp?ab=AAAdkxAAHAAAExYAAE&bc=097&cd=%AA%6B%B5%6E%A5%4C++++++++++++++&de=000010&ef=PTD&fg=1"
"317","社團法人屏東縣啟育育幼關懷協會","http://cdcb.judicial.gov.tw/abbs/wkw/WHD6K05.jsp?ab=AAAdkxAAHAAANssAAF&bc=096&cd=%AA%6B%B5%6E%AA%C0++++++++++++++&de=000038&ef=PTD&fg=1"
"318","社團法人屏東縣獅子鄉身心障礙者關懷協會","http://cdcb.judicial.gov.tw/abbs/wkw/WHD6K05.jsp?ab=AAAdkxAAHAAANssAAH&bc=096&cd=%AA%6B%B5%6E%AA%C0++++++++++++++&de=000039&ef=PTD&fg=1"
"319","社團法人屏東縣原住民族部落發展協會","http://cdcb.judicial.gov.tw/abbs/wkw/WHD6K05.jsp?ab=AAAdkxAAHAAANssAAK&bc=096&cd=%AA%6B%B5%6E%AA%C0++++++++++++++&de=000040&ef=PTD&fg=1"
"320","社團法人屏東縣希望家園協進會","http://cdcb.judicial.gov.tw/abbs/wkw/WHD6K05.jsp?ab=AAAdkxAAHAAANs8AAC&bc=096&cd=%AA%6B%B5%6E%AA%C0++++++++++++++&de=000041&ef=PTD&fg=1"
"321","社團法人屏東縣教師會","http://cdcb.judicial.gov.tw/abbs/wkw/WHD6K05.jsp?ab=AAAdkxAAHAAANs8AAD&bc=096&cd=%AA%6B%B5%6E%AA%C0++++++++++++++&de=000042&ef=PTD&fg=1"
"322","社團法人台灣勞工大聯盟協會","http://cdcb.judicial.gov.tw/abbs/wkw/WHD6K05.jsp?ab=AAAdkxAAHAAANsxAAF&bc=096&cd=%AA%6B%B5%6E%AA%C0++++++++++++++&de=000043&ef=PTD&fg=1"
"280","財團法人屏東縣私立永明社會福利慈善事業基金會","http://cdcb.judicial.gov.tw/abbs/wkw/WHD6K05.jsp?ab=AAAdkxAAHAAANsUAAK&bc=096&cd=%AA%6B%B5%6E%B0%5D++++++++++++++&de=000001&ef=PTD&fg=1"
"308","財團法人台南縣私立萬安社會福利慈善事業基金會","http://cdcb.judicial.gov.tw/abbs/wkw/WHD6K05.jsp?ab=AAAdkxAAHAAANsYAAB&bc=096&cd=%AA%6B%B5%6E%B0%5D++++++++++++++&de=000004&ef=PTD&fg=1"
"306","社團法人屏東縣三生農業推展協會","http://cdcb.judicial.gov.tw/abbs/wkw/WHD6K05.jsp?ab=AAAdkxAAHAAANsSAAJ&bc=096&cd=%AA%6B%B5%6E%AA%C0++++++++++++++&de=000028&ef=PTD&fg=1"
"310","社團法人屏東縣大戇牯環境保育協會","http://cdcb.judicial.gov.tw/abbs/wkw/WHD6K05.jsp?ab=AAAdkxAAHAAANsjAAJ&bc=096&cd=%AA%6B%B5%6E%AA%C0++++++++++++++&de=000031&ef=PTD&fg=1"
"312","社團法人屏東縣唐風新聞傳播文化學會","http://cdcb.judicial.gov.tw/abbs/wkw/WHD6K05.jsp?ab=AAAdkxAAHAAANsjAAL&bc=096&cd=%AA%6B%B5%6E%AA%C0++++++++++++++&de=000033&ef=PTD&fg=1"
"313","社團法人臺灣腎友關懷協會","http://cdcb.judicial.gov.tw/abbs/wkw/WHD6K05.jsp?ab=AAAdkxAAHAAANsjAAM&bc=096&cd=%AA%6B%B5%6E%AA%C0++++++++++++++&de=000034&ef=PTD&fg=1"
"314","社團法人屏東縣勞工志工服務協會","http://cdcb.judicial.gov.tw/abbs/wkw/WHD6K05.jsp?ab=AAAdkxAAHAAANriAAJ&bc=096&cd=%AA%6B%B5%6E%AA%C0++++++++++++++&de=000035&ef=PTD&fg=1"
"315","社團法人台灣海洋休閒運動發展協會","http://cdcb.judicial.gov.tw/abbs/wkw/WHD6K05.jsp?ab=AAAdkxAAHAAANriAAK&bc=096&cd=%AA%6B%B5%6E%AA%C0++++++++++++++&de=000036&ef=PTD&fg=1"
"297","社團法人屏東縣大鵬灣文化產業觀光促進會","http://cdcb.judicial.gov.tw/abbs/wkw/WHD6K05.jsp?ab=AAAdkxAAHAAANriAAE&bc=096&cd=%AA%6B%B5%6E%AA%C0++++++++++++++&de=000019&ef=PTD&fg=1"
"300","社團法人屏東縣竹田鄉社區人文關懷協會","http://cdcb.judicial.gov.tw/abbs/wkw/WHD6K05.jsp?ab=AAAdkxAAHAAANtIAAC&bc=096&cd=%AA%6B%B5%6E%AA%C0++++++++++++++&de=000022&ef=PTD&fg=1"
"302","社團法人屏東縣新埤鄉千三社區發展協會","http://cdcb.judicial.gov.tw/abbs/wkw/WHD6K05.jsp?ab=AAAdkxAAHAAANsSAAC&bc=096&cd=%AA%6B%B5%6E%AA%C0++++++++++++++&de=000024&ef=PTD&fg=1"
"287","社團法人屏東縣風之巢社區照顧暨健康促進協會","http://cdcb.judicial.gov.tw/abbs/wkw/WHD6K05.jsp?ab=AAAdkxAAHAAANsOAAM&bc=096&cd=%AA%6B%B5%6E%AA%C0++++++++++++++&de=000010&ef=PTD&fg=1"
"288","社團法人屏東縣內埔鄉內埔國中教師會","http://cdcb.judicial.gov.tw/abbs/wkw/WHD6K05.jsp?ab=AAAdkxAAHAAANsXAAB&bc=096&cd=%AA%6B%B5%6E%AA%C0++++++++++++++&de=000011&ef=PTD&fg=1"
"289","社團法人屏東縣新園鄉文甘兒童教育慈善會","http://cdcb.judicial.gov.tw/abbs/wkw/WHD6K05.jsp?ab=AAAdkxAAHAAANsXAAF&bc=096&cd=%AA%6B%B5%6E%AA%C0++++++++++++++&de=000012&ef=PTD&fg=1"
"290","社團法人屏東縣社區照護服務關懷協會","http://cdcb.judicial.gov.tw/abbs/wkw/WHD6K05.jsp?ab=AAAdkxAAHAAANsXAAH&bc=096&cd=%AA%6B%B5%6E%AA%C0++++++++++++++&de=000013&ef=PTD&fg=1"
"276","社團法人屏東縣恆春鎮活力養生協會","http://cdcb.judicial.gov.tw/abbs/wkw/WHD6K05.jsp?ab=AAAdkxAAHAAANsNAAK&bc=096&cd=%AA%6B%B5%6E%AA%C0++++++++++++++&de=000001&ef=PTD&fg=1"
"277","社團法人屏東縣妙靈兒童文教協會","http://cdcb.judicial.gov.tw/abbs/wkw/WHD6K05.jsp?ab=AAAdkxAAHAAANsUAAG&bc=096&cd=%AA%6B%B5%6E%AA%C0++++++++++++++&de=000002&ef=PTD&fg=1"
"278","社團法人中華漢語寫作教學協會","http://cdcb.judicial.gov.tw/abbs/wkw/WHD6K05.jsp?ab=AAAdkxAAHAAANsUAAH&bc=096&cd=%AA%6B%B5%6E%AA%C0++++++++++++++&de=000003&ef=PTD&fg=1"
"279","社團法人臺灣砂石進口經營協會","http://cdcb.judicial.gov.tw/abbs/wkw/WHD6K05.jsp?ab=AAAdkxAAHAAANsUAAF&bc=096&cd=%AA%6B%B5%6E%AA%C0++++++++++++++&de=000004&ef=PTD&fg=1"
"282","社團法人國立屏東科技大學教師會","http://cdcb.judicial.gov.tw/abbs/wkw/WHD6K05.jsp?ab=AAAdkxAAHAAANsqAAG&bc=096&cd=%AA%6B%B5%6E%AA%C0++++++++++++++&de=000005&ef=PTD&fg=1"
"283","社團法人屏東縣山外山文化藝術發展協會","http://cdcb.judicial.gov.tw/abbs/wkw/WHD6K05.jsp?ab=AAAdkxAAHAAANsqAAJ&bc=096&cd=%AA%6B%B5%6E%AA%C0++++++++++++++&de=000006&ef=PTD&fg=1"
"284","社團法人屏東縣單車推廣教育協會","http://cdcb.judicial.gov.tw/abbs/wkw/WHD6K05.jsp?ab=AAAdkxAAHAAANsMAAF&bc=096&cd=%AA%6B%B5%6E%AA%C0++++++++++++++&de=000007&ef=PTD&fg=1"
"235","社團法人屏東縣滿州鄉榮民協進會","http://cdcb.judicial.gov.tw/abbs/wkw/WHD6K05.jsp?ab=AAAdkxAAHAAANsSAAD&bc=096&cd=%AA%6B%B5%6E%A5%4C++++++++++++++&de=000051&ef=PTD&fg=1"
"233","社團法人立正佼成會屏東佛教會","http://cdcb.judicial.gov.tw/abbs/wkw/WHD6K05.jsp?ab=AAAdkxAAHAAANtIAAH&bc=096&cd=%AA%6B%B5%6E%A5%4C++++++++++++++&de=000045&ef=PTD&fg=1"
"250","社團法人屏東縣公正國中校友會","http://cdcb.judicial.gov.tw/abbs/wkw/WHD6K05.jsp?ab=AAAdkxAAHAAANsXAAG&bc=096&cd=%AA%6B%B5%6E%A5%4C++++++++++++++&de=000031&ef=PTD&fg=1"
"1","財團法人天主教道明會德鐸省會台灣分會","http://cdcb.judicial.gov.tw/abbs/wkw/WHD6K05.jsp?ab=AAAdkxAAHAAANsZAAD&bc=096&cd=%AA%6B%B5%6E%A5%4C++++++++++++++&de=000014&ef=PTD&fg=1"
"225","社團法人臺灣史研究會","http://cdcb.judicial.gov.tw/abbs/wkw/WHD6K05.jsp?ab=AAAdkxAAHAAANsxAAB&bc=096&cd=%AA%6B%B5%6E%A5%4C++++++++++++++&de=000004&ef=PTD&fg=1"
"265","社團法人臺灣基督教全能神耶穌基督全球宣教事工協會","http://cdcb.judicial.gov.tw/abbs/wkw/WHD6K05.jsp?ab=AAAdkxAAHAAANsbAAH&bc=095&cd=%AA%6B%B5%6E%AA%C0++++++++++++++&de=000009&ef=PTD&fg=1"
"269","社團法人屏東縣東港鎮船頭文化交流促進協會","http://cdcb.judicial.gov.tw/abbs/wkw/WHD6K05.jsp?ab=AAAdkxAAHAAANsmAAI&bc=095&cd=%AA%6B%B5%6E%AA%C0++++++++++++++&de=000013&ef=PTD&fg=1"
"270","社團法人屏東縣霧台鄉狩獵協會","http://cdcb.judicial.gov.tw/abbs/wkw/WHD6K05.jsp?ab=AAAdkxAAHAAANsmAAK&bc=095&cd=%AA%6B%B5%6E%AA%C0++++++++++++++&de=000014&ef=PTD&fg=1"
"272","社團法人屏東縣里港鄉愛心婦女慈善會","http://cdcb.judicial.gov.tw/abbs/wkw/WHD6K05.jsp?ab=AAAdkxAAHAAANsNAAE&bc=095&cd=%AA%6B%B5%6E%AA%C0++++++++++++++&de=000016&ef=PTD&fg=1"
"136","社團法人屏東縣藥師公會","http://cdcb.judicial.gov.tw/abbs/wkw/WHD6K05.jsp?ab=AAAdkxAAHAAANsNAAG&bc=095&cd=%AA%6B%B5%6E%A5%4C++++++++++++++&de=000061&ef=PTD&fg=1"
"257","社團法人臺灣希望國際宣道事工協會","http://cdcb.judicial.gov.tw/abbs/wkw/WHD6K05.jsp?ab=AAAdkxAAHAAANsOAAI&bc=095&cd=%AA%6B%B5%6E%AA%C0++++++++++++++&de=000001&ef=PTD&fg=1"
"258","社團法人屏東縣腎友關懷協會","http://cdcb.judicial.gov.tw/abbs/wkw/WHD6K05.jsp?ab=AAAdkxAAHAAANsOAAJ&bc=095&cd=%AA%6B%B5%6E%AA%C0++++++++++++++&de=000002&ef=PTD&fg=1"
"259","社團法人屏東縣原住民家庭關懷協會","http://cdcb.judicial.gov.tw/abbs/wkw/WHD6K05.jsp?ab=AAAdkxAAHAAANs4AAC&bc=095&cd=%AA%6B%B5%6E%AA%C0++++++++++++++&de=000004&ef=PTD&fg=1"
"260","社團法人屏東縣碰坑口發展協進會","http://cdcb.judicial.gov.tw/abbs/wkw/WHD6K05.jsp?ab=AAAdkxAAHAAANs4AAF&bc=095&cd=%AA%6B%B5%6E%AA%C0++++++++++++++&de=000005&ef=PTD&fg=1"
"262","社團法人屏東縣雙福關顧協會","http://cdcb.judicial.gov.tw/abbs/wkw/WHD6K05.jsp?ab=AAAdkxAAHAAANsSAAA&bc=095&cd=%AA%6B%B5%6E%AA%C0++++++++++++++&de=000006&ef=PTD&fg=1"
"263","社團法人屏東縣勞工大學教育推廣協會","http://cdcb.judicial.gov.tw/abbs/wkw/WHD6K05.jsp?ab=AAAdkxAAHAAANsbAAE&bc=095&cd=%AA%6B%B5%6E%AA%C0++++++++++++++&de=000007&ef=PTD&fg=1"
"207","財團法人蓮光社會福利慈善事業基金會","http://cdcb.judicial.gov.tw/abbs/wkw/WHD6K05.jsp?ab=AAAdkxAAHAAANsmAAE&bc=095&cd=%AA%6B%B5%6E%A5%4C++++++++++++++&de=000053&ef=PTD&fg=1"
"190","社團法人屏東縣三地門鄉古茶柏安愛鄉協會","http://cdcb.judicial.gov.tw/abbs/wkw/WHD6K05.jsp?ab=AAAdkxAAHAAANsmAAG&bc=095&cd=%AA%6B%B5%6E%A5%4C++++++++++++++&de=000055&ef=PTD&fg=1"
"201","社團法人屏東縣佛教會","http://cdcb.judicial.gov.tw/abbs/wkw/WHD6K05.jsp?ab=AAAdkxAAHAAANs4AAE&bc=095&cd=%AA%6B%B5%6E%A5%4C++++++++++++++&de=000023&ef=PTD&fg=1"
"159","財團法人大武山文教基金會","http://cdcb.judicial.gov.tw/abbs/wkw/WHD6K05.jsp?ab=AAAdkxAAHAAANsaAAK&bc=095&cd=%AA%6B%B5%6E%A5%4C++++++++++++++&de=000008&ef=PTD&fg=1"
"245","社團法人屏東縣客家文化協會","http://cdcb.judicial.gov.tw/abbs/wkw/WHD6K05.jsp?ab=AAAdkxAAHAAANtEAAJ&bc=094&cd=%AA%6B%B5%6E%AA%C0++++++++++++++&de=000007&ef=PTD&fg=1"
"249","社團法人屏東縣國際醫療善工協會","http://cdcb.judicial.gov.tw/abbs/wkw/WHD6K05.jsp?ab=AAAdkxAAHAAANtEAAL&bc=094&cd=%AA%6B%B5%6E%AA%C0++++++++++++++&de=000008&ef=PTD&fg=1"
"251","社團法人屏東縣屏東市但以理音事協會","http://cdcb.judicial.gov.tw/abbs/wkw/WHD6K05.jsp?ab=AAAdkxAAHAAANspAAD&bc=094&cd=%AA%6B%B5%6E%AA%C0++++++++++++++&de=000011&ef=PTD&fg=1"
"252","社團法人屏東縣跆拳道武藝文化協會","http://cdcb.judicial.gov.tw/abbs/wkw/WHD6K05.jsp?ab=AAAdkxAAHAAANspAAE&bc=094&cd=%AA%6B%B5%6E%AA%C0++++++++++++++&de=000012&ef=PTD&fg=1"
"254","社團法人屏東縣學生校外生活輔導促進協會","http://cdcb.judicial.gov.tw/abbs/wkw/WHD6K05.jsp?ab=AAAdkxAAHAAANs0AAK&bc=094&cd=%AA%6B%B5%6E%AA%C0++++++++++++++&de=000014&ef=PTD&fg=1"
"246","社團法人屏東縣客家聯合扶濟發展協會","http://cdcb.judicial.gov.tw/abbs/wkw/WHD6K05.jsp?ab=AAAdkxAAHAAANtEAAG&bc=094&cd=%AA%6B%B5%6E%AA%C0++++++++++++++&de=000017&ef=PTD&fg=1"
"240","社團法人屏東縣泰武鄉萬安溪自然生態環境保育登山協會","http://cdcb.judicial.gov.tw/abbs/wkw/WHD6K05.jsp?ab=AAAdkxAAHAAANsdAAL&bc=094&cd=%AA%6B%B5%6E%AA%C0++++++++++++++&de=000003&ef=PTD&fg=1"
"242","社團法人屏東縣沙拉灣文化藝術發展協會","http://cdcb.judicial.gov.tw/abbs/wkw/WHD6K05.jsp?ab=AAAdkxAAHAAANrgAAG&bc=094&cd=%AA%6B%B5%6E%AA%C0++++++++++++++&de=000005&ef=PTD&fg=1"
"94","社團法人屏東縣基督教羅騰園肢體殘障服務協會","http://cdcb.judicial.gov.tw/abbs/wkw/WHD6K05.jsp?ab=AAAdkxAAHAAANtEAAH&bc=094&cd=%AA%6B%B5%6E%A5%4C++++++++++++++&de=000053&ef=PTD&fg=1"
"147","社團法人屏東縣潮州鎮第二老人會","http://cdcb.judicial.gov.tw/abbs/wkw/WHD6K05.jsp?ab=AAAdkxAAHAAANs0AAE&bc=094&cd=%AA%6B%B5%6E%A5%4C++++++++++++++&de=000025&ef=PTD&fg=1"
"237","社團法人屏東縣牡丹國民小學校友會","http://cdcb.judicial.gov.tw/abbs/wkw/WHD6K05.jsp?ab=AAAdkxAAHAAANs5AAC&bc=093&cd=%AA%6B%B5%6E%AA%C0++++++++++++++&de=000032&ef=PTD&fg=1"
"226","社團法人屏東縣生機養生保健協會","http://cdcb.judicial.gov.tw/abbs/wkw/WHD6K05.jsp?ab=AAAdkxAAHAAANrfAAD&bc=093&cd=%AA%6B%B5%6E%AA%C0++++++++++++++&de=000018&ef=PTD&fg=1"
"227","社團法人屏東縣燭光協會","http://cdcb.judicial.gov.tw/abbs/wkw/WHD6K05.jsp?ab=AAAdkxAAHAAANrfAAF&bc=093&cd=%AA%6B%B5%6E%AA%C0++++++++++++++&de=000019&ef=PTD&fg=1"
"232","社團法人屏東縣滿州鄉觀光產業促進會","http://cdcb.judicial.gov.tw/abbs/wkw/WHD6K05.jsp?ab=AAAdkxAAHAAANsWAAI&bc=093&cd=%AA%6B%B5%6E%AA%C0++++++++++++++&de=000024&ef=PTD&fg=1"
"234","社團法人屏東縣醫事檢驗師公會","http://cdcb.judicial.gov.tw/abbs/wkw/WHD6K05.jsp?ab=AAAdkxAAHAAANsdAAA&bc=093&cd=%AA%6B%B5%6E%AA%C0++++++++++++++&de=000026&ef=PTD&fg=1"
"130","財團法人東山寺","http://cdcb.judicial.gov.tw/abbs/wkw/WHD6K05.jsp?ab=AAAdkxAAHAAANspAAL&bc=093&cd=%AA%6B%B5%6E%A5%4C++++++++++++++&de=000051&ef=PTD&fg=1"
"218","社團法人屏東縣慈懷慈善會","http://cdcb.judicial.gov.tw/abbs/wkw/WHD6K05.jsp?ab=AAAdkxAAHAAANtFAAE&bc=093&cd=%AA%6B%B5%6E%AA%C0++++++++++++++&de=000005&ef=PTD&fg=1"
"219","社團法人屏東縣東港國際青年商會","http://cdcb.judicial.gov.tw/abbs/wkw/WHD6K05.jsp?ab=AAAdkxAAHAAANsVAAF&bc=093&cd=%AA%6B%B5%6E%AA%C0++++++++++++++&de=000007&ef=PTD&fg=1"
"113","社團法人屏東縣長治鄉番仔寮社會福利協會","http://cdcb.judicial.gov.tw/abbs/wkw/WHD6K05.jsp?ab=AAAdkxAAHAAANsVAAD&bc=093&cd=%AA%6B%B5%6E%A5%4C++++++++++++++&de=000016&ef=PTD&fg=1"
"210","財團法人台灣糖業股份有限公司屏東廠職工福利委員會                    ","http://cdcb.judicial.gov.tw/abbs/wkw/WHD6K05.jsp?ab=AAAdkxAAHAAANq%2BAAC&bc=092&cd=%AA%6B%B5%6E%B0%5D++++++++++++++&de=000002&ef=PTD&fg=1"
"142","財團法人屏東縣私立活泉社會福利慈善事業基金會","http://cdcb.judicial.gov.tw/abbs/wkw/WHD6K05.jsp?ab=AAAdkxAAHAAANsRAAE&bc=092&cd=%AA%6B%B5%6E%A5%4C++++++++++++++&de=000044&ef=PTD&fg=1"
"214","社團法人屏東縣休閒農業發展協會                                      ","http://cdcb.judicial.gov.tw/abbs/wkw/WHD6K05.jsp?ab=AAAdkxAAHAAANqWAAA&bc=092&cd=%AA%6B%B5%6E%AA%C0++++++++++++++&de=000011&ef=PTD&fg=1"
"22","財團法人台灣省屏東縣私立志成高級商工職業學校                        ","http://cdcb.judicial.gov.tw/abbs/wkw/WHD6K05.jsp?ab=AAAdkxAAHAAANr%2BAAB&bc=092&cd=%AA%6B%B5%6E%A5%4C++++++++++++++&de=000011&ef=PTD&fg=1"
"204","社團法人屏東縣紅樹林文教發展協會                                    ","http://cdcb.judicial.gov.tw/abbs/wkw/WHD6K05.jsp?ab=AAAdkxAAHAAANqTAAA&bc=091&cd=%AA%6B%B5%6E%AA%C0++++++++++++++&de=000011&ef=PTD&fg=1"
"205","社團法人屏東縣屏東市光明福德會                                      ","http://cdcb.judicial.gov.tw/abbs/wkw/WHD6K05.jsp?ab=AAAdkxAAHAAANqTAAB&bc=091&cd=%AA%6B%B5%6E%AA%C0++++++++++++++&de=000013&ef=PTD&fg=1"
"203","財團法人蕭珍記文化藝術基金會                                ","http://cdcb.judicial.gov.tw/abbs/wkw/WHD6K05.jsp?ab=AAAdkxAAHAAANsEAAC&bc=091&cd=%AA%6B%B5%6E%B0%5D++++++++++++++&de=000005&ef=PTD&fg=1"
"189","社團法人屏東縣彌勒大道弘慈會                                        ","http://cdcb.judicial.gov.tw/abbs/wkw/WHD6K05.jsp?ab=AAAdkxAAHAAAM1rAAE&bc=091&cd=%AA%6B%B5%6E%AA%C0++++++++++++++&de=000001&ef=PTD&fg=1"
"196","社團法人屏東縣鄉土人文關懷協會                                      ","http://cdcb.judicial.gov.tw/abbs/wkw/WHD6K05.jsp?ab=AAAdkxAAHAAANqrAAD&bc=091&cd=%AA%6B%B5%6E%AA%C0++++++++++++++&de=000005&ef=PTD&fg=1"
"200","社團法人屏東縣來義鄉基督佈道協會","http://cdcb.judicial.gov.tw/abbs/wkw/WHD6K05.jsp?ab=AAAdkxAAHAAANsIAAC&bc=091&cd=%AA%6B%B5%6E%AA%C0++++++++++++++&de=000008&ef=PTD&fg=1"
"86","社團法人屏東縣灼燙傷協會                                    ","http://cdcb.judicial.gov.tw/abbs/wkw/WHD6K05.jsp?ab=AAAdkxAAHAAANqxAAC&bc=091&cd=%AA%6B%B5%6E%A5%4C++++++++++++++&de=000050&ef=PTD&fg=1"
"149","財團法人私立六合老人養護中心                                ","http://cdcb.judicial.gov.tw/abbs/wkw/WHD6K05.jsp?ab=AAAdkxAAHAAANqVAAD&bc=091&cd=%AA%6B%B5%6E%A5%4C++++++++++++++&de=000056&ef=PTD&fg=1"
"75","財團法人恆春基督四方教會                                            ","http://cdcb.judicial.gov.tw/abbs/wkw/WHD6K05.jsp?ab=AAAdkxAAHAAANrhAAA&bc=091&cd=%AA%6B%B5%6E%A5%4C++++++++++++++&de=000048&ef=PTD&fg=1"
"125","財團法人國立屏東科技大學教育基金會                                  ","http://cdcb.judicial.gov.tw/abbs/wkw/WHD6K05.jsp?ab=AAAdkxAAHAAANqbAAC&bc=091&cd=%AA%6B%B5%6E%A5%4C++++++++++++++&de=000028&ef=PTD&fg=1"
"178","社團法人屏東縣母語重建協進會                                        ","http://cdcb.judicial.gov.tw/abbs/wkw/WHD6K05.jsp?ab=AAAdkxAAHAAANq3AAA&bc=090&cd=%AA%6B%B5%6E%AA%C0++++++++++++++&de=000001&ef=PTD&fg=1"
"182","社團法人屏東縣潮州鎮老人會                                          ","http://cdcb.judicial.gov.tw/abbs/wkw/WHD6K05.jsp?ab=AAAdkxAAHAAANqoAAA&bc=090&cd=%AA%6B%B5%6E%AA%C0++++++++++++++&de=000004&ef=PTD&fg=1"
"184","社團法人屏東縣護理師護士公會                                        ","http://cdcb.judicial.gov.tw/abbs/wkw/WHD6K05.jsp?ab=AAAdkxAAHAAANrDAAD&bc=090&cd=%AA%6B%B5%6E%AA%C0++++++++++++++&de=000005&ef=PTD&fg=1"
"185","社團法人屏東縣屏東市唐山法襌氣功協會                                ","http://cdcb.judicial.gov.tw/abbs/wkw/WHD6K05.jsp?ab=AAAdkxAAHAAANq7AAA&bc=090&cd=%AA%6B%B5%6E%AA%C0++++++++++++++&de=000006&ef=PTD&fg=1"
"65","社團法人屏東縣退伍軍人協會                                          ","http://cdcb.judicial.gov.tw/abbs/wkw/WHD6K05.jsp?ab=AAAdkxAAHAAANrxAAA&bc=090&cd=%AA%6B%B5%6E%A5%4C++++++++++++++&de=000018&ef=PTD&fg=1"
"174","財團法人人本教育文教基金會                                          ","http://cdcb.judicial.gov.tw/abbs/wkw/WHD6K05.jsp?ab=AAAdkxAAHAAANtDAAC&bc=089&cd=%AA%6B%B5%6E%B0%5D++++++++++++++&de=000003&ef=PTD&fg=1"
"168","社團法人屏東縣茄冬文史協會                                          ","http://cdcb.judicial.gov.tw/abbs/wkw/WHD6K05.jsp?ab=AAAdkxAAHAAANrYAAD&bc=089&cd=%AA%6B%B5%6E%AA%C0++++++++++++++&de=000001&ef=PTD&fg=1"
"169","社團法人屏東縣牡丹鄉牡丹社區發展協會                                ","http://cdcb.judicial.gov.tw/abbs/wkw/WHD6K05.jsp?ab=AAAdkxAAHAAANr5AAB&bc=089&cd=%AA%6B%B5%6E%AA%C0++++++++++++++&de=000002&ef=PTD&fg=1"
"170","社團法人屏東縣身心障礙社團聯盟                                      ","http://cdcb.judicial.gov.tw/abbs/wkw/WHD6K05.jsp?ab=AAAdkxAAHAAANr%2FAAA&bc=089&cd=%AA%6B%B5%6E%AA%C0++++++++++++++&de=000003&ef=PTD&fg=1"
"172","社團法人國際獅子會中華民國總會台灣省屏東縣第一分會                  ","http://cdcb.judicial.gov.tw/abbs/wkw/WHD6K05.jsp?ab=AAAdkxAAHAAANqkAAC&bc=089&cd=%AA%6B%B5%6E%AA%C0++++++++++++++&de=000005&ef=PTD&fg=1"
"93","財團法人國立屏東女子高級中學文教基金會                              ","http://cdcb.judicial.gov.tw/abbs/wkw/WHD6K05.jsp?ab=AAAdkxAAHAAANr6AAC&bc=089&cd=%AA%6B%B5%6E%A5%4C++++++++++++++&de=000037&ef=PTD&fg=1"
"46","財團法人台灣省屏東縣基督教新生會潮州教會                    ","http://cdcb.judicial.gov.tw/abbs/wkw/WHD6K05.jsp?ab=AAAdkxAAHAAANr8AAA&bc=089&cd=%AA%6B%B5%6E%A5%4C++++++++++++++&de=000021&ef=PTD&fg=1"
"166","財團法人法鼓山佛教基金會                                            ","http://cdcb.judicial.gov.tw/abbs/wkw/WHD6K05.jsp?ab=AAAdkxAAHAAANrHAAC&bc=088&cd=%AA%6B%B5%6E%B0%5D++++++++++++++&de=000012&ef=PTD&fg=1"
"158","財團法人屏東縣私立三地門養護之家                                    ","http://cdcb.judicial.gov.tw/abbs/wkw/WHD6K05.jsp?ab=AAAdkxAAHAAANq6AAA&bc=088&cd=%AA%6B%B5%6E%B0%5D++++++++++++++&de=000007&ef=PTD&fg=1"
"151","社團法人屏東縣枋寮鄉淨宗學會                                        ","http://cdcb.judicial.gov.tw/abbs/wkw/WHD6K05.jsp?ab=AAAdkxAAHAAANq%2FAAA&bc=088&cd=%AA%6B%B5%6E%AA%C0++++++++++++++&de=000001&ef=PTD&fg=1"
"154","社團法人屏東縣社區大學策進會                                        ","http://cdcb.judicial.gov.tw/abbs/wkw/WHD6K05.jsp?ab=AAAdkxAAHAAANrhAAB&bc=088&cd=%AA%6B%B5%6E%AA%C0++++++++++++++&de=000002&ef=PTD&fg=1"
"161","社團法人屏東縣手語協會                                              ","http://cdcb.judicial.gov.tw/abbs/wkw/WHD6K05.jsp?ab=AAAdkxAAHAAANsEAAD&bc=088&cd=%AA%6B%B5%6E%AA%C0++++++++++++++&de=000004&ef=PTD&fg=1"
"164","社團法人屏東縣身心障礙福利協進會                                    ","http://cdcb.judicial.gov.tw/abbs/wkw/WHD6K05.jsp?ab=AAAdkxAAHAAANqYAAB&bc=088&cd=%AA%6B%B5%6E%AA%C0++++++++++++++&de=000006&ef=PTD&fg=1"
"165","社團法人屏東縣太極拳協會                                            ","http://cdcb.judicial.gov.tw/abbs/wkw/WHD6K05.jsp?ab=AAAdkxAAHAAANrhAAC&bc=088&cd=%AA%6B%B5%6E%AA%C0++++++++++++++&de=000007&ef=PTD&fg=1"
"167","社團法人屏東縣中小企業協會                                          ","http://cdcb.judicial.gov.tw/abbs/wkw/WHD6K05.jsp?ab=AAAdkxAAHAAANqYAAD&bc=088&cd=%AA%6B%B5%6E%AA%C0++++++++++++++&de=000008&ef=PTD&fg=1"
"88","財團法人大順綜合醫院                                        ","http://cdcb.judicial.gov.tw/abbs/wkw/WHD6K05.jsp?ab=AAAdkxAAHAAANrxAAD&bc=088&cd=%AA%6B%B5%6E%A5%4C++++++++++++++&de=000025&ef=PTD&fg=1"
"10","財團法人台灣省屏東縣私立明德高級中學                        ","http://cdcb.judicial.gov.tw/abbs/wkw/WHD6K05.jsp?ab=AAAdkxAAHAAAM1qAAD&bc=088&cd=%AA%6B%B5%6E%A5%4C++++++++++++++&de=000015&ef=PTD&fg=1"
"140","社團法人屏東縣瑪家鄉老人會                                          ","http://cdcb.judicial.gov.tw/abbs/wkw/WHD6K05.jsp?ab=AAAdkxAAHAAANq8AAA&bc=087&cd=%AA%6B%B5%6E%AA%C0++++++++++++++&de=000001&ef=PTD&fg=1"
"141","社團法人屏東縣澎湖同鄉會                                            ","http://cdcb.judicial.gov.tw/abbs/wkw/WHD6K05.jsp?ab=AAAdkxAAHAAANqQAAB&bc=087&cd=%AA%6B%B5%6E%AA%C0++++++++++++++&de=000002&ef=PTD&fg=1"
"144","社團法人屏東縣慈恩協會                                              ","http://cdcb.judicial.gov.tw/abbs/wkw/WHD6K05.jsp?ab=AAAdkxAAHAAANqcAAA&bc=087&cd=%AA%6B%B5%6E%AA%C0++++++++++++++&de=000003&ef=PTD&fg=1"
"87","財團法人台灣省山地基督長老教會                                      ","http://cdcb.judicial.gov.tw/abbs/wkw/WHD6K05.jsp?ab=AAAdkxAAHAAANqgAAA&bc=087&cd=%AA%6B%B5%6E%A5%4C++++++++++++++&de=000019&ef=PTD&fg=1"
"96","財團法人十誡石國台灣農村復舊會                                      ","http://cdcb.judicial.gov.tw/abbs/wkw/WHD6K05.jsp?ab=AAAdkxAAHAAANqtAAA&bc=087&cd=%AA%6B%B5%6E%A5%4C++++++++++++++&de=000020&ef=PTD&fg=1"
"122","財團法人天主教道明會德鐸省會台灣分會                                ","http://cdcb.judicial.gov.tw/abbs/wkw/WHD6K05.jsp?ab=AAAdkxAAHAAANrTAAD&bc=085&cd=%B5%6E%C1%6E++++++++++++++++&de=000006&ef=PTD&fg=1"
"128","社團法人屏東縣枋山鄉加祿社區發展協會                        ","http://cdcb.judicial.gov.tw/abbs/wkw/WHD6K05.jsp?ab=AAAdkxAAHAAANruAAB&bc=085&cd=%AA%6B%B5%6E%AA%C0++++++++++++++&de=000006&ef=PTD&fg=1"
"121","財團法人基督教浸禮聖經會屏東會幕堂                                  ","http://cdcb.judicial.gov.tw/abbs/wkw/WHD6K05.jsp?ab=AAAdkxAAHAAANruAAC&bc=085&cd=%AA%6B%B5%6E%B0%5D++++++++++++++&de=000003&ef=PTD&fg=1"
"102","","http://cdcb.judicial.gov.tw/abbs/wkw/WHD6K05.jsp?ab=AAAdkxAAHAAANqMAAC&bc=085&cd=%AA%6B%B5%6E%A5%4C++++++++++++++&de=000006&ef=PTD&fg=1"
"110","社團法人屏東縣潮州鎮公共事務協進會。                                ","http://cdcb.judicial.gov.tw/abbs/wkw/WHD6K05.jsp?ab=AAAdkxAAHAAANroAAD&bc=084&cd=%AA%6B%B5%6E%AA%C0++++++++++++++&de=000007&ef=PTD&fg=1"
"115","社團法人屏東縣里港鄉阿里港文化協會                                  ","http://cdcb.judicial.gov.tw/abbs/wkw/WHD6K05.jsp?ab=AAAdkxAAHAAANrNAAB&bc=084&cd=%AA%6B%B5%6E%AA%C0++++++++++++++&de=000009&ef=PTD&fg=1"
"99","財團法人台灣省屏東縣長治鄉福崙宮                                    ","http://cdcb.judicial.gov.tw/abbs/wkw/WHD6K05.jsp?ab=AAAdkxAAHAAANqfAAB&bc=083&cd=%AA%6B%B5%6E++++++++++++++++&de=000025&ef=PTD&fg=1"
"74","財團法人台灣省屏東縣私立仁愛社會福利慈善事業基金                    ","http://cdcb.judicial.gov.tw/abbs/wkw/WHD6K05.jsp?ab=AAAdkxAAHAAANqqAAD&bc=083&cd=%AA%6B%B5%6E++++++++++++++++&de=000007&ef=PTD&fg=1"
"92","財團法人容滋浩文教基金會                                    ","http://cdcb.judicial.gov.tw/abbs/wkw/WHD6K05.jsp?ab=AAAdkxAAHAAANqjAAD&bc=083&cd=%AA%6B%B5%6E++++++++++++++++&de=000004&ef=PTD&fg=1"
"23","財團法人台灣省屏東縣三教寶宮                                ","http://cdcb.judicial.gov.tw/abbs/wkw/WHD6K05.jsp?ab=AAAdkxAAHAAANqyAAB&bc=082&cd=%AA%6B%B5%6E++++++++++++++++&de=000022&ef=PTD&fg=1"
"90","社團法人屏東縣退休警察人員協會                              ","http://cdcb.judicial.gov.tw/abbs/wkw/WHD6K05.jsp?ab=AAAdkxAAHAAANqqAAB&bc=082&cd=%AA%6B%B5%6E++++++++++++++++&de=000026&ef=PTD&fg=1"
"82","社團法人屏東縣恒鎮大光社區發展協會                                  ","http://cdcb.judicial.gov.tw/abbs/wkw/WHD6K05.jsp?ab=AAAdkxAAHAAANrpAAC&bc=082&cd=%AA%6B%B5%6E++++++++++++++++&de=000008&ef=PTD&fg=1"
"83","社團法人屏東縣工業會                                                ","http://cdcb.judicial.gov.tw/abbs/wkw/WHD6K05.jsp?ab=AAAdkxAAHAAANrgAAK&bc=082&cd=%AA%6B%B5%6E++++++++++++++++&de=000015&ef=PTD&fg=1"
"84","","http://cdcb.judicial.gov.tw/abbs/wkw/WHD6K05.jsp?ab=AAAdkxAAHAAANsPAAD&bc=082&cd=%AA%6B%B5%6E++++++++++++++++&de=000016&ef=PTD&fg=1"
"85","財團法人社團法人屏東縣恒春鎮山腳社區發展協會                        ","http://cdcb.judicial.gov.tw/abbs/wkw/WHD6K05.jsp?ab=AAAdkxAAHAAANrjAAA&bc=082&cd=%AA%6B%B5%6E++++++++++++++++&de=000017&ef=PTD&fg=1"
"69","財團法人陳郭淑真發展音樂教育紀念基金會                              ","http://cdcb.judicial.gov.tw/abbs/wkw/WHD6K05.jsp?ab=AAAdkxAAHAAANsDAAB&bc=079&cd=%AA%6B%B5%6E++++++++++++++++&de=000002&ef=PTD&fg=1"
"57","財團法人台灣省立潮州高級中學文化教育基金會                          ","http://cdcb.judicial.gov.tw/abbs/wkw/WHD6K05.jsp?ab=AAAdkxAAHAAANrkAAB&bc=073&cd=%AA%6B%B5%6E++++++++++++++++&de=000032&ef=PTD&fg=1"
"30","財團法人台灣省屏東縣基督教浸信宣道會                                ","http://cdcb.judicial.gov.tw/abbs/wkw/WHD6K05.jsp?ab=AAAdkxAAHAAANsCAAD&bc=074&cd=%AA%6B%B5%6E++++++++++++++++&de=000015&ef=PTD&fg=1"
"60","財團法人屏東縣私立小太陽兒童福利基金會                              ","http://cdcb.judicial.gov.tw/abbs/wkw/WHD6K05.jsp?ab=AAAdkxAAHAAANsGAAA&bc=074&cd=%AA%6B%B5%6E++++++++++++++++&de=000023&ef=PTD&fg=1"
"20","財團法人屏東市夜市商場晨興會                                        ","http://cdcb.judicial.gov.tw/abbs/wkw/WHD6K05.jsp?ab=AAAdkxAAHAAANs%2BAAC&bc=057&cd=%AA%6B%B5%6E++++++++++++++++&de=000001&ef=PTD&fg=1"
"21","","http://cdcb.judicial.gov.tw/abbs/wkw/WHD6K05.jsp?ab=AAAdkxAAHAAANs%2BAAD&bc=058&cd=%AA%6B%B5%6E++++++++++++++++&de=000006&ef=PTD&fg=1"
