"256","社團法人雲林縣美容美髮發展協會","http://cdcb.judicial.gov.tw/abbs/wkw/WHD6K05.jsp?ab=AAAdkxAAHAAAGuNAAJ&bc=103&cd=%AA%6B%B5%6E%A5%4C++++++++++++++&de=000034&ef=ULD&fg=1"
"32","財團法人豐泰文教基金會","http://cdcb.judicial.gov.tw/abbs/wkw/WHD6K05.jsp?ab=AAAdkxAAHAAAGt9AAI&bc=103&cd=%AA%6B%B5%6E%A5%4C++++++++++++++&de=000035&ef=ULD&fg=1"
"371","社團法人雲林縣技職教育訓練鑑定發展協會","http://cdcb.judicial.gov.tw/abbs/wkw/WHD6K05.jsp?ab=AAAdkxAAHAAAGqcAAJ&bc=103&cd=%AA%6B%B5%6E%AA%C0++++++++++++++&de=000001&ef=ULD&fg=1"
"374","雲林縣新移民姊妹協會","http://cdcb.judicial.gov.tw/abbs/wkw/WHD6K05.jsp?ab=AAAdkxAAHAAAGpzAAJ&bc=103&cd=%AA%6B%B5%6E%AA%C0++++++++++++++&de=000002&ef=ULD&fg=1"
"372","社團法人台灣讀冊館社會關懷協會","http://cdcb.judicial.gov.tw/abbs/wkw/WHD6K05.jsp?ab=AAAdkxAAHAAAGqXAAG&bc=103&cd=%AA%6B%B5%6E%AA%C0++++++++++++++&de=000004&ef=ULD&fg=1"
"373","社團法人中華民國北極玄天上帝宗教文化促進會","http://cdcb.judicial.gov.tw/abbs/wkw/WHD6K05.jsp?ab=AAAdkxAAHAAAGrhAAF&bc=103&cd=%AA%6B%B5%6E%AA%C0++++++++++++++&de=000005&ef=ULD&fg=1"
"375","社團法人中華白花文心蘭產銷協會","http://cdcb.judicial.gov.tw/abbs/wkw/WHD6K05.jsp?ab=AAAdkxAAHAAAGoWAAD&bc=103&cd=%AA%6B%B5%6E%AA%C0++++++++++++++&de=000006&ef=ULD&fg=1"
"376","社團法人中華一心婚姻媒和關懷協會","http://cdcb.judicial.gov.tw/abbs/wkw/WHD6K05.jsp?ab=AAAdkxAAHAAAGswAAI&bc=103&cd=%AA%6B%B5%6E%AA%C0++++++++++++++&de=000007&ef=ULD&fg=1"
"377","社團法人中華民國中源無極天銘道教協會","http://cdcb.judicial.gov.tw/abbs/wkw/WHD6K05.jsp?ab=AAAdkxAAHAAAGtYAAD&bc=103&cd=%AA%6B%B5%6E%AA%C0++++++++++++++&de=000008&ef=ULD&fg=1"
"177","社團法人雲林縣土庫鎮老人會","http://cdcb.judicial.gov.tw/abbs/wkw/WHD6K05.jsp?ab=AAAdkxAAHAAAGoUAAB&bc=103&cd=%AA%6B%B5%6E%A5%4C++++++++++++++&de=000020&ef=ULD&fg=1"
"363","社團法人雲林縣尚建社會關懷協會","http://cdcb.judicial.gov.tw/abbs/wkw/WHD6K05.jsp?ab=AAAdkxAAHAAAGsYAAF&bc=103&cd=%AA%6B%B5%6E%A5%4C++++++++++++++&de=000021&ef=ULD&fg=1"
"27","財團法人基督教浸信會","http://cdcb.judicial.gov.tw/abbs/wkw/WHD6K05.jsp?ab=AAAdkxAAHAAAGoWAAC&bc=103&cd=%AA%6B%B5%6E%A5%4C++++++++++++++&de=000022&ef=ULD&fg=1"
"161","社團法人雲林縣地政士公會","http://cdcb.judicial.gov.tw/abbs/wkw/WHD6K05.jsp?ab=AAAdkxAAHAAAGswAAE&bc=103&cd=%AA%6B%B5%6E%A5%4C++++++++++++++&de=000023&ef=ULD&fg=1"
"38","財團法人國立斗六中學文化教育基金會","http://cdcb.judicial.gov.tw/abbs/wkw/WHD6K05.jsp?ab=AAAdkxAAHAAAGswAAH&bc=103&cd=%AA%6B%B5%6E%A5%4C++++++++++++++&de=000024&ef=ULD&fg=1"
"108","社團法人雲林縣盲人福利協進會","http://cdcb.judicial.gov.tw/abbs/wkw/WHD6K05.jsp?ab=AAAdkxAAHAAAGsqAAJ&bc=103&cd=%AA%6B%B5%6E%A5%4C++++++++++++++&de=000025&ef=ULD&fg=1"
"158","社團法人台灣糖業文化經貿發展協會","http://cdcb.judicial.gov.tw/abbs/wkw/WHD6K05.jsp?ab=AAAdkxAAHAAAGsjAAC&bc=103&cd=%AA%6B%B5%6E%A5%4C++++++++++++++&de=000026&ef=ULD&fg=1"
"43","財團法人虎尾科技大學文教基金會","http://cdcb.judicial.gov.tw/abbs/wkw/WHD6K05.jsp?ab=AAAdkxAAHAAAGtSAAJ&bc=103&cd=%AA%6B%B5%6E%A5%4C++++++++++++++&de=000028&ef=ULD&fg=1"
"358","社團法人雲林縣有機農民協會","http://cdcb.judicial.gov.tw/abbs/wkw/WHD6K05.jsp?ab=AAAdkxAAHAAAGuCAAJ&bc=103&cd=%AA%6B%B5%6E%A5%4C++++++++++++++&de=000029&ef=ULD&fg=1"
"114","財團法人士心文教基金會","http://cdcb.judicial.gov.tw/abbs/wkw/WHD6K05.jsp?ab=AAAdkxAAHAAAGuNAAI&bc=103&cd=%AA%6B%B5%6E%A5%4C++++++++++++++&de=000033&ef=ULD&fg=1"
"107","財團法人雲長文教基金會","http://cdcb.judicial.gov.tw/abbs/wkw/WHD6K05.jsp?ab=AAAdkxAAHAAAGr2AAH&bc=103&cd=%AA%6B%B5%6E%A5%4C++++++++++++++&de=000010&ef=ULD&fg=1"
"79","社團法人雲林縣脊髓損傷者協會","http://cdcb.judicial.gov.tw/abbs/wkw/WHD6K05.jsp?ab=AAAdkxAAHAAAGq6AAE&bc=103&cd=%AA%6B%B5%6E%A5%4C++++++++++++++&de=000011&ef=ULD&fg=1"
"63","環球學校財團法人","http://cdcb.judicial.gov.tw/abbs/wkw/WHD6K05.jsp?ab=AAAdkxAAHAAAGqSAAA&bc=103&cd=%AA%6B%B5%6E%A5%4C++++++++++++++&de=000012&ef=ULD&fg=1"
"16","財團法人雲林縣私立永年高級中學","http://cdcb.judicial.gov.tw/abbs/wkw/WHD6K05.jsp?ab=AAAdkxAAHAAAGqHAAC&bc=103&cd=%AA%6B%B5%6E%A5%4C++++++++++++++&de=000013&ef=ULD&fg=1"
"200","財團法人臺灣省雲林縣私立福智高級中學","http://cdcb.judicial.gov.tw/abbs/wkw/WHD6K05.jsp?ab=AAAdkxAAHAAAGqCAAK&bc=103&cd=%AA%6B%B5%6E%A5%4C++++++++++++++&de=000014&ef=ULD&fg=1"
"306","社團法人台灣新移民跨國婚姻媒合協會","http://cdcb.judicial.gov.tw/abbs/wkw/WHD6K05.jsp?ab=AAAdkxAAHAAAGpzAAK&bc=103&cd=%AA%6B%B5%6E%A5%4C++++++++++++++&de=000015&ef=ULD&fg=1"
"8","財團法人臺灣省雲林縣私立揚子高級中學","http://cdcb.judicial.gov.tw/abbs/wkw/WHD6K05.jsp?ab=AAAdkxAAHAAAGoTAAH&bc=103&cd=%AA%6B%B5%6E%A5%4C++++++++++++++&de=000016&ef=ULD&fg=1"
"193","財團法人伊甸社會福利基金會","http://cdcb.judicial.gov.tw/abbs/wkw/WHD6K05.jsp?ab=AAAdkxAAHAAAGqDAAA&bc=103&cd=%AA%6B%B5%6E%A5%4C++++++++++++++&de=000017&ef=ULD&fg=1"
"149","社團法人雲林縣北港身心障礙者福利協會","http://cdcb.judicial.gov.tw/abbs/wkw/WHD6K05.jsp?ab=AAAdkxAAHAAAGoTAAI&bc=103&cd=%AA%6B%B5%6E%A5%4C++++++++++++++&de=000018&ef=ULD&fg=1"
"186","維多利亞學校財團法人","http://cdcb.judicial.gov.tw/abbs/wkw/WHD6K05.jsp?ab=AAAdkxAAHAAAGoUAAC&bc=103&cd=%AA%6B%B5%6E%A5%4C++++++++++++++&de=000019&ef=ULD&fg=1"
"362","財團法人雲林縣福德巧新社會福利慈善基金會","http://cdcb.judicial.gov.tw/abbs/wkw/WHD6K05.jsp?ab=AAAdkxAAHAAAGm7AAE&bc=102&cd=%AA%6B%B5%6E%B0%5D++++++++++++++&de=000002&ef=ULD&fg=1"
"7","財團法人台灣省雲林縣私立巨人高級中學","http://cdcb.judicial.gov.tw/abbs/wkw/WHD6K05.jsp?ab=AAAdkxAAHAAAGpFAAI&bc=103&cd=%AA%6B%B5%6E%A5%4C++++++++++++++&de=000001&ef=ULD&fg=1"
"220","社團法人雲林縣虎尾鎮六房天上聖母文化協會","http://cdcb.judicial.gov.tw/abbs/wkw/WHD6K05.jsp?ab=AAAdkxAAHAAAGpSAAE&bc=103&cd=%AA%6B%B5%6E%A5%4C++++++++++++++&de=000002&ef=ULD&fg=1"
"116","義峰學校財團法人","http://cdcb.judicial.gov.tw/abbs/wkw/WHD6K05.jsp?ab=AAAdkxAAHAAAGqEAAJ&bc=103&cd=%AA%6B%B5%6E%A5%4C++++++++++++++&de=000003&ef=ULD&fg=1"
"106","財團法人雲林縣姚丙丁文教基金會","http://cdcb.judicial.gov.tw/abbs/wkw/WHD6K05.jsp?ab=AAAdkxAAHAAAGrMAAK&bc=103&cd=%AA%6B%B5%6E%A5%4C++++++++++++++&de=000004&ef=ULD&fg=1"
"344","社團法人雲林縣佛教善行慈悲功德會","http://cdcb.judicial.gov.tw/abbs/wkw/WHD6K05.jsp?ab=AAAdkxAAHAAAGqpAAF&bc=103&cd=%AA%6B%B5%6E%A5%4C++++++++++++++&de=000005&ef=ULD&fg=1"
"18","財團法人雲林縣私立大德工業商業職業學校","http://cdcb.judicial.gov.tw/abbs/wkw/WHD6K05.jsp?ab=AAAdkxAAHAAAGqvAAI&bc=103&cd=%AA%6B%B5%6E%A5%4C++++++++++++++&de=000006&ef=ULD&fg=1"
"294","社團法人雲林縣道教會","http://cdcb.judicial.gov.tw/abbs/wkw/WHD6K05.jsp?ab=AAAdkxAAHAAAGp6AAI&bc=103&cd=%AA%6B%B5%6E%A5%4C++++++++++++++&de=000007&ef=ULD&fg=1"
"188","社團法人雲林縣有機產業發展學會","http://cdcb.judicial.gov.tw/abbs/wkw/WHD6K05.jsp?ab=AAAdkxAAHAAAGriAAE&bc=103&cd=%AA%6B%B5%6E%A5%4C++++++++++++++&de=000008&ef=ULD&fg=1"
"319","財團法人雲林縣張欣哲教育基金會","http://cdcb.judicial.gov.tw/abbs/wkw/WHD6K05.jsp?ab=AAAdkxAAHAAAGrfAAD&bc=103&cd=%AA%6B%B5%6E%A5%4C++++++++++++++&de=000009&ef=ULD&fg=1"
"361","社團法人雲林縣農村生活創意分享協會","http://cdcb.judicial.gov.tw/abbs/wkw/WHD6K05.jsp?ab=AAAdkxAAHAAAGmmAAJ&bc=102&cd=%AA%6B%B5%6E%AA%C0++++++++++++++&de=000009&ef=ULD&fg=1"
"364","社團法人雲林縣勞資關係協會","http://cdcb.judicial.gov.tw/abbs/wkw/WHD6K05.jsp?ab=AAAdkxAAHAAAGmhAAK&bc=102&cd=%AA%6B%B5%6E%AA%C0++++++++++++++&de=000010&ef=ULD&fg=1"
"365","社團法人中華美學技能教育協會","http://cdcb.judicial.gov.tw/abbs/wkw/WHD6K05.jsp?ab=AAAdkxAAHAAAGmsAAE&bc=102&cd=%AA%6B%B5%6E%AA%C0++++++++++++++&de=000012&ef=ULD&fg=1"
"366","社團法人雲林縣職業安全衛生發展協會","http://cdcb.judicial.gov.tw/abbs/wkw/WHD6K05.jsp?ab=AAAdkxAAHAAAGoGAAD&bc=102&cd=%AA%6B%B5%6E%AA%C0++++++++++++++&de=000015&ef=ULD&fg=1"
"367","社團法人台灣公共事務發展協會","http://cdcb.judicial.gov.tw/abbs/wkw/WHD6K05.jsp?ab=AAAdkxAAHAAAGm0AAC&bc=102&cd=%AA%6B%B5%6E%AA%C0++++++++++++++&de=000016&ef=ULD&fg=1"
"368","社團法人雲林縣地方傳統藝術協會","http://cdcb.judicial.gov.tw/abbs/wkw/WHD6K05.jsp?ab=AAAdkxAAHAAAGnkAAK&bc=102&cd=%AA%6B%B5%6E%AA%C0++++++++++++++&de=000017&ef=ULD&fg=1"
"369","社團法人雲林縣文化資訊教育發展協會","http://cdcb.judicial.gov.tw/abbs/wkw/WHD6K05.jsp?ab=AAAdkxAAHAAAGouAAA&bc=102&cd=%AA%6B%B5%6E%AA%C0++++++++++++++&de=000018&ef=ULD&fg=1"
"370","社團法人雲林縣口湖鄉產業暨觀光發展聯盟協會","http://cdcb.judicial.gov.tw/abbs/wkw/WHD6K05.jsp?ab=AAAdkxAAHAAAGopAAE&bc=102&cd=%AA%6B%B5%6E%AA%C0++++++++++++++&de=000019&ef=ULD&fg=1"
"359","福智學校財團法人","http://cdcb.judicial.gov.tw/abbs/wkw/WHD6K05.jsp?ab=AAAdkxAAHAAAChoAAL&bc=102&cd=%AA%6B%B5%6E%B0%5D++++++++++++++&de=000001&ef=ULD&fg=1"
"197","財團法人雲林縣李福來教育基金會","http://cdcb.judicial.gov.tw/abbs/wkw/WHD6K05.jsp?ab=AAAdkxAAHAAAGqtAAE&bc=102&cd=%AA%6B%B5%6E%A5%4C++++++++++++++&de=000092&ef=ULD&fg=1"
"356","社團法人雲林縣勞工安全衛生促進會","http://cdcb.judicial.gov.tw/abbs/wkw/WHD6K05.jsp?ab=AAAdkxAAHAAAGheAAC&bc=102&cd=%AA%6B%B5%6E%AA%C0++++++++++++++&de=000001&ef=ULD&fg=1"
"352","社團法人雲林縣圓夢協會","http://cdcb.judicial.gov.tw/abbs/wkw/WHD6K05.jsp?ab=AAAdkxAAHAAAGi4AAI&bc=102&cd=%AA%6B%B5%6E%AA%C0++++++++++++++&de=000002&ef=ULD&fg=1"
"353","社團法人雲林縣小天使發展協會","http://cdcb.judicial.gov.tw/abbs/wkw/WHD6K05.jsp?ab=AAAdkxAAHAAAGj4AAA&bc=102&cd=%AA%6B%B5%6E%AA%C0++++++++++++++&de=000003&ef=ULD&fg=1"
"354","社團法人雲林縣長榮大學校友會","http://cdcb.judicial.gov.tw/abbs/wkw/WHD6K05.jsp?ab=AAAdkxAAHAAAGjrAAF&bc=102&cd=%AA%6B%B5%6E%AA%C0++++++++++++++&de=000004&ef=ULD&fg=1"
"357","社團法人雲林縣生態保育協會","http://cdcb.judicial.gov.tw/abbs/wkw/WHD6K05.jsp?ab=AAAdkxAAHAAAGhTAAD&bc=102&cd=%AA%6B%B5%6E%AA%C0++++++++++++++&de=000005&ef=ULD&fg=1"
"355","社團法人雲林縣虎尾南區普渡文化協會","http://cdcb.judicial.gov.tw/abbs/wkw/WHD6K05.jsp?ab=AAAdkxAAHAAAGgZAAE&bc=102&cd=%AA%6B%B5%6E%AA%C0++++++++++++++&de=000006&ef=ULD&fg=1"
"360","雲林縣四湖鄉林厝寮永續發展協會","http://cdcb.judicial.gov.tw/abbs/wkw/WHD6K05.jsp?ab=AAAdkxAAHAAAGkuAAK&bc=102&cd=%AA%6B%B5%6E%AA%C0++++++++++++++&de=000008&ef=ULD&fg=1"
"150","社團法人雲林縣台西身心障礙者福利協會","http://cdcb.judicial.gov.tw/abbs/wkw/WHD6K05.jsp?ab=AAAdkxAAHAAAGq4AAA&bc=102&cd=%AA%6B%B5%6E%A5%4C++++++++++++++&de=000081&ef=ULD&fg=1"
"88","財團法人雲林縣永光國民小學文教基金會","http://cdcb.judicial.gov.tw/abbs/wkw/WHD6K05.jsp?ab=AAAdkxAAHAAAGqYAAK&bc=102&cd=%AA%6B%B5%6E%A5%4C++++++++++++++&de=000082&ef=ULD&fg=1"
"351","財團法人雲林縣德春慈善基金會","http://cdcb.judicial.gov.tw/abbs/wkw/WHD6K05.jsp?ab=AAAdkxAAHAAAGqNAAD&bc=102&cd=%AA%6B%B5%6E%A5%4C++++++++++++++&de=000083&ef=ULD&fg=1"
"327","財團法人雲林縣利仁教育基金會","http://cdcb.judicial.gov.tw/abbs/wkw/WHD6K05.jsp?ab=AAAdkxAAHAAAGpHAAH&bc=102&cd=%AA%6B%B5%6E%A5%4C++++++++++++++&de=000084&ef=ULD&fg=1"
"301","社團法人雲林縣百日草希望家庭協會","http://cdcb.judicial.gov.tw/abbs/wkw/WHD6K05.jsp?ab=AAAdkxAAHAAAGpAAAD&bc=102&cd=%AA%6B%B5%6E%A5%4C++++++++++++++&de=000085&ef=ULD&fg=1"
"312","財團法人雲林縣十字關懷水利展望基金會","http://cdcb.judicial.gov.tw/abbs/wkw/WHD6K05.jsp?ab=AAAdkxAAHAAAGp%2BAAK&bc=102&cd=%AA%6B%B5%6E%A5%4C++++++++++++++&de=000086&ef=ULD&fg=1"
"80","社團法人雲林縣復健青年協進會","http://cdcb.judicial.gov.tw/abbs/wkw/WHD6K05.jsp?ab=AAAdkxAAHAAAGoxAAJ&bc=102&cd=%AA%6B%B5%6E%A5%4C++++++++++++++&de=000087&ef=ULD&fg=1"
"257","社團法人雲林縣身心障礙者重建協會","http://cdcb.judicial.gov.tw/abbs/wkw/WHD6K05.jsp?ab=AAAdkxAAHAAAGoxAAK&bc=102&cd=%AA%6B%B5%6E%A5%4C++++++++++++++&de=000088&ef=ULD&fg=1"
"4","財團法人雲林縣私立正心高級中學","http://cdcb.judicial.gov.tw/abbs/wkw/WHD6K05.jsp?ab=AAAdkxAAHAAAGojAAJ&bc=102&cd=%AA%6B%B5%6E%A5%4C++++++++++++++&de=000089&ef=ULD&fg=1"
"9","財團法人臺灣省雲林縣私立文生高級中學","http://cdcb.judicial.gov.tw/abbs/wkw/WHD6K05.jsp?ab=AAAdkxAAHAAAGqtAAF&bc=102&cd=%AA%6B%B5%6E%A5%4C++++++++++++++&de=000090&ef=ULD&fg=1"
"345","社團法人雲林縣斗南鎮金府王爺會","http://cdcb.judicial.gov.tw/abbs/wkw/WHD6K05.jsp?ab=AAAdkxAAHAAAGnkAAJ&bc=102&cd=%AA%6B%B5%6E%A5%4C++++++++++++++&de=000070&ef=ULD&fg=1"
"72","社團法人雲林縣生命線協會","http://cdcb.judicial.gov.tw/abbs/wkw/WHD6K05.jsp?ab=AAAdkxAAHAAAGkXAAI&bc=102&cd=%AA%6B%B5%6E%A5%4C++++++++++++++&de=000071&ef=ULD&fg=1"
"129","財團法人雲林縣私立福智國民中學","http://cdcb.judicial.gov.tw/abbs/wkw/WHD6K05.jsp?ab=AAAdkxAAHAAAGkVAAK&bc=102&cd=%AA%6B%B5%6E%A5%4C++++++++++++++&de=000072&ef=ULD&fg=1"
"128","財團法人雲林縣私立福智國民小學","http://cdcb.judicial.gov.tw/abbs/wkw/WHD6K05.jsp?ab=AAAdkxAAHAAAGl1AAH&bc=102&cd=%AA%6B%B5%6E%A5%4C++++++++++++++&de=000073&ef=ULD&fg=1"
"190","社團法人雲林縣口湖鄉老人會","http://cdcb.judicial.gov.tw/abbs/wkw/WHD6K05.jsp?ab=AAAdkxAAHAAAGo9AAA&bc=102&cd=%AA%6B%B5%6E%A5%4C++++++++++++++&de=000075&ef=ULD&fg=1"
"253","社團法人台灣懿德協會","http://cdcb.judicial.gov.tw/abbs/wkw/WHD6K05.jsp?ab=AAAdkxAAHAAAGpGAAB&bc=102&cd=%AA%6B%B5%6E%A5%4C++++++++++++++&de=000076&ef=ULD&fg=1"
"168","社團法人雲林縣斗南鎮博愛慈善會","http://cdcb.judicial.gov.tw/abbs/wkw/WHD6K05.jsp?ab=AAAdkxAAHAAAGpbAAD&bc=102&cd=%AA%6B%B5%6E%A5%4C++++++++++++++&de=000077&ef=ULD&fg=1"
"26","財團法人雲林縣斗南鎮斗南國民小學沈健章沈闕玉文教基金會","http://cdcb.judicial.gov.tw/abbs/wkw/WHD6K05.jsp?ab=AAAdkxAAHAAAGoYAAH&bc=102&cd=%AA%6B%B5%6E%A5%4C++++++++++++++&de=000078&ef=ULD&fg=1"
"73","財團法人土庫商工文教基金會","http://cdcb.judicial.gov.tw/abbs/wkw/WHD6K05.jsp?ab=AAAdkxAAHAAAGoYAAI&bc=102&cd=%AA%6B%B5%6E%A5%4C++++++++++++++&de=000079&ef=ULD&fg=1"
"214","社團法人雲林縣陳守成慈善功德會","http://cdcb.judicial.gov.tw/abbs/wkw/WHD6K05.jsp?ab=AAAdkxAAHAAAGpNAAH&bc=102&cd=%AA%6B%B5%6E%A5%4C++++++++++++++&de=000080&ef=ULD&fg=1"
"337","社團法人台灣在地農經整合協會","http://cdcb.judicial.gov.tw/abbs/wkw/WHD6K05.jsp?ab=AAAdkxAAHAAAGkZAAD&bc=102&cd=%AA%6B%B5%6E%A5%4C++++++++++++++&de=000060&ef=ULD&fg=1"
"132","財團法人基督教虎尾浸信會","http://cdcb.judicial.gov.tw/abbs/wkw/WHD6K05.jsp?ab=AAAdkxAAHAAAGnRAAF&bc=102&cd=%AA%6B%B5%6E%A5%4C++++++++++++++&de=000061&ef=ULD&fg=1"
"201","社團法人雲林縣真佛六度佛學會","http://cdcb.judicial.gov.tw/abbs/wkw/WHD6K05.jsp?ab=AAAdkxAAHAAAGkZAAE&bc=102&cd=%AA%6B%B5%6E%A5%4C++++++++++++++&de=000062&ef=ULD&fg=1"
"130","財團法人技專校院入學測驗中心基金會","http://cdcb.judicial.gov.tw/abbs/wkw/WHD6K05.jsp?ab=AAAdkxAAHAAAGmCAAA&bc=102&cd=%AA%6B%B5%6E%A5%4C++++++++++++++&de=000063&ef=ULD&fg=1"
"101","天主教若瑟醫療財團法人","http://cdcb.judicial.gov.tw/abbs/wkw/WHD6K05.jsp?ab=AAAdkxAAHAAAGklAAG&bc=102&cd=%AA%6B%B5%6E%A5%4C++++++++++++++&de=000064&ef=ULD&fg=1"
"31","財團法人雲林縣後備軍人獎學基金會","http://cdcb.judicial.gov.tw/abbs/wkw/WHD6K05.jsp?ab=AAAdkxAAHAAAGlSAAC&bc=102&cd=%AA%6B%B5%6E%A5%4C++++++++++++++&de=000065&ef=ULD&fg=1"
"100","社團法人雲林縣虎尾殘障福利協會","http://cdcb.judicial.gov.tw/abbs/wkw/WHD6K05.jsp?ab=AAAdkxAAHAAAGmiAAC&bc=102&cd=%AA%6B%B5%6E%A5%4C++++++++++++++&de=000066&ef=ULD&fg=1"
"171","財團法人雲林同鄉文教基金會","http://cdcb.judicial.gov.tw/abbs/wkw/WHD6K05.jsp?ab=AAAdkxAAHAAAGmjAAJ&bc=102&cd=%AA%6B%B5%6E%A5%4C++++++++++++++&de=000067&ef=ULD&fg=1"
"309","社團法人雲林縣建築師公會","http://cdcb.judicial.gov.tw/abbs/wkw/WHD6K05.jsp?ab=AAAdkxAAHAAAGlkAAI&bc=102&cd=%AA%6B%B5%6E%A5%4C++++++++++++++&de=000068&ef=ULD&fg=1"
"145","社團法人雲林縣老人長期照護協會","http://cdcb.judicial.gov.tw/abbs/wkw/WHD6K05.jsp?ab=AAAdkxAAHAAAGlkAAH&bc=102&cd=%AA%6B%B5%6E%A5%4C++++++++++++++&de=000069&ef=ULD&fg=1"
"206","社團法人雲林縣褒忠鄉老人會","http://cdcb.judicial.gov.tw/abbs/wkw/WHD6K05.jsp?ab=AAAdkxAAHAAAGlTAAE&bc=102&cd=%AA%6B%B5%6E%A5%4C++++++++++++++&de=000048&ef=ULD&fg=1"
"5","財團法人臺灣省雲林縣西螺福善寺","http://cdcb.judicial.gov.tw/abbs/wkw/WHD6K05.jsp?ab=AAAdkxAAHAAAGlZAAA&bc=102&cd=%AA%6B%B5%6E%A5%4C++++++++++++++&de=000049&ef=ULD&fg=1"
"208","社團法人雲林縣百里香兒童青少年關懷協會","http://cdcb.judicial.gov.tw/abbs/wkw/WHD6K05.jsp?ab=AAAdkxAAHAAAGlZAAB&bc=102&cd=%AA%6B%B5%6E%A5%4C++++++++++++++&de=000050&ef=ULD&fg=1"
"298","財團法人雲林縣洪育人文教育基金會","http://cdcb.judicial.gov.tw/abbs/wkw/WHD6K05.jsp?ab=AAAdkxAAHAAAGnoAAD&bc=102&cd=%AA%6B%B5%6E%A5%4C++++++++++++++&de=000052&ef=ULD&fg=1"
"204","社團法人雲林縣雲林故事人協會","http://cdcb.judicial.gov.tw/abbs/wkw/WHD6K05.jsp?ab=AAAdkxAAHAAAGmwAAJ&bc=102&cd=%AA%6B%B5%6E%A5%4C++++++++++++++&de=000057&ef=ULD&fg=1"
"210","社團法人雲林縣大埤鄉老人會","http://cdcb.judicial.gov.tw/abbs/wkw/WHD6K05.jsp?ab=AAAdkxAAHAAAGnSAAJ&bc=102&cd=%AA%6B%B5%6E%A5%4C++++++++++++++&de=000058&ef=ULD&fg=1"
"302","社團法人雲林縣人力訓練發展協會","http://cdcb.judicial.gov.tw/abbs/wkw/WHD6K05.jsp?ab=AAAdkxAAHAAAGmRAAG&bc=102&cd=%AA%6B%B5%6E%A5%4C++++++++++++++&de=000059&ef=ULD&fg=1"
"138","財團法人雲林縣私立慈天慈善事業基金會","http://cdcb.judicial.gov.tw/abbs/wkw/WHD6K05.jsp?ab=AAAdkxAAHAAAGlnAAG&bc=102&cd=%AA%6B%B5%6E%A5%4C++++++++++++++&de=000038&ef=ULD&fg=1"
"242","社團法人雲林縣槌球協會","http://cdcb.judicial.gov.tw/abbs/wkw/WHD6K05.jsp?ab=AAAdkxAAHAAAGlnAAH&bc=102&cd=%AA%6B%B5%6E%A5%4C++++++++++++++&de=000039&ef=ULD&fg=1"
"46","財團法人臺灣省雲林縣廖溫和公祭祀公業","http://cdcb.judicial.gov.tw/abbs/wkw/WHD6K05.jsp?ab=AAAdkxAAHAAAGlnAAJ&bc=102&cd=%AA%6B%B5%6E%A5%4C++++++++++++++&de=000041&ef=ULD&fg=1"
"60","財團法人臺灣省雲林縣虎尾教會聚會所","http://cdcb.judicial.gov.tw/abbs/wkw/WHD6K05.jsp?ab=AAAdkxAAHAAAGkpAAA&bc=102&cd=%AA%6B%B5%6E%A5%4C++++++++++++++&de=000042&ef=ULD&fg=1"
"295","社團法人雲林縣婦女關懷教育發展協會","http://cdcb.judicial.gov.tw/abbs/wkw/WHD6K05.jsp?ab=AAAdkxAAHAAAGkYAAA&bc=102&cd=%AA%6B%B5%6E%A5%4C++++++++++++++&de=000043&ef=ULD&fg=1"
"148","社團法人雲林縣斗南鎮老人會","http://cdcb.judicial.gov.tw/abbs/wkw/WHD6K05.jsp?ab=AAAdkxAAHAAAGkpAAB&bc=102&cd=%AA%6B%B5%6E%A5%4C++++++++++++++&de=000044&ef=ULD&fg=1"
"89","財團法人雲林縣體育基金會","http://cdcb.judicial.gov.tw/abbs/wkw/WHD6K05.jsp?ab=AAAdkxAAHAAAGlOAAH&bc=102&cd=%AA%6B%B5%6E%A5%4C++++++++++++++&de=000045&ef=ULD&fg=1"
"25","財團法人雲林縣私立大成高級商工職業學校","http://cdcb.judicial.gov.tw/abbs/wkw/WHD6K05.jsp?ab=AAAdkxAAHAAAGlOAAG&bc=102&cd=%AA%6B%B5%6E%A5%4C++++++++++++++&de=000046&ef=ULD&fg=1"
"12","財團法人雲林縣私立淵明國民中學","http://cdcb.judicial.gov.tw/abbs/wkw/WHD6K05.jsp?ab=AAAdkxAAHAAAGhGAAK&bc=102&cd=%AA%6B%B5%6E%A5%4C++++++++++++++&de=000027&ef=ULD&fg=1"
"248","社團法人雲林縣東勢鄉老人會","http://cdcb.judicial.gov.tw/abbs/wkw/WHD6K05.jsp?ab=AAAdkxAAHAAAGj0AAA&bc=102&cd=%AA%6B%B5%6E%A5%4C++++++++++++++&de=000029&ef=ULD&fg=1"
"81","財團法人雲林縣崇文國民小學文教基金會","http://cdcb.judicial.gov.tw/abbs/wkw/WHD6K05.jsp?ab=AAAdkxAAHAAAGjKAAD&bc=102&cd=%AA%6B%B5%6E%A5%4C++++++++++++++&de=000030&ef=ULD&fg=1"
"22","財團法人北港朝天宮","http://cdcb.judicial.gov.tw/abbs/wkw/WHD6K05.jsp?ab=AAAdkxAAHAAAGjlAAC&bc=102&cd=%AA%6B%B5%6E%A5%4C++++++++++++++&de=000032&ef=ULD&fg=1"
"110","社團法人雲林縣聽語障福利協進會","http://cdcb.judicial.gov.tw/abbs/wkw/WHD6K05.jsp?ab=AAAdkxAAHAAAGgWAAD&bc=102&cd=%AA%6B%B5%6E%A5%4C++++++++++++++&de=000033&ef=ULD&fg=1"
"44","財團法人雲林縣私立陳添濤文教基金會","http://cdcb.judicial.gov.tw/abbs/wkw/WHD6K05.jsp?ab=AAAdkxAAHAAAGklAAA&bc=102&cd=%AA%6B%B5%6E%A5%4C++++++++++++++&de=000034&ef=ULD&fg=1"
"90","社團法人雲林縣聲暉協進會","http://cdcb.judicial.gov.tw/abbs/wkw/WHD6K05.jsp?ab=AAAdkxAAHAAAGklAAB&bc=102&cd=%AA%6B%B5%6E%A5%4C++++++++++++++&de=000035&ef=ULD&fg=1"
"117","財團法人雲林縣興昌國民小學文教基金會","http://cdcb.judicial.gov.tw/abbs/wkw/WHD6K05.jsp?ab=AAAdkxAAHAAAGkrAAA&bc=102&cd=%AA%6B%B5%6E%A5%4C++++++++++++++&de=000036&ef=ULD&fg=1"
"184","社團法人雲林縣林內鄉老人會","http://cdcb.judicial.gov.tw/abbs/wkw/WHD6K05.jsp?ab=AAAdkxAAHAAAGiTAAF&bc=102&cd=%AA%6B%B5%6E%A5%4C++++++++++++++&de=000019&ef=ULD&fg=1"
"249","財團法人天主教若瑟社會福利基金會","http://cdcb.judicial.gov.tw/abbs/wkw/WHD6K05.jsp?ab=AAAdkxAAHAAAGmgAAE&bc=102&cd=%AA%6B%B5%6E%A5%4C++++++++++++++&de=000020&ef=ULD&fg=1"
"238","社團法人雲林縣照顧服務發展協會","http://cdcb.judicial.gov.tw/abbs/wkw/WHD6K05.jsp?ab=AAAdkxAAHAAAGiTAAG&bc=102&cd=%AA%6B%B5%6E%A5%4C++++++++++++++&de=000021&ef=ULD&fg=1"
"96","社團法人雲林縣啟智協會","http://cdcb.judicial.gov.tw/abbs/wkw/WHD6K05.jsp?ab=AAAdkxAAHAAAGiTAAE&bc=102&cd=%AA%6B%B5%6E%A5%4C++++++++++++++&de=000022&ef=ULD&fg=1"
"318","社團法人台灣雲彩全人關懷協會","http://cdcb.judicial.gov.tw/abbs/wkw/WHD6K05.jsp?ab=AAAdkxAAHAAAGglAAD&bc=102&cd=%AA%6B%B5%6E%A5%4C++++++++++++++&de=000023&ef=ULD&fg=1"
"239","社團法人雲林縣新移民關懷協會","http://cdcb.judicial.gov.tw/abbs/wkw/WHD6K05.jsp?ab=AAAdkxAAHAAAGi6AAJ&bc=102&cd=%AA%6B%B5%6E%A5%4C++++++++++++++&de=000006&ef=ULD&fg=1"
"11","財團法人雲林縣私立東南國民中學","http://cdcb.judicial.gov.tw/abbs/wkw/WHD6K05.jsp?ab=AAAdkxAAHAAAGj8AAJ&bc=102&cd=%AA%6B%B5%6E%A5%4C++++++++++++++&de=000010&ef=ULD&fg=1"
"104","財團法人雲林縣雲萱基金會","http://cdcb.judicial.gov.tw/abbs/wkw/WHD6K05.jsp?ab=AAAdkxAAHAAAGjNAAE&bc=102&cd=%AA%6B%B5%6E%A5%4C++++++++++++++&de=000012&ef=ULD&fg=1"
"137","財團法人台灣省雲林縣西螺廣福宮","http://cdcb.judicial.gov.tw/abbs/wkw/WHD6K05.jsp?ab=AAAdkxAAHAAAGi%2FAAI&bc=102&cd=%AA%6B%B5%6E%A5%4C++++++++++++++&de=000014&ef=ULD&fg=1"
"305","社團法人雲林縣領隊導遊協會","http://cdcb.judicial.gov.tw/abbs/wkw/WHD6K05.jsp?ab=AAAdkxAAHAAAGheAAD&bc=102&cd=%AA%6B%B5%6E%A5%4C++++++++++++++&de=000015&ef=ULD&fg=1"
"348","社團法人雲林縣環境教育學會","http://cdcb.judicial.gov.tw/abbs/wkw/WHD6K05.jsp?ab=AAAdkxAAHAAAGMKAAJ&bc=101&cd=%AA%6B%B5%6E%AA%C0++++++++++++++&de=000020&ef=ULD&fg=1"
"347","社團法人雲林縣弱勢族群關懷協會","http://cdcb.judicial.gov.tw/abbs/wkw/WHD6K05.jsp?ab=AAAdkxAAHAAAGMXAAI&bc=101&cd=%AA%6B%B5%6E%AA%C0++++++++++++++&de=000021&ef=ULD&fg=1"
"349","社團法人台灣善心關懷協會","http://cdcb.judicial.gov.tw/abbs/wkw/WHD6K05.jsp?ab=AAAdkxAAHAAAGMSAAG&bc=101&cd=%AA%6B%B5%6E%AA%C0++++++++++++++&de=000022&ef=ULD&fg=1"
"350","財團法人雲林縣傳統教育基金會","http://cdcb.judicial.gov.tw/abbs/wkw/WHD6K05.jsp?ab=AAAdkxAAHAAAGM3AAG&bc=101&cd=%AA%6B%B5%6E%B0%5D++++++++++++++&de=000001&ef=ULD&fg=1"
"175","社團法人雲林縣婦女保護會","http://cdcb.judicial.gov.tw/abbs/wkw/WHD6K05.jsp?ab=AAAdkxAAHAAAGg4AAH&bc=102&cd=%AA%6B%B5%6E%A5%4C++++++++++++++&de=000001&ef=ULD&fg=1"
"307","社團法人雲林縣飛雁創業協會","http://cdcb.judicial.gov.tw/abbs/wkw/WHD6K05.jsp?ab=AAAdkxAAHAAAGg4AAJ&bc=102&cd=%AA%6B%B5%6E%A5%4C++++++++++++++&de=000003&ef=ULD&fg=1"
"273","社團法人雲林縣身心照護協會","http://cdcb.judicial.gov.tw/abbs/wkw/WHD6K05.jsp?ab=AAAdkxAAHAAAGg4AAK&bc=102&cd=%AA%6B%B5%6E%A5%4C++++++++++++++&de=000004&ef=ULD&fg=1"
"338","社團法人雲林縣口湖鄉整體發展協會","http://cdcb.judicial.gov.tw/abbs/wkw/WHD6K05.jsp?ab=AAAdkxAAHAAAGE0AAL&bc=101&cd=%AA%6B%B5%6E%AA%C0++++++++++++++&de=000011&ef=ULD&fg=1"
"339","社團法人臺灣磨潤科技學會","http://cdcb.judicial.gov.tw/abbs/wkw/WHD6K05.jsp?ab=AAAdkxAAHAAAGEZAAC&bc=101&cd=%AA%6B%B5%6E%AA%C0++++++++++++++&de=000012&ef=ULD&fg=1"
"340","社團法人中華專業技能交流協會","http://cdcb.judicial.gov.tw/abbs/wkw/WHD6K05.jsp?ab=AAAdkxAAHAAAGFqAAE&bc=101&cd=%AA%6B%B5%6E%AA%C0++++++++++++++&de=000013&ef=ULD&fg=1"
"341","社團法人中華文殊海會慈善功德會","http://cdcb.judicial.gov.tw/abbs/wkw/WHD6K05.jsp?ab=AAAdkxAAHAAAGGBAAA&bc=101&cd=%AA%6B%B5%6E%AA%C0++++++++++++++&de=000014&ef=ULD&fg=1"
"342","社團法人雲林縣珍愛一生國際婚姻關懷協會","http://cdcb.judicial.gov.tw/abbs/wkw/WHD6K05.jsp?ab=AAAdkxAAHAAAGK4AAJ&bc=101&cd=%AA%6B%B5%6E%AA%C0++++++++++++++&de=000015&ef=ULD&fg=1"
"343","社團法人雲林縣蠶桑生產協進會","http://cdcb.judicial.gov.tw/abbs/wkw/WHD6K05.jsp?ab=AAAdkxAAHAAAGMBAAC&bc=101&cd=%AA%6B%B5%6E%AA%C0++++++++++++++&de=000016&ef=ULD&fg=1"
"346","社團法人雲林縣輔助科技服務協會","http://cdcb.judicial.gov.tw/abbs/wkw/WHD6K05.jsp?ab=AAAdkxAAHAAAGM%2BAAE&bc=101&cd=%AA%6B%B5%6E%AA%C0++++++++++++++&de=000019&ef=ULD&fg=1"
"75","財團法人雲林縣金湖國民小學文教基金會","http://cdcb.judicial.gov.tw/abbs/wkw/WHD6K05.jsp?ab=AAAdkxAAHAAAGNfAAI&bc=101&cd=%AA%6B%B5%6E%A5%4C++++++++++++++&de=000091&ef=ULD&fg=1"
"328","社團法人雲林縣鳳山館國武術藝文推廣協會","http://cdcb.judicial.gov.tw/abbs/wkw/WHD6K05.jsp?ab=AAAdkxAAHAAAF5aAAE&bc=101&cd=%AA%6B%B5%6E%AA%C0++++++++++++++&de=000001&ef=ULD&fg=1"
"333","社團法人雲林縣大成商工教師會","http://cdcb.judicial.gov.tw/abbs/wkw/WHD6K05.jsp?ab=AAAdkxAAHAAAF6XAAH&bc=101&cd=%AA%6B%B5%6E%AA%C0++++++++++++++&de=000002&ef=ULD&fg=1"
"329","社團法人雲林縣耕雲夢想全人關懷協會","http://cdcb.judicial.gov.tw/abbs/wkw/WHD6K05.jsp?ab=AAAdkxAAHAAAF5XAAG&bc=101&cd=%AA%6B%B5%6E%AA%C0++++++++++++++&de=000003&ef=ULD&fg=1"
"330","社團法人雲林縣語言治療師公會","http://cdcb.judicial.gov.tw/abbs/wkw/WHD6K05.jsp?ab=AAAdkxAAHAAAF7DAAB&bc=101&cd=%AA%6B%B5%6E%AA%C0++++++++++++++&de=000004&ef=ULD&fg=1"
"331","社團法人雲林縣勞工職業教育訓練協會","http://cdcb.judicial.gov.tw/abbs/wkw/WHD6K05.jsp?ab=AAAdkxAAHAAAF6qAAC&bc=101&cd=%AA%6B%B5%6E%AA%C0++++++++++++++&de=000005&ef=ULD&fg=1"
"332","社團法人雲林縣璞玉文化教育協會","http://cdcb.judicial.gov.tw/abbs/wkw/WHD6K05.jsp?ab=AAAdkxAAHAAAF66AAC&bc=101&cd=%AA%6B%B5%6E%AA%C0++++++++++++++&de=000006&ef=ULD&fg=1"
"334","社團法人臺灣愛家基督教會","http://cdcb.judicial.gov.tw/abbs/wkw/WHD6K05.jsp?ab=AAAdkxAAHAAAF7oAAB&bc=101&cd=%AA%6B%B5%6E%AA%C0++++++++++++++&de=000007&ef=ULD&fg=1"
"335","社團法人雲林縣折翼天使發展協會","http://cdcb.judicial.gov.tw/abbs/wkw/WHD6K05.jsp?ab=AAAdkxAAHAAAGASAAE&bc=101&cd=%AA%6B%B5%6E%AA%C0++++++++++++++&de=000008&ef=ULD&fg=1"
"336","社團法人雲林縣西螺愛心慈善會","http://cdcb.judicial.gov.tw/abbs/wkw/WHD6K05.jsp?ab=AAAdkxAAHAAAGBmAAA&bc=101&cd=%AA%6B%B5%6E%AA%C0++++++++++++++&de=000009&ef=ULD&fg=1"
"77","財團法人天理教斗六教會","http://cdcb.judicial.gov.tw/abbs/wkw/WHD6K05.jsp?ab=AAAdkxAAHAAAGMgAAA&bc=101&cd=%AA%6B%B5%6E%A5%4C++++++++++++++&de=000082&ef=ULD&fg=1"
"227","財團法人雲林縣青埔教育基金會","http://cdcb.judicial.gov.tw/abbs/wkw/WHD6K05.jsp?ab=AAAdkxAAHAAAGMSAAA&bc=101&cd=%AA%6B%B5%6E%A5%4C++++++++++++++&de=000083&ef=ULD&fg=1"
"45","財團法人雲林縣林內鄉濟公堂","http://cdcb.judicial.gov.tw/abbs/wkw/WHD6K05.jsp?ab=AAAdkxAAHAAAGMSAAH&bc=101&cd=%AA%6B%B5%6E%A5%4C++++++++++++++&de=000085&ef=ULD&fg=1"
"234","財團法人慶興社會福利基金會","http://cdcb.judicial.gov.tw/abbs/wkw/WHD6K05.jsp?ab=AAAdkxAAHAAAGNgAAG&bc=101&cd=%AA%6B%B5%6E%A5%4C++++++++++++++&de=000087&ef=ULD&fg=1"
"198","社團法人雲林縣社會關懷協會","http://cdcb.judicial.gov.tw/abbs/wkw/WHD6K05.jsp?ab=AAAdkxAAHAAAGNgAAE&bc=101&cd=%AA%6B%B5%6E%A5%4C++++++++++++++&de=000090&ef=ULD&fg=1"
"64","財團法人國立雲林科技大學文教基金會","http://cdcb.judicial.gov.tw/abbs/wkw/WHD6K05.jsp?ab=AAAdkxAAHAAAGLoAAE&bc=101&cd=%AA%6B%B5%6E%A5%4C++++++++++++++&de=000072&ef=ULD&fg=1"
"144","財團法人台灣兒童暨家庭扶助基金會","http://cdcb.judicial.gov.tw/abbs/wkw/WHD6K05.jsp?ab=AAAdkxAAHAAAGL3AAG&bc=101&cd=%AA%6B%B5%6E%A5%4C++++++++++++++&de=000073&ef=ULD&fg=1"
"269","社團法人台灣五方佛慈善會","http://cdcb.judicial.gov.tw/abbs/wkw/WHD6K05.jsp?ab=AAAdkxAAHAAAGMBAAB&bc=101&cd=%AA%6B%B5%6E%A5%4C++++++++++++++&de=000074&ef=ULD&fg=1"
"195","社團法人雲林縣照護服務協會","http://cdcb.judicial.gov.tw/abbs/wkw/WHD6K05.jsp?ab=AAAdkxAAHAAAGL9AAI&bc=101&cd=%AA%6B%B5%6E%A5%4C++++++++++++++&de=000075&ef=ULD&fg=1"
"35","財團法人雲林縣私立信義育幼院","http://cdcb.judicial.gov.tw/abbs/wkw/WHD6K05.jsp?ab=AAAdkxAAHAAAGMeAAC&bc=101&cd=%AA%6B%B5%6E%A5%4C++++++++++++++&de=000077&ef=ULD&fg=1"
"165","社團法人雲林縣癲癇之友協會","http://cdcb.judicial.gov.tw/abbs/wkw/WHD6K05.jsp?ab=AAAdkxAAHAAAGMGAAG&bc=101&cd=%AA%6B%B5%6E%A5%4C++++++++++++++&de=000078&ef=ULD&fg=1"
"166","社團法人雲林縣保母協會","http://cdcb.judicial.gov.tw/abbs/wkw/WHD6K05.jsp?ab=AAAdkxAAHAAAGNDAAH&bc=101&cd=%AA%6B%B5%6E%A5%4C++++++++++++++&de=000080&ef=ULD&fg=1"
"118","財團法人雲林縣私立維多利亞國民小學","http://cdcb.judicial.gov.tw/abbs/wkw/WHD6K05.jsp?ab=AAAdkxAAHAAAGKgAAB&bc=101&cd=%AA%6B%B5%6E%A5%4C++++++++++++++&de=000066&ef=ULD&fg=1"
"284","財團法人華緣教育基金會","http://cdcb.judicial.gov.tw/abbs/wkw/WHD6K05.jsp?ab=AAAdkxAAHAAAGKPAAB&bc=101&cd=%AA%6B%B5%6E%A5%4C++++++++++++++&de=000067&ef=ULD&fg=1"
"258","社團法人台灣西螺太平媽協會","http://cdcb.judicial.gov.tw/abbs/wkw/WHD6K05.jsp?ab=AAAdkxAAHAAAGLrAAI&bc=101&cd=%AA%6B%B5%6E%A5%4C++++++++++++++&de=000068&ef=ULD&fg=1"
"215","社團法人雲林縣廣聚慈善文教愛心協會","http://cdcb.judicial.gov.tw/abbs/wkw/WHD6K05.jsp?ab=AAAdkxAAHAAAGLuAAF&bc=101&cd=%AA%6B%B5%6E%A5%4C++++++++++++++&de=000070&ef=ULD&fg=1"
"230","社團法人雲林縣虎尾中元普渡文化協會","http://cdcb.judicial.gov.tw/abbs/wkw/WHD6K05.jsp?ab=AAAdkxAAHAAAGE0AAK&bc=101&cd=%AA%6B%B5%6E%A5%4C++++++++++++++&de=000050&ef=ULD&fg=1"
"61","財團法人雲林縣私立雲林蓮社文教基金會","http://cdcb.judicial.gov.tw/abbs/wkw/WHD6K05.jsp?ab=AAAdkxAAHAAAGE4AAA&bc=101&cd=%AA%6B%B5%6E%A5%4C++++++++++++++&de=000051&ef=ULD&fg=1"
"266","財團法人中華基督教浸信宣道會斗南教會","http://cdcb.judicial.gov.tw/abbs/wkw/WHD6K05.jsp?ab=AAAdkxAAHAAAGEdAAG&bc=101&cd=%AA%6B%B5%6E%A5%4C++++++++++++++&de=000052&ef=ULD&fg=1"
"259","財團法人雲林縣大慈社會福利慈善基金會","http://cdcb.judicial.gov.tw/abbs/wkw/WHD6K05.jsp?ab=AAAdkxAAHAAAGEdAAH&bc=101&cd=%AA%6B%B5%6E%A5%4C++++++++++++++&de=000053&ef=ULD&fg=1"
"231","社團法人台灣省雲林縣虎尾國際青年商會","http://cdcb.judicial.gov.tw/abbs/wkw/WHD6K05.jsp?ab=AAAdkxAAHAAAGEdAAI&bc=101&cd=%AA%6B%B5%6E%A5%4C++++++++++++++&de=000054&ef=ULD&fg=1"
"92","財團法人雲林縣慈光文教基金會","http://cdcb.judicial.gov.tw/abbs/wkw/WHD6K05.jsp?ab=AAAdkxAAHAAAGENAAG&bc=101&cd=%AA%6B%B5%6E%A5%4C++++++++++++++&de=000055&ef=ULD&fg=1"
"315","社團法人雲林縣口湖鄉傳統文化發展協會","http://cdcb.judicial.gov.tw/abbs/wkw/WHD6K05.jsp?ab=AAAdkxAAHAAAGEtAAK&bc=101&cd=%AA%6B%B5%6E%A5%4C++++++++++++++&de=000056&ef=ULD&fg=1"
"229","社團法人雲林縣全人關懷協會","http://cdcb.judicial.gov.tw/abbs/wkw/WHD6K05.jsp?ab=AAAdkxAAHAAAGF7AAJ&bc=101&cd=%AA%6B%B5%6E%A5%4C++++++++++++++&de=000057&ef=ULD&fg=1"
"42","財團法人臺灣省雲林縣斗六教會聚會所","http://cdcb.judicial.gov.tw/abbs/wkw/WHD6K05.jsp?ab=AAAdkxAAHAAAGF7AAI&bc=101&cd=%AA%6B%B5%6E%A5%4C++++++++++++++&de=000058&ef=ULD&fg=1"
"247","社團法人雲林縣飛耀青年發展協會","http://cdcb.judicial.gov.tw/abbs/wkw/WHD6K05.jsp?ab=AAAdkxAAHAAAGKvAAC&bc=101&cd=%AA%6B%B5%6E%A5%4C++++++++++++++&de=000059&ef=ULD&fg=1"
"84","財團法人台灣農畜發展基金會","http://cdcb.judicial.gov.tw/abbs/wkw/WHD6K05.jsp?ab=AAAdkxAAHAAAGBlAAG&bc=101&cd=%AA%6B%B5%6E%A5%4C++++++++++++++&de=000041&ef=ULD&fg=1"
"260","社團法人雲林縣愛加倍愛家協會","http://cdcb.judicial.gov.tw/abbs/wkw/WHD6K05.jsp?ab=AAAdkxAAHAAAGEkAAA&bc=101&cd=%AA%6B%B5%6E%A5%4C++++++++++++++&de=000043&ef=ULD&fg=1"
"281","社團法人雲林縣醫師公會","http://cdcb.judicial.gov.tw/abbs/wkw/WHD6K05.jsp?ab=AAAdkxAAHAAAGErAAD&bc=101&cd=%AA%6B%B5%6E%A5%4C++++++++++++++&de=000044&ef=ULD&fg=1"
"191","社團法人雲林縣四湖鄉老人會","http://cdcb.judicial.gov.tw/abbs/wkw/WHD6K05.jsp?ab=AAAdkxAAHAAAGEjAAC&bc=101&cd=%AA%6B%B5%6E%A5%4C++++++++++++++&de=000045&ef=ULD&fg=1"
"141","社團法人雲林縣元長鄉老人會","http://cdcb.judicial.gov.tw/abbs/wkw/WHD6K05.jsp?ab=AAAdkxAAHAAAGErAAE&bc=101&cd=%AA%6B%B5%6E%A5%4C++++++++++++++&de=000046&ef=ULD&fg=1"
"250","社團法人雲林縣四湖鄉沙崙湖文史關懷協會","http://cdcb.judicial.gov.tw/abbs/wkw/WHD6K05.jsp?ab=AAAdkxAAHAAAGErAAF&bc=101&cd=%AA%6B%B5%6E%A5%4C++++++++++++++&de=000047&ef=ULD&fg=1"
"30","財團法人天主教中華道明修女會","http://cdcb.judicial.gov.tw/abbs/wkw/WHD6K05.jsp?ab=AAAdkxAAHAAAGEkAAB&bc=101&cd=%AA%6B%B5%6E%A5%4C++++++++++++++&de=000048&ef=ULD&fg=1"
"68","財團法人雲林縣成龍國民小學文教基金會","http://cdcb.judicial.gov.tw/abbs/wkw/WHD6K05.jsp?ab=AAAdkxAAHAAAGEMAAH&bc=101&cd=%AA%6B%B5%6E%A5%4C++++++++++++++&de=000049&ef=ULD&fg=1"
"124","財團法人雲林縣揚子高級中學教育基金會","http://cdcb.judicial.gov.tw/abbs/wkw/WHD6K05.jsp?ab=AAAdkxAAHAAAGA8AAG&bc=101&cd=%AA%6B%B5%6E%A5%4C++++++++++++++&de=000030&ef=ULD&fg=1"
"237","社團法人雲林縣婦幼關懷協會","http://cdcb.judicial.gov.tw/abbs/wkw/WHD6K05.jsp?ab=AAAdkxAAHAAAGCIAAC&bc=101&cd=%AA%6B%B5%6E%A5%4C++++++++++++++&de=000031&ef=ULD&fg=1"
"123","財團法人台西丁沛兮文教基金會","http://cdcb.judicial.gov.tw/abbs/wkw/WHD6K05.jsp?ab=AAAdkxAAHAAAGAVAAG&bc=101&cd=%AA%6B%B5%6E%A5%4C++++++++++++++&de=000034&ef=ULD&fg=1"
"133","社團法人雲林縣麥寮鄉老人會","http://cdcb.judicial.gov.tw/abbs/wkw/WHD6K05.jsp?ab=AAAdkxAAHAAAGAeAAD&bc=101&cd=%AA%6B%B5%6E%A5%4C++++++++++++++&de=000035&ef=ULD&fg=1"
"196","社團法人雲林縣女性身心障礙協會","http://cdcb.judicial.gov.tw/abbs/wkw/WHD6K05.jsp?ab=AAAdkxAAHAAAGAWAAG&bc=101&cd=%AA%6B%B5%6E%A5%4C++++++++++++++&de=000036&ef=ULD&fg=1"
"121","財團法人西螺農工文教基金會","http://cdcb.judicial.gov.tw/abbs/wkw/WHD6K05.jsp?ab=AAAdkxAAHAAAF7TAAK&bc=101&cd=%AA%6B%B5%6E%A5%4C++++++++++++++&de=000021&ef=ULD&fg=1"
"277","社團法人雲林縣社會保障協會","http://cdcb.judicial.gov.tw/abbs/wkw/WHD6K05.jsp?ab=AAAdkxAAHAAAF7XAAA&bc=101&cd=%AA%6B%B5%6E%A5%4C++++++++++++++&de=000022&ef=ULD&fg=1"
"232","社團法人雲林縣觀自在文教功德會","http://cdcb.judicial.gov.tw/abbs/wkw/WHD6K05.jsp?ab=AAAdkxAAHAAAF7RAAI&bc=101&cd=%AA%6B%B5%6E%A5%4C++++++++++++++&de=000023&ef=ULD&fg=1"
"160","社團法人雲林縣斗六市老人會","http://cdcb.judicial.gov.tw/abbs/wkw/WHD6K05.jsp?ab=AAAdkxAAHAAAF78AAH&bc=101&cd=%AA%6B%B5%6E%A5%4C++++++++++++++&de=000025&ef=ULD&fg=1"
"53","財團法人笨港媽祖文教基金會","http://cdcb.judicial.gov.tw/abbs/wkw/WHD6K05.jsp?ab=AAAdkxAAHAAAF6tAAG&bc=101&cd=%AA%6B%B5%6E%A5%4C++++++++++++++&de=000010&ef=ULD&fg=1"
"24","財團法人雲林縣廖元子公育英會","http://cdcb.judicial.gov.tw/abbs/wkw/WHD6K05.jsp?ab=AAAdkxAAHAAAF7CAAH&bc=101&cd=%AA%6B%B5%6E%A5%4C++++++++++++++&de=000012&ef=ULD&fg=1"
"228","社團法人雲林縣牙醫師公會","http://cdcb.judicial.gov.tw/abbs/wkw/WHD6K05.jsp?ab=AAAdkxAAHAAAF66AAD&bc=101&cd=%AA%6B%B5%6E%A5%4C++++++++++++++&de=000013&ef=ULD&fg=1"
"216","社團法人雲林縣虎尾鎮老人會","http://cdcb.judicial.gov.tw/abbs/wkw/WHD6K05.jsp?ab=AAAdkxAAHAAAF7pAAK&bc=101&cd=%AA%6B%B5%6E%A5%4C++++++++++++++&de=000014&ef=ULD&fg=1"
"47","財團法人雲林縣文化基金會","http://cdcb.judicial.gov.tw/abbs/wkw/WHD6K05.jsp?ab=AAAdkxAAHAAAGAaAAA&bc=101&cd=%AA%6B%B5%6E%A5%4C++++++++++++++&de=000015&ef=ULD&fg=1"
"275","社團法人雲林縣職能治療師公會","http://cdcb.judicial.gov.tw/abbs/wkw/WHD6K05.jsp?ab=AAAdkxAAHAAAF7aAAA&bc=101&cd=%AA%6B%B5%6E%A5%4C++++++++++++++&de=000016&ef=ULD&fg=1"
"13","財團法人斗六基督教浸信會","http://cdcb.judicial.gov.tw/abbs/wkw/WHD6K05.jsp?ab=AAAdkxAAHAAAF8CAAE&bc=101&cd=%AA%6B%B5%6E%A5%4C++++++++++++++&de=000018&ef=ULD&fg=1"
"180","財團法人雲林縣私立長泰社會福利慈善事業基金會","http://cdcb.judicial.gov.tw/abbs/wkw/WHD6K05.jsp?ab=AAAdkxAAHAAAF7aAAC&bc=101&cd=%AA%6B%B5%6E%A5%4C++++++++++++++&de=000019&ef=ULD&fg=1"
"69","財團法人雲林縣頂湖國民小學文教基金會","http://cdcb.judicial.gov.tw/abbs/wkw/WHD6K05.jsp?ab=AAAdkxAAHAAAF5aAAD&bc=101&cd=%AA%6B%B5%6E%A5%4C++++++++++++++&de=000001&ef=ULD&fg=1"
"300","社團法人雲林縣沐馨服務協會","http://cdcb.judicial.gov.tw/abbs/wkw/WHD6K05.jsp?ab=AAAdkxAAHAAAF6GAAE&bc=101&cd=%AA%6B%B5%6E%A5%4C++++++++++++++&de=000005&ef=ULD&fg=1"
"268","社團法人雲林縣耕心家庭協會","http://cdcb.judicial.gov.tw/abbs/wkw/WHD6K05.jsp?ab=AAAdkxAAHAAAF6eAAA&bc=101&cd=%AA%6B%B5%6E%A5%4C++++++++++++++&de=000009&ef=ULD&fg=1"
"320","社團法人無憂山慈善功德會","http://cdcb.judicial.gov.tw/abbs/wkw/WHD6K05.jsp?ab=AAAdkxAAHAAAOz9AAG&bc=100&cd=%AA%6B%B5%6E%AA%C0++++++++++++++&de=000013&ef=ULD&fg=1"
"321","社團法人台灣弱勢族群權益促進會","http://cdcb.judicial.gov.tw/abbs/wkw/WHD6K05.jsp?ab=AAAdkxAAHAAAPlUAAC&bc=100&cd=%AA%6B%B5%6E%AA%C0++++++++++++++&de=000014&ef=ULD&fg=1"
"323","社團法人雲林縣河洛產業與文化發展協會","http://cdcb.judicial.gov.tw/abbs/wkw/WHD6K05.jsp?ab=AAAdkxAAHAAAOSDAAB&bc=100&cd=%AA%6B%B5%6E%AA%C0++++++++++++++&de=000015&ef=ULD&fg=1"
"322","社團法人雲林縣水質管理協會","http://cdcb.judicial.gov.tw/abbs/wkw/WHD6K05.jsp?ab=AAAdkxAAHAAAOzDAAG&bc=100&cd=%AA%6B%B5%6E%AA%C0++++++++++++++&de=000016&ef=ULD&fg=1"
"324","社團法人雲林縣金聲順古樂協會","http://cdcb.judicial.gov.tw/abbs/wkw/WHD6K05.jsp?ab=AAAdkxAAHAAADubAAG&bc=100&cd=%AA%6B%B5%6E%AA%C0++++++++++++++&de=000017&ef=ULD&fg=1"
"325","社團法人雲林縣鄉野關懷協會","http://cdcb.judicial.gov.tw/abbs/wkw/WHD6K05.jsp?ab=AAAdkxAAHAAADv%2FAAK&bc=100&cd=%AA%6B%B5%6E%AA%C0++++++++++++++&de=000018&ef=ULD&fg=1"
"326","社團法人雲林縣原住民族發展協會","http://cdcb.judicial.gov.tw/abbs/wkw/WHD6K05.jsp?ab=AAAdkxAAHAAADv2AAA&bc=100&cd=%AA%6B%B5%6E%AA%C0++++++++++++++&de=000019&ef=ULD&fg=1"
"308","社團法人台灣博善功德會","http://cdcb.judicial.gov.tw/abbs/wkw/WHD6K05.jsp?ab=AAAdkxAAHAAAGwfAAE&bc=100&cd=%AA%6B%B5%6E%AA%C0++++++++++++++&de=000001&ef=ULD&fg=1"
"310","社團法人台灣產業發展協會","http://cdcb.judicial.gov.tw/abbs/wkw/WHD6K05.jsp?ab=AAAdkxAAHAAAHHeAAE&bc=100&cd=%AA%6B%B5%6E%AA%C0++++++++++++++&de=000004&ef=ULD&fg=1"
"311","社團法人雲林縣勞工職業技能促進會","http://cdcb.judicial.gov.tw/abbs/wkw/WHD6K05.jsp?ab=AAAdkxAAHAAAHwMAAL&bc=100&cd=%AA%6B%B5%6E%AA%C0++++++++++++++&de=000005&ef=ULD&fg=1"
"313","社團法人雲林縣自然農業發展協會","http://cdcb.judicial.gov.tw/abbs/wkw/WHD6K05.jsp?ab=AAAdkxAAHAAAJasAAG&bc=100&cd=%AA%6B%B5%6E%AA%C0++++++++++++++&de=000006&ef=ULD&fg=1"
"314","社團法人雲林縣水林鄉蕃薯寮洪氏宗親會","http://cdcb.judicial.gov.tw/abbs/wkw/WHD6K05.jsp?ab=AAAdkxAAHAAAL3HAAF&bc=100&cd=%AA%6B%B5%6E%AA%C0++++++++++++++&de=000007&ef=ULD&fg=1"
"316","社團法人台灣菩提乘文教慈善功德會","http://cdcb.judicial.gov.tw/abbs/wkw/WHD6K05.jsp?ab=AAAdkxAAHAAAJ%2BeAAK&bc=100&cd=%AA%6B%B5%6E%AA%C0++++++++++++++&de=000009&ef=ULD&fg=1"
"317","社團法人雲林縣愛信真善協會","http://cdcb.judicial.gov.tw/abbs/wkw/WHD6K05.jsp?ab=AAAdkxAAHAAAJ%2BcAAC&bc=100&cd=%AA%6B%B5%6E%AA%C0++++++++++++++&de=000010&ef=ULD&fg=1"
"274","社團法人雲林縣勞工福利保護協會","http://cdcb.judicial.gov.tw/abbs/wkw/WHD6K05.jsp?ab=AAAdkxAAHAAAF4LAAJ&bc=100&cd=%AA%6B%B5%6E%A5%4C++++++++++++++&de=000073&ef=ULD&fg=1"
"162","財團法人台灣浸信宣道會神學院","http://cdcb.judicial.gov.tw/abbs/wkw/WHD6K05.jsp?ab=AAAdkxAAHAAAF4RAAD&bc=100&cd=%AA%6B%B5%6E%A5%4C++++++++++++++&de=000075&ef=ULD&fg=1"
"156","社團法人雲林縣兒童福利發展協會","http://cdcb.judicial.gov.tw/abbs/wkw/WHD6K05.jsp?ab=AAAdkxAAHAAAF6FAAA&bc=100&cd=%AA%6B%B5%6E%A5%4C++++++++++++++&de=000077&ef=ULD&fg=1"
"105","社團法人雲林縣老人福利保護協會","http://cdcb.judicial.gov.tw/abbs/wkw/WHD6K05.jsp?ab=AAAdkxAAHAAAF5OAAL&bc=100&cd=%AA%6B%B5%6E%A5%4C++++++++++++++&de=000078&ef=ULD&fg=1"
"147","社團法人雲林縣二崙鄉老人會","http://cdcb.judicial.gov.tw/abbs/wkw/WHD6K05.jsp?ab=AAAdkxAAHAAAF5LAAA&bc=100&cd=%AA%6B%B5%6E%A5%4C++++++++++++++&de=000080&ef=ULD&fg=1"
"6","財團法人中國天主教雲林遣使會","http://cdcb.judicial.gov.tw/abbs/wkw/WHD6K05.jsp?ab=AAAdkxAAHAAAORdAAJ&bc=100&cd=%AA%6B%B5%6E%A5%4C++++++++++++++&de=000063&ef=ULD&fg=1"
"51","財團法人新約教會虎尾教會","http://cdcb.judicial.gov.tw/abbs/wkw/WHD6K05.jsp?ab=AAAdkxAAHAAABd7AAH&bc=100&cd=%AA%6B%B5%6E%A5%4C++++++++++++++&de=000064&ef=ULD&fg=1"
"271","社團法人雲林縣物理治療師公會","http://cdcb.judicial.gov.tw/abbs/wkw/WHD6K05.jsp?ab=AAAdkxAAHAAAF4dAAB&bc=100&cd=%AA%6B%B5%6E%A5%4C++++++++++++++&de=000068&ef=ULD&fg=1"
"155","財團法人雲林縣台興國民小學林回復文教基金會","http://cdcb.judicial.gov.tw/abbs/wkw/WHD6K05.jsp?ab=AAAdkxAAHAAAF4%2FAAG&bc=100&cd=%AA%6B%B5%6E%A5%4C++++++++++++++&de=000069&ef=ULD&fg=1"
"154","社團法人雲林縣身心障礙福利協會","http://cdcb.judicial.gov.tw/abbs/wkw/WHD6K05.jsp?ab=AAAdkxAAHAAAF5HAAG&bc=100&cd=%AA%6B%B5%6E%A5%4C++++++++++++++&de=000070&ef=ULD&fg=1"
"82","財團法人雲林縣螺陽文教基金會","http://cdcb.judicial.gov.tw/abbs/wkw/WHD6K05.jsp?ab=AAAdkxAAHAAAPkVAAM&bc=100&cd=%AA%6B%B5%6E%A5%4C++++++++++++++&de=000058&ef=ULD&fg=1"
"54","財團法人雲林縣私立同仁仁愛之家","http://cdcb.judicial.gov.tw/abbs/wkw/WHD6K05.jsp?ab=AAAdkxAAHAAAPkfAAK&bc=100&cd=%AA%6B%B5%6E%A5%4C++++++++++++++&de=000040&ef=ULD&fg=1"
"262","社團法人雲林縣斗六市基督教福氣教會","http://cdcb.judicial.gov.tw/abbs/wkw/WHD6K05.jsp?ab=AAAdkxAAHAAALStAAF&bc=100&cd=%AA%6B%B5%6E%A5%4C++++++++++++++&de=000042&ef=ULD&fg=1"
"251","財團法人雲林縣嵩霖基金會","http://cdcb.judicial.gov.tw/abbs/wkw/WHD6K05.jsp?ab=AAAdkxAAHAAANtuAAF&bc=100&cd=%AA%6B%B5%6E%A5%4C++++++++++++++&de=000043&ef=ULD&fg=1"
"146","社團法人雲林縣莿桐鄉老人會","http://cdcb.judicial.gov.tw/abbs/wkw/WHD6K05.jsp?ab=AAAdkxAAHAAAOQmAAC&bc=100&cd=%AA%6B%B5%6E%A5%4C++++++++++++++&de=000045&ef=ULD&fg=1"
"39","財團法人西螺基督四方教會","http://cdcb.judicial.gov.tw/abbs/wkw/WHD6K05.jsp?ab=AAAdkxAAHAAAJ%2BeAAL&bc=100&cd=%AA%6B%B5%6E%A5%4C++++++++++++++&de=000029&ef=ULD&fg=1"
"95","財團法人雲林縣儒宗文教基金會","http://cdcb.judicial.gov.tw/abbs/wkw/WHD6K05.jsp?ab=AAAdkxAAHAAAIl8AAE&bc=100&cd=%AA%6B%B5%6E%A5%4C++++++++++++++&de=000036&ef=ULD&fg=1"
"2","財團法人臺灣省雲林縣斗六市真一寺","http://cdcb.judicial.gov.tw/abbs/wkw/WHD6K05.jsp?ab=AAAdkxAAHAAAJ%2F7AAF&bc=100&cd=%AA%6B%B5%6E%A5%4C++++++++++++++&de=000024&ef=ULD&fg=1"
"222","社團法人雲林縣水林鄉老人會","http://cdcb.judicial.gov.tw/abbs/wkw/WHD6K05.jsp?ab=AAAdkxAAHAAAFABAAI&bc=100&cd=%AA%6B%B5%6E%A5%4C++++++++++++++&de=000010&ef=ULD&fg=1"
"304","社團法人雲林縣勞動暨人力資源發展協會","http://cdcb.judicial.gov.tw/abbs/wkw/WHD6K05.jsp?ab=AAAdkxAAHAAAE%2F9AAD&bc=099&cd=%AA%6B%B5%6E%AA%C0++++++++++++++&de=000019&ef=ULD&fg=1"
"296","社團法人雲林縣聖心社會關懷協會","http://cdcb.judicial.gov.tw/abbs/wkw/WHD6K05.jsp?ab=AAAdkxAAHAAAL2YAAB&bc=099&cd=%AA%6B%B5%6E%AA%C0++++++++++++++&de=000009&ef=ULD&fg=1"
"297","社團法人雲林縣聖心慈善會","http://cdcb.judicial.gov.tw/abbs/wkw/WHD6K05.jsp?ab=AAAdkxAAHAAAL3AAAK&bc=099&cd=%AA%6B%B5%6E%AA%C0++++++++++++++&de=000012&ef=ULD&fg=1"
"299","社團法人雲林縣綠能環保協會","http://cdcb.judicial.gov.tw/abbs/wkw/WHD6K05.jsp?ab=AAAdkxAAHAAAEh9AAM&bc=099&cd=%AA%6B%B5%6E%AA%C0++++++++++++++&de=000013&ef=ULD&fg=1"
"303","社團法人雲林縣一心慈善會","http://cdcb.judicial.gov.tw/abbs/wkw/WHD6K05.jsp?ab=AAAdkxAAHAAAE3cAAG&bc=099&cd=%AA%6B%B5%6E%AA%C0++++++++++++++&de=000018&ef=ULD&fg=1"
"292","社團法人雲林縣護理師護士公會","http://cdcb.judicial.gov.tw/abbs/wkw/WHD6K05.jsp?ab=AAAdkxAAHAAAE3cAAF&bc=099&cd=%AA%6B%B5%6E%A5%4C++++++++++++++&de=000058&ef=ULD&fg=1"
"286","社團法人雲林縣水上救生協會","http://cdcb.judicial.gov.tw/abbs/wkw/WHD6K05.jsp?ab=AAAdkxAAHAAAL2oAAI&bc=099&cd=%AA%6B%B5%6E%AA%C0++++++++++++++&de=000001&ef=ULD&fg=1"
"287","社團法人雲林縣麻干文產協會","http://cdcb.judicial.gov.tw/abbs/wkw/WHD6K05.jsp?ab=AAAdkxAAHAAAL1aAAB&bc=099&cd=%AA%6B%B5%6E%AA%C0++++++++++++++&de=000003&ef=ULD&fg=1"
"288","社團法人雲林縣姚氏宗親會","http://cdcb.judicial.gov.tw/abbs/wkw/WHD6K05.jsp?ab=AAAdkxAAHAAAL2wAAF&bc=099&cd=%AA%6B%B5%6E%AA%C0++++++++++++++&de=000004&ef=ULD&fg=1"
"291","社團法人台灣勞動與社會保障協會","http://cdcb.judicial.gov.tw/abbs/wkw/WHD6K05.jsp?ab=AAAdkxAAHAAAL2YAAA&bc=099&cd=%AA%6B%B5%6E%AA%C0++++++++++++++&de=000005&ef=ULD&fg=1"
"289","社團法人台灣精緻農業外貿發展協會","http://cdcb.judicial.gov.tw/abbs/wkw/WHD6K05.jsp?ab=AAAdkxAAHAAAL3IAAC&bc=099&cd=%AA%6B%B5%6E%AA%C0++++++++++++++&de=000006&ef=ULD&fg=1"
"293","社團法人雲林縣原住民族關懷協會","http://cdcb.judicial.gov.tw/abbs/wkw/WHD6K05.jsp?ab=AAAdkxAAHAAAL3AAAG&bc=099&cd=%AA%6B%B5%6E%AA%C0++++++++++++++&de=000008&ef=ULD&fg=1"
"152","社團法人雲林縣養殖漁業發展協會","http://cdcb.judicial.gov.tw/abbs/wkw/WHD6K05.jsp?ab=AAAdkxAAHAAAL3EAAA&bc=099&cd=%AA%6B%B5%6E%A5%4C++++++++++++++&de=000035&ef=ULD&fg=1"
"290","社團法人臺灣保母總會","http://cdcb.judicial.gov.tw/abbs/wkw/WHD6K05.jsp?ab=AAAdkxAAHAAAL1hAAA&bc=099&cd=%AA%6B%B5%6E%A5%4C++++++++++++++&de=000019&ef=ULD&fg=1"
"279","社團法人雲林縣斗南鎮形象商圈發展協會","http://cdcb.judicial.gov.tw/abbs/wkw/WHD6K05.jsp?ab=AAAdkxAAHAAAL2zAAG&bc=098&cd=%AA%6B%B5%6E%AA%C0++++++++++++++&de=000009&ef=ULD&fg=1"
"282","社團法人臺灣惜心老人日照長期發展協會","http://cdcb.judicial.gov.tw/abbs/wkw/WHD6K05.jsp?ab=AAAdkxAAHAAAL23AAA&bc=098&cd=%AA%6B%B5%6E%AA%C0++++++++++++++&de=000011&ef=ULD&fg=1"
"283","社團法人雲林縣斗南鎮快樂志工協會","http://cdcb.judicial.gov.tw/abbs/wkw/WHD6K05.jsp?ab=AAAdkxAAHAAAL3DAAK&bc=098&cd=%AA%6B%B5%6E%AA%C0++++++++++++++&de=000012&ef=ULD&fg=1"
"285","社團法人雲林縣社會福利工作協會","http://cdcb.judicial.gov.tw/abbs/wkw/WHD6K05.jsp?ab=AAAdkxAAHAAAL23AAI&bc=098&cd=%AA%6B%B5%6E%AA%C0++++++++++++++&de=000013&ef=ULD&fg=1"
"276","社團法人雲林縣休閒運動推廣協會","http://cdcb.judicial.gov.tw/abbs/wkw/WHD6K05.jsp?ab=AAAdkxAAHAAAL2IAAC&bc=098&cd=%AA%6B%B5%6E%AA%C0++++++++++++++&de=000005&ef=ULD&fg=1"
"278","社團法人雲林縣財經稅務暨不動產學會","http://cdcb.judicial.gov.tw/abbs/wkw/WHD6K05.jsp?ab=AAAdkxAAHAAAL1VAAD&bc=098&cd=%AA%6B%B5%6E%AA%C0++++++++++++++&de=000007&ef=ULD&fg=1"
"280","社團法人雲林縣家長協會","http://cdcb.judicial.gov.tw/abbs/wkw/WHD6K05.jsp?ab=AAAdkxAAHAAAL2UAAC&bc=098&cd=%AA%6B%B5%6E%AA%C0++++++++++++++&de=000008&ef=ULD&fg=1"
"223","社團法人雲林縣土地利用協會","http://cdcb.judicial.gov.tw/abbs/wkw/WHD6K05.jsp?ab=AAAdkxAAHAAAL23AAC&bc=098&cd=%AA%6B%B5%6E%A5%4C++++++++++++++&de=000074&ef=ULD&fg=1"
"233","社團法人雲林縣越南同鄉權益協進會","http://cdcb.judicial.gov.tw/abbs/wkw/WHD6K05.jsp?ab=AAAdkxAAHAAAL24AAE&bc=098&cd=%AA%6B%B5%6E%A5%4C++++++++++++++&de=000062&ef=ULD&fg=1"
"131","財團法人雲林縣文昌國民小學教育基金會","http://cdcb.judicial.gov.tw/abbs/wkw/WHD6K05.jsp?ab=AAAdkxAAHAAAL2MAAD&bc=098&cd=%AA%6B%B5%6E%A5%4C++++++++++++++&de=000068&ef=ULD&fg=1"
"127","財團法人雲林縣教育會文教基金會","http://cdcb.judicial.gov.tw/abbs/wkw/WHD6K05.jsp?ab=AAAdkxAAHAAAL2MAAE&bc=098&cd=%AA%6B%B5%6E%A5%4C++++++++++++++&de=000069&ef=ULD&fg=1"
"203","社團法人雲林縣北港愛樂協會","http://cdcb.judicial.gov.tw/abbs/wkw/WHD6K05.jsp?ab=AAAdkxAAHAAAL2EAAD&bc=098&cd=%AA%6B%B5%6E%A5%4C++++++++++++++&de=000051&ef=ULD&fg=1"
"217","社團法人雲林縣視障重建福利協進會","http://cdcb.judicial.gov.tw/abbs/wkw/WHD6K05.jsp?ab=AAAdkxAAHAAAL1JAAJ&bc=098&cd=%AA%6B%B5%6E%A5%4C++++++++++++++&de=000058&ef=ULD&fg=1"
"235","社團法人雲林縣蒲公英服務關懷協會","http://cdcb.judicial.gov.tw/abbs/wkw/WHD6K05.jsp?ab=AAAdkxAAHAAAL1lAAA&bc=098&cd=%AA%6B%B5%6E%A5%4C++++++++++++++&de=000041&ef=ULD&fg=1"
"170","社團法人中華民國多發性硬化症協會","http://cdcb.judicial.gov.tw/abbs/wkw/WHD6K05.jsp?ab=AAAdkxAAHAAAL1qAAE&bc=098&cd=%AA%6B%B5%6E%A5%4C++++++++++++++&de=000040&ef=ULD&fg=1"
"167","社團法人雲林縣兒童少年福利保護協會","http://cdcb.judicial.gov.tw/abbs/wkw/WHD6K05.jsp?ab=AAAdkxAAHAAAL3EAAC&bc=098&cd=%AA%6B%B5%6E%A5%4C++++++++++++++&de=000017&ef=ULD&fg=1"
"272","社團法人雲林縣淨宗學會","http://cdcb.judicial.gov.tw/abbs/wkw/WHD6K05.jsp?ab=AAAdkxAAHAAAL1dAAJ&bc=097&cd=%AA%6B%B5%6E%AA%C0++++++++++++++&de=000017&ef=ULD&fg=1"
"218","社團法人雲林縣古坑鄉老人會","http://cdcb.judicial.gov.tw/abbs/wkw/WHD6K05.jsp?ab=AAAdkxAAHAAAL2vAAK&bc=098&cd=%AA%6B%B5%6E%A5%4C++++++++++++++&de=000008&ef=ULD&fg=1"
"261","社團法人中華民國社區空間再造推廣協會","http://cdcb.judicial.gov.tw/abbs/wkw/WHD6K05.jsp?ab=AAAdkxAAHAAAL15AAG&bc=097&cd=%AA%6B%B5%6E%AA%C0++++++++++++++&de=000007&ef=ULD&fg=1"
"263","社團法人中華民國東震正宗協會","http://cdcb.judicial.gov.tw/abbs/wkw/WHD6K05.jsp?ab=AAAdkxAAHAAAL27AAH&bc=097&cd=%AA%6B%B5%6E%AA%C0++++++++++++++&de=000009&ef=ULD&fg=1"
"265","社團法人雲林縣觀護協會","http://cdcb.judicial.gov.tw/abbs/wkw/WHD6K05.jsp?ab=AAAdkxAAHAAAL27AAI&bc=097&cd=%AA%6B%B5%6E%AA%C0++++++++++++++&de=000010&ef=ULD&fg=1"
"264","社團法人雲林縣長期照護發展協會","http://cdcb.judicial.gov.tw/abbs/wkw/WHD6K05.jsp?ab=AAAdkxAAHAAAL27AAJ&bc=097&cd=%AA%6B%B5%6E%AA%C0++++++++++++++&de=000011&ef=ULD&fg=1"
"267","社團法人雲林縣北港生活美學文化協會","http://cdcb.judicial.gov.tw/abbs/wkw/WHD6K05.jsp?ab=AAAdkxAAHAAAL2QAAD&bc=097&cd=%AA%6B%B5%6E%AA%C0++++++++++++++&de=000013&ef=ULD&fg=1"
"270","社團法人台灣國立雲林科技大學校友會","http://cdcb.judicial.gov.tw/abbs/wkw/WHD6K05.jsp?ab=AAAdkxAAHAAAL28AAL&bc=097&cd=%AA%6B%B5%6E%AA%C0++++++++++++++&de=000015&ef=ULD&fg=1"
"255","社團法人雲林縣手工藝術協會","http://cdcb.judicial.gov.tw/abbs/wkw/WHD6K05.jsp?ab=AAAdkxAAHAAAL3HAAB&bc=097&cd=%AA%6B%B5%6E%AA%C0++++++++++++++&de=000001&ef=ULD&fg=1"
"254","社團法人雲林縣家庭福利保護協會","http://cdcb.judicial.gov.tw/abbs/wkw/WHD6K05.jsp?ab=AAAdkxAAHAAAL2gAAF&bc=097&cd=%AA%6B%B5%6E%AA%C0++++++++++++++&de=000003&ef=ULD&fg=1"
"172","財團法人虎尾基督教浸信宣道會","http://cdcb.judicial.gov.tw/abbs/wkw/WHD6K05.jsp?ab=AAAdkxAAHAAAL2kAAG&bc=097&cd=%AA%6B%B5%6E%A5%4C++++++++++++++&de=000045&ef=ULD&fg=1"
"187","社團法人雲林縣水林鄉余氏宗親會","http://cdcb.judicial.gov.tw/abbs/wkw/WHD6K05.jsp?ab=AAAdkxAAHAAAL1eAAE&bc=097&cd=%AA%6B%B5%6E%A5%4C++++++++++++++&de=000036&ef=ULD&fg=1"
"221","財團法人雲林縣私立萬邦社會福利慈善事業基金會","http://cdcb.judicial.gov.tw/abbs/wkw/WHD6K05.jsp?ab=AAAdkxAAHAAAL2QAAA&bc=097&cd=%AA%6B%B5%6E%A5%4C++++++++++++++&de=000040&ef=ULD&fg=1"
"252","社團法人雲林縣書香關懷協會","http://cdcb.judicial.gov.tw/abbs/wkw/WHD6K05.jsp?ab=AAAdkxAAHAAAL1KAAB&bc=097&cd=%AA%6B%B5%6E%A5%4C++++++++++++++&de=000029&ef=ULD&fg=1"
"244","社團法人雲林縣婦女發展協會","http://cdcb.judicial.gov.tw/abbs/wkw/WHD6K05.jsp?ab=AAAdkxAAHAAAL15AAA&bc=097&cd=%AA%6B%B5%6E%A5%4C++++++++++++++&de=000022&ef=ULD&fg=1"
"246","社團法人雲林縣林內鄉蔡公朴質在台族親會","http://cdcb.judicial.gov.tw/abbs/wkw/WHD6K05.jsp?ab=AAAdkxAAHAAAL3IAAH&bc=096&cd=%AA%6B%B5%6E%AA%C0++++++++++++++&de=000005&ef=ULD&fg=1"
"245","財團法人北港高中文教基金會","http://cdcb.judicial.gov.tw/abbs/wkw/WHD6K05.jsp?ab=AAAdkxAAHAAAL2cAAJ&bc=096&cd=%AA%6B%B5%6E%B0%5D++++++++++++++&de=000001&ef=ULD&fg=1"
"241","社團法人台灣素食推廣協會","http://cdcb.judicial.gov.tw/abbs/wkw/WHD6K05.jsp?ab=AAAdkxAAHAAAL28AAA&bc=096&cd=%AA%6B%B5%6E%AA%C0++++++++++++++&de=000001&ef=ULD&fg=1"
"243","社團法人雲林縣失業者保護協會","http://cdcb.judicial.gov.tw/abbs/wkw/WHD6K05.jsp?ab=AAAdkxAAHAAAL2oAAB&bc=096&cd=%AA%6B%B5%6E%AA%C0++++++++++++++&de=000003&ef=ULD&fg=1"
"113","社團法人雲林縣康復之友協會","http://cdcb.judicial.gov.tw/abbs/wkw/WHD6K05.jsp?ab=AAAdkxAAHAAAL2rAAH&bc=096&cd=%AA%6B%B5%6E%A5%4C++++++++++++++&de=000045&ef=ULD&fg=1"
"66","財團法人台灣省斗六高級家事商業職業學校文教基金會","http://cdcb.judicial.gov.tw/abbs/wkw/WHD6K05.jsp?ab=AAAdkxAAHAAAL2rAAJ&bc=096&cd=%AA%6B%B5%6E%A5%4C++++++++++++++&de=000047&ef=ULD&fg=1"
"70","財團法人雲林縣崙豐文教基金會","http://cdcb.judicial.gov.tw/abbs/wkw/WHD6K05.jsp?ab=AAAdkxAAHAAAL2cAAF&bc=096&cd=%AA%6B%B5%6E%A5%4C++++++++++++++&de=000012&ef=ULD&fg=1"
"209","財團法人雲林縣取得私有既成道路基金會","http://cdcb.judicial.gov.tw/abbs/wkw/WHD6K05.jsp?ab=AAAdkxAAHAAAL3IAAK&bc=096&cd=%AA%6B%B5%6E%A5%4C++++++++++++++&de=000020&ef=ULD&fg=1"
"14","財團法人台灣省雲林縣西螺福興宮","http://cdcb.judicial.gov.tw/abbs/wkw/WHD6K05.jsp?ab=AAAdkxAAHAAAL20AAE&bc=096&cd=%AA%6B%B5%6E%A5%4C++++++++++++++&de=000002&ef=ULD&fg=1"
"236","社團法人雲林縣農業發展促進會","http://cdcb.judicial.gov.tw/abbs/wkw/WHD6K05.jsp?ab=AAAdkxAAHAAAL1dAAI&bc=095&cd=%AA%6B%B5%6E%AA%C0++++++++++++++&de=000015&ef=ULD&fg=1"
"240","社團法人雲林縣台西鄉鄉政建設發展促進會","http://cdcb.judicial.gov.tw/abbs/wkw/WHD6K05.jsp?ab=AAAdkxAAHAAAL20AAC&bc=095&cd=%AA%6B%B5%6E%AA%C0++++++++++++++&de=000019&ef=ULD&fg=1"
"224","社團法人雲林縣歸宗身心性靈協會","http://cdcb.judicial.gov.tw/abbs/wkw/WHD6K05.jsp?ab=AAAdkxAAHAAAL2wAAD&bc=095&cd=%AA%6B%B5%6E%AA%C0++++++++++++++&de=000005&ef=ULD&fg=1"
"225","社團法人草嶺社區發展協會","http://cdcb.judicial.gov.tw/abbs/wkw/WHD6K05.jsp?ab=AAAdkxAAHAAAL1NAAC&bc=095&cd=%AA%6B%B5%6E%AA%C0++++++++++++++&de=000006&ef=ULD&fg=1"
"226","社團法人雲林縣照顧員協會","http://cdcb.judicial.gov.tw/abbs/wkw/WHD6K05.jsp?ab=AAAdkxAAHAAAL1NAAD&bc=095&cd=%AA%6B%B5%6E%AA%C0++++++++++++++&de=000007&ef=ULD&fg=1"
"219","社團法人雲林縣毛巾產業科技發展協會","http://cdcb.judicial.gov.tw/abbs/wkw/WHD6K05.jsp?ab=AAAdkxAAHAAAL2YAAG&bc=095&cd=%AA%6B%B5%6E%AA%C0++++++++++++++&de=000001&ef=ULD&fg=1"
"103","財團法人雲林縣他里霧文教基金會","http://cdcb.judicial.gov.tw/abbs/wkw/WHD6K05.jsp?ab=AAAdkxAAHAAAL2YAAH&bc=095&cd=%AA%6B%B5%6E%A5%4C++++++++++++++&de=000005&ef=ULD&fg=1"
"205","社團法人雲林縣山岳協會","http://cdcb.judicial.gov.tw/abbs/wkw/WHD6K05.jsp?ab=AAAdkxAAHAAAL2%2FAAC&bc=094&cd=%AA%6B%B5%6E%AA%C0++++++++++++++&de=000008&ef=ULD&fg=1"
"207","社團法人雲林縣國術協會","http://cdcb.judicial.gov.tw/abbs/wkw/WHD6K05.jsp?ab=AAAdkxAAHAAAL2%2FAAG&bc=094&cd=%AA%6B%B5%6E%AA%C0++++++++++++++&de=000010&ef=ULD&fg=1"
"211","社團法人雲林縣山海文化藝術產業發展協會","http://cdcb.judicial.gov.tw/abbs/wkw/WHD6K05.jsp?ab=AAAdkxAAHAAAL2UAAK&bc=094&cd=%AA%6B%B5%6E%AA%C0++++++++++++++&de=000013&ef=ULD&fg=1"
"212","社團法人雲林縣二二八文史發展協會","http://cdcb.judicial.gov.tw/abbs/wkw/WHD6K05.jsp?ab=AAAdkxAAHAAAL2UAAL&bc=094&cd=%AA%6B%B5%6E%AA%C0++++++++++++++&de=000014&ef=ULD&fg=1"
"213","社團法人雲林縣虎尾鎮鄉土發展協會","http://cdcb.judicial.gov.tw/abbs/wkw/WHD6K05.jsp?ab=AAAdkxAAHAAAL2gAAC&bc=094&cd=%AA%6B%B5%6E%AA%C0++++++++++++++&de=000015&ef=ULD&fg=1"
"199","社團法人雲林縣志願服務協會","http://cdcb.judicial.gov.tw/abbs/wkw/WHD6K05.jsp?ab=AAAdkxAAHAAAL1RAAH&bc=094&cd=%AA%6B%B5%6E%AA%C0++++++++++++++&de=000003&ef=ULD&fg=1"
"202","社團法人雲林縣日頭花姊妹協會","http://cdcb.judicial.gov.tw/abbs/wkw/WHD6K05.jsp?ab=AAAdkxAAHAAAL2rAAE&bc=094&cd=%AA%6B%B5%6E%AA%C0++++++++++++++&de=000005&ef=ULD&fg=1"
"182","財團法人台灣農業資源永續發展基金會","http://cdcb.judicial.gov.tw/abbs/wkw/WHD6K05.jsp?ab=AAAdkxAAHAAAL1UAAD&bc=093&cd=%AA%6B%B5%6E%B0%5D++++++++++++++&de=000002&ef=ULD&fg=1"
"183","社團法人雲林縣北港形象商圈發展協會","http://cdcb.judicial.gov.tw/abbs/wkw/WHD6K05.jsp?ab=AAAdkxAAHAAAL1UAAH&bc=093&cd=%AA%6B%B5%6E%AA%C0++++++++++++++&de=000002&ef=ULD&fg=1"
"185","社團法人雲林縣四湖鄉老人照護協會","http://cdcb.judicial.gov.tw/abbs/wkw/WHD6K05.jsp?ab=AAAdkxAAHAAAL1kAAB&bc=093&cd=%AA%6B%B5%6E%AA%C0++++++++++++++&de=000004&ef=ULD&fg=1"
"189","社團法人雲林縣活力元氣癌友康復協會","http://cdcb.judicial.gov.tw/abbs/wkw/WHD6K05.jsp?ab=AAAdkxAAHAAAL1nAAB&bc=093&cd=%AA%6B%B5%6E%AA%C0++++++++++++++&de=000006&ef=ULD&fg=1"
"192","社團法人雲林縣大地保護協會","http://cdcb.judicial.gov.tw/abbs/wkw/WHD6K05.jsp?ab=AAAdkxAAHAAAL0jAAB&bc=093&cd=%AA%6B%B5%6E%AA%C0++++++++++++++&de=000010&ef=ULD&fg=1"
"194","社團法人雲林縣客家文化促進協會","http://cdcb.judicial.gov.tw/abbs/wkw/WHD6K05.jsp?ab=AAAdkxAAHAAAL0jAAE&bc=093&cd=%AA%6B%B5%6E%AA%C0++++++++++++++&de=000011&ef=ULD&fg=1"
"181","社團法人中華民國有機蔬果推展協會","http://cdcb.judicial.gov.tw/abbs/wkw/WHD6K05.jsp?ab=AAAdkxAAHAAAL1pAAG&bc=093&cd=%AA%6B%B5%6E%AA%C0++++++++++++++&de=000001&ef=ULD&fg=1"
"59","財團法人臺灣省美北浸信宣道會","http://cdcb.judicial.gov.tw/abbs/wkw/WHD6K05.jsp?ab=AAAdkxAAHAAAL0XAAC&bc=093&cd=%AA%6B%B5%6E%A5%4C++++++++++++++&de=000029&ef=ULD&fg=1"
"176","社團法人中華民國婦幼福利保護協會                                    ","http://cdcb.judicial.gov.tw/abbs/wkw/WHD6K05.jsp?ab=AAAdkxAAHAAAL1TAAC&bc=092&cd=%AA%6B%B5%6E%AA%C0++++++++++++++&de=000012&ef=ULD&fg=1"
"178","社團法人中華民國文化藝術發展協會","http://cdcb.judicial.gov.tw/abbs/wkw/WHD6K05.jsp?ab=AAAdkxAAHAAAL1jAAA&bc=092&cd=%AA%6B%B5%6E%AA%C0++++++++++++++&de=000014&ef=ULD&fg=1"
"179","社團法人雲林縣北港溪人文關懷協會","http://cdcb.judicial.gov.tw/abbs/wkw/WHD6K05.jsp?ab=AAAdkxAAHAAAL1WAAE&bc=092&cd=%AA%6B%B5%6E%AA%C0++++++++++++++&de=000015&ef=ULD&fg=1"
"163","社團法人雲林縣北港柯蔡宗親會                                        ","http://cdcb.judicial.gov.tw/abbs/wkw/WHD6K05.jsp?ab=AAAdkxAAHAAAL1%2FAAC&bc=092&cd=%AA%6B%B5%6E%AA%C0++++++++++++++&de=000002&ef=ULD&fg=1"
"169","社團法人雲林縣人生關懷老人協會                                      ","http://cdcb.judicial.gov.tw/abbs/wkw/WHD6K05.jsp?ab=AAAdkxAAHAAAL0fAAA&bc=092&cd=%AA%6B%B5%6E%AA%C0++++++++++++++&de=000007&ef=ULD&fg=1"
"173","社團法人雲林縣濁水溪民俗技藝協會                                    ","http://cdcb.judicial.gov.tw/abbs/wkw/WHD6K05.jsp?ab=AAAdkxAAHAAAL1SAAC&bc=092&cd=%AA%6B%B5%6E%AA%C0++++++++++++++&de=000009&ef=ULD&fg=1"
"174","社團法人雲林縣台西鄉養殖權益促進會                                  ","http://cdcb.judicial.gov.tw/abbs/wkw/WHD6K05.jsp?ab=AAAdkxAAHAAAL1SAAD&bc=092&cd=%AA%6B%B5%6E%AA%C0++++++++++++++&de=000010&ef=ULD&fg=1"
"10","財團法人台灣省雲林縣私立崇先高級中學                                ","http://cdcb.judicial.gov.tw/abbs/wkw/WHD6K05.jsp?ab=AAAdkxAAHAAAL04AAA&bc=092&cd=%AA%6B%B5%6E%A5%4C++++++++++++++&de=000037&ef=ULD&fg=1"
"87","財團法人民生展望廣播事業基金會                                      ","http://cdcb.judicial.gov.tw/abbs/wkw/WHD6K05.jsp?ab=AAAdkxAAHAAAL1rAAA&bc=092&cd=%AA%6B%B5%6E%A5%4C++++++++++++++&de=000024&ef=ULD&fg=1"
"91","財團法人台灣省雲林縣私立益新工商職業學校                            ","http://cdcb.judicial.gov.tw/abbs/wkw/WHD6K05.jsp?ab=AAAdkxAAHAAAL1YAAB&bc=092&cd=%AA%6B%B5%6E%A5%4C++++++++++++++&de=000009&ef=ULD&fg=1"
"112","財團法人西螺七崁武術文教基金會                                      ","http://cdcb.judicial.gov.tw/abbs/wkw/WHD6K05.jsp?ab=AAAdkxAAHAAAL0bAAA&bc=092&cd=%AA%6B%B5%6E%A5%4C++++++++++++++&de=000012&ef=ULD&fg=1"
"157","社團法人雲林縣台語文研究學會                                        ","http://cdcb.judicial.gov.tw/abbs/wkw/WHD6K05.jsp?ab=AAAdkxAAHAAAL1GAAD&bc=091&cd=%AA%6B%B5%6E%AA%C0++++++++++++++&de=000017&ef=ULD&fg=1"
"159","社團法人雲林縣長青關懷福利協會                                      ","http://cdcb.judicial.gov.tw/abbs/wkw/WHD6K05.jsp?ab=AAAdkxAAHAAAL0XAAA&bc=091&cd=%AA%6B%B5%6E%AA%C0++++++++++++++&de=000019&ef=ULD&fg=1"
"151","社團法人台灣運動教育學會                                            ","http://cdcb.judicial.gov.tw/abbs/wkw/WHD6K05.jsp?ab=AAAdkxAAHAAAL1TAAB&bc=091&cd=%AA%6B%B5%6E%AA%C0++++++++++++++&de=000012&ef=ULD&fg=1"
"153","社團法人雲林縣雲林新象文教協進會                                    ","http://cdcb.judicial.gov.tw/abbs/wkw/WHD6K05.jsp?ab=AAAdkxAAHAAAL2DAAC&bc=091&cd=%AA%6B%B5%6E%AA%C0++++++++++++++&de=000014&ef=ULD&fg=1"
"142","社團法人雲林縣崙背鄉老人會                                          ","http://cdcb.judicial.gov.tw/abbs/wkw/WHD6K05.jsp?ab=AAAdkxAAHAAAL0TAAB&bc=091&cd=%AA%6B%B5%6E%AA%C0++++++++++++++&de=000001&ef=ULD&fg=1"
"139","社團法人雲林縣台西鄉老人會                                          ","http://cdcb.judicial.gov.tw/abbs/wkw/WHD6K05.jsp?ab=AAAdkxAAHAAAL0TAAC&bc=091&cd=%AA%6B%B5%6E%AA%C0++++++++++++++&de=000002&ef=ULD&fg=1"
"140","社團法人雲林縣北港鎮老人會                                          ","http://cdcb.judicial.gov.tw/abbs/wkw/WHD6K05.jsp?ab=AAAdkxAAHAAAL0TAAD&bc=091&cd=%AA%6B%B5%6E%AA%C0++++++++++++++&de=000003&ef=ULD&fg=1"
"143","社團法人雲林縣西螺鎮老人會                                          ","http://cdcb.judicial.gov.tw/abbs/wkw/WHD6K05.jsp?ab=AAAdkxAAHAAAL2BAAB&bc=091&cd=%AA%6B%B5%6E%AA%C0++++++++++++++&de=000005&ef=ULD&fg=1"
"115","社團法人雲林縣北港鎮老人福利協進會                                  ","http://cdcb.judicial.gov.tw/abbs/wkw/WHD6K05.jsp?ab=AAAdkxAAHAAAL0LAAB&bc=091&cd=%AA%6B%B5%6E%A5%4C++++++++++++++&de=000009&ef=ULD&fg=1"
"136","社團法人雲林縣廚師職業工會                                          ","http://cdcb.judicial.gov.tw/abbs/wkw/WHD6K05.jsp?ab=AAAdkxAAHAAAL2FAAA&bc=090&cd=%AA%6B%B5%6E%AA%C0++++++++++++++&de=000004&ef=ULD&fg=1"
"134","社團法人雲林縣雲林國際青年商會                              ","http://cdcb.judicial.gov.tw/abbs/wkw/WHD6K05.jsp?ab=AAAdkxAAHAAAL0dAAA&bc=090&cd=%AA%6B%B5%6E%AA%C0++++++++++++++&de=000001&ef=ULD&fg=1"
"135","社團法人雲林縣褒忠鄉太湖社區發展協會                        ","http://cdcb.judicial.gov.tw/abbs/wkw/WHD6K05.jsp?ab=AAAdkxAAHAAAL11AAD&bc=090&cd=%AA%6B%B5%6E%AA%C0++++++++++++++&de=000003&ef=ULD&fg=1"
"125","社團法人雲林縣青溪協會                                              ","http://cdcb.judicial.gov.tw/abbs/wkw/WHD6K05.jsp?ab=AAAdkxAAHAAAL0eAAB&bc=089&cd=%AA%6B%B5%6E%AA%C0++++++++++++++&de=000001&ef=ULD&fg=1"
"119","財團法人雲林縣鎮西國民小學文教基金會                                ","http://cdcb.judicial.gov.tw/abbs/wkw/WHD6K05.jsp?ab=AAAdkxAAHAAALTcAAC&bc=089&cd=%AA%6B%B5%6E%B0%5D++++++++++++++&de=000001&ef=ULD&fg=1"
"120","財團法人雲林縣鎮西國民小學林、蘇家族愛心文教基金會                  ","http://cdcb.judicial.gov.tw/abbs/wkw/WHD6K05.jsp?ab=AAAdkxAAHAAAL0OAAD&bc=089&cd=%AA%6B%B5%6E%B0%5D++++++++++++++&de=000002&ef=ULD&fg=1"
"122","財團法人雲林縣私立北港媽祖社會福利慈善事業基金會                    ","http://cdcb.judicial.gov.tw/abbs/wkw/WHD6K05.jsp?ab=AAAdkxAAHAAAL1IAAD&bc=089&cd=%AA%6B%B5%6E%B0%5D++++++++++++++&de=000004&ef=ULD&fg=1"
"126","財團法人雲林縣泉州國民小學校友文教基金會                            ","http://cdcb.judicial.gov.tw/abbs/wkw/WHD6K05.jsp?ab=AAAdkxAAHAAALTdAAD&bc=089&cd=%AA%6B%B5%6E%B0%5D++++++++++++++&de=000007&ef=ULD&fg=1"
"71","財團法人雲林縣永年高級中學文教基金會                                ","http://cdcb.judicial.gov.tw/abbs/wkw/WHD6K05.jsp?ab=AAAdkxAAHAAAL0rAAA&bc=089&cd=%AA%6B%B5%6E%A5%4C++++++++++++++&de=000024&ef=ULD&fg=1"
"102","財團法人台南市私立福建社會福利慈善事業基金會                        ","http://cdcb.judicial.gov.tw/abbs/wkw/WHD6K05.jsp?ab=AAAdkxAAHAAAL0%2FAAC&bc=089&cd=%AA%6B%B5%6E%A5%4C++++++++++++++&de=000008&ef=ULD&fg=1"
"111","財團法人雲林縣中華文教基金會                                        ","http://cdcb.judicial.gov.tw/abbs/wkw/WHD6K05.jsp?ab=AAAdkxAAHAAALTXAAD&bc=088&cd=%AA%6B%B5%6E%B0%5D++++++++++++++&de=000001&ef=ULD&fg=1"
"109","社團法人中華楚騷研究會                                              ","http://cdcb.judicial.gov.tw/abbs/wkw/WHD6K05.jsp?ab=AAAdkxAAHAAAL08AAB&bc=087&cd=%AA%6B%B5%6E%AA%C0++++++++++++++&de=000003&ef=ULD&fg=1"
"94","財團法人雲林縣立台西國民中學文教基金會                              ","http://cdcb.judicial.gov.tw/abbs/wkw/WHD6K05.jsp?ab=AAAdkxAAHAAAL0kAAD&bc=086&cd=%AA%6B%B5%6E%B0%5D++++++++++++++&de=000005&ef=ULD&fg=1"
"98","財團法人光明聖道文教基金會                                          ","http://cdcb.judicial.gov.tw/abbs/wkw/WHD6K05.jsp?ab=AAAdkxAAHAAAL0zAAA&bc=086&cd=%AA%6B%B5%6E%B0%5D++++++++++++++&de=000007&ef=ULD&fg=1"
"99","財團法人雲林縣褒忠國民中學文教基金會                                ","http://cdcb.judicial.gov.tw/abbs/wkw/WHD6K05.jsp?ab=AAAdkxAAHAAALTbAAB&bc=086&cd=%AA%6B%B5%6E%B0%5D++++++++++++++&de=000008&ef=ULD&fg=1"
"97","社團法人雲林縣水林鄉萬興社區發展協會                                ","http://cdcb.judicial.gov.tw/abbs/wkw/WHD6K05.jsp?ab=AAAdkxAAHAAAL01AAB&bc=086&cd=%AA%6B%B5%6E%AA%C0++++++++++++++&de=000003&ef=ULD&fg=1"
"93","財團法人雲林縣信義文教基金會                                        ","http://cdcb.judicial.gov.tw/abbs/wkw/WHD6K05.jsp?ab=AAAdkxAAHAAAL0kAAC&bc=086&cd=%AA%6B%B5%6E%B0%5D++++++++++++++&de=000004&ef=ULD&fg=1"
"15","財團法人臺灣省雲林縣斗六市湖山寺                                    ","http://cdcb.judicial.gov.tw/abbs/wkw/WHD6K05.jsp?ab=AAAdkxAAHAAAL08AAD&bc=086&cd=%AA%6B%B5%6E%A5%4C++++++++++++++&de=000021&ef=ULD&fg=1"
"21","財團法人臺灣省雲林縣私立大成高級商工職業學校                ","http://cdcb.judicial.gov.tw/abbs/wkw/WHD6K05.jsp?ab=AAAdkxAAHAAAL0zAAC&bc=086&cd=%AA%6B%B5%6E%A5%4C++++++++++++++&de=000007&ef=ULD&fg=1"
"85","社團法人雲林縣褒忠鄉大　花鼓文化促進會                              ","http://cdcb.judicial.gov.tw/abbs/wkw/WHD6K05.jsp?ab=AAAdkxAAHAAAL0mAAC&bc=085&cd=%AA%6B%B5%6E%AA%C0++++++++++++++&de=000001&ef=ULD&fg=1"
"86","財團法人長春防災基金會                                              ","http://cdcb.judicial.gov.tw/abbs/wkw/WHD6K05.jsp?ab=AAAdkxAAHAAAL0SAAD&bc=085&cd=%AA%6B%B5%6E%B0%5D++++++++++++++&de=000002&ef=ULD&fg=1"
"83","社團法人雲林縣汽車修理業職業工會                                    ","http://cdcb.judicial.gov.tw/abbs/wkw/WHD6K05.jsp?ab=AAAdkxAAHAAAL12AAC&bc=084&cd=%AA%6B%B5%6E%AA%C0++++++++++++++&de=000004&ef=ULD&fg=1"
"62","財團法人虎尾基督徒聚會處                                            ","http://cdcb.judicial.gov.tw/abbs/wkw/WHD6K05.jsp?ab=AAAdkxAAHAAAL1qAAC&bc=084&cd=%AA%6B%B5%6E%B0%5D++++++++++++++&de=000007&ef=ULD&fg=1"
"58","財團法人雲林縣私立信義育幼院                                        ","http://cdcb.judicial.gov.tw/abbs/wkw/WHD6K05.jsp?ab=AAAdkxAAHAAAL1qAAB&bc=085&cd=%AA%6B%B5%6E%A5%4C++++++++++++++&de=000001&ef=ULD&fg=1"
"74","社團法人雲林縣北港鎮義勇消防協進會                                  ","http://cdcb.judicial.gov.tw/abbs/wkw/WHD6K05.jsp?ab=AAAdkxAAHAAAL1sAAE&bc=083&cd=%AA%6B%B5%6E++++++++++++++++&de=000014&ef=ULD&fg=1"
"76","財團法人雲林縣安南國民小學校友文教基金會                            ","http://cdcb.judicial.gov.tw/abbs/wkw/WHD6K05.jsp?ab=AAAdkxAAHAAAL1sAAC&bc=084&cd=%AA%6B%B5%6E++++++++++++++++&de=000001&ef=ULD&fg=1"
"78","社團法人雲林縣汽車修理材料商業同業公會                              ","http://cdcb.judicial.gov.tw/abbs/wkw/WHD6K05.jsp?ab=AAAdkxAAHAAAL13AAF&bc=084&cd=%AA%6B%B5%6E++++++++++++++++&de=000003&ef=ULD&fg=1"
"41","財團法人雲林縣私立恩光幼稚園                                        ","http://cdcb.judicial.gov.tw/abbs/wkw/WHD6K05.jsp?ab=AAAdkxAAHAAAL04AAE&bc=082&cd=%AA%6B%B5%6E++++++++++++++++&de=000012&ef=ULD&fg=1"
"29","財團法人林麗明、林蔡素女獎學基金會                                  ","http://cdcb.judicial.gov.tw/abbs/wkw/WHD6K05.jsp?ab=AAAdkxAAHAAAL1fAAD&bc=083&cd=%AA%6B%B5%6E++++++++++++++++&de=000004&ef=ULD&fg=1"
"65","社團法人雲林縣退休警察人員協會                                      ","http://cdcb.judicial.gov.tw/abbs/wkw/WHD6K05.jsp?ab=AAAdkxAAHAAAL1wAAA&bc=082&cd=%AA%6B%B5%6E++++++++++++++++&de=000003&ef=ULD&fg=1"
"67","財團法人雲林縣私立長春社會福利基金會                                ","http://cdcb.judicial.gov.tw/abbs/wkw/WHD6K05.jsp?ab=AAAdkxAAHAAAL0fAAC&bc=082&cd=%AA%6B%B5%6E++++++++++++++++&de=000005&ef=ULD&fg=1"
"57","財團法人臺灣省雲林縣基督教中華福音道路德會虎尾錫安堂                ","http://cdcb.judicial.gov.tw/abbs/wkw/WHD6K05.jsp?ab=AAAdkxAAHAAAL1zAAB&bc=080&cd=%AA%6B%B5%6E++++++++++++++++&de=000057&ef=ULD&fg=1"
"52","財團法人中國青年服務事業基金會雲林縣分事務所                        ","http://cdcb.judicial.gov.tw/abbs/wkw/WHD6K05.jsp?ab=AAAdkxAAHAAAL13AAB&bc=078&cd=%AA%6B%B5%6E++++++++++++++++&de=000008&ef=ULD&fg=1"
"55","財團法人環球文教基金會                                              ","http://cdcb.judicial.gov.tw/abbs/wkw/WHD6K05.jsp?ab=AAAdkxAAHAAAL11AAA&bc=079&cd=%AA%6B%B5%6E++++++++++++++++&de=000001&ef=ULD&fg=1"
"56","社團法人中華民國退伍軍人協會臺灣省雲林縣分會                        ","http://cdcb.judicial.gov.tw/abbs/wkw/WHD6K05.jsp?ab=AAAdkxAAHAAAL11AAB&bc=079&cd=%AA%6B%B5%6E++++++++++++++++&de=000002&ef=ULD&fg=1"
"48","財團法人雲林縣私立許曾春秋福利慈善事業基金會                        ","http://cdcb.judicial.gov.tw/abbs/wkw/WHD6K05.jsp?ab=AAAdkxAAHAAAL14AAA&bc=076&cd=%AA%6B%B5%6E++++++++++++++++&de=000048&ef=ULD&fg=1"
"49","財團法人莿桐鄉文武聖廟感德堂                                        ","http://cdcb.judicial.gov.tw/abbs/wkw/WHD6K05.jsp?ab=AAAdkxAAHAAAL1mAAD&bc=077&cd=%AA%6B%B5%6E++++++++++++++++&de=000017&ef=ULD&fg=1"
"50","財團法人雲林縣私立民眾服務社會福利慈善事業基金會                    ","http://cdcb.judicial.gov.tw/abbs/wkw/WHD6K05.jsp?ab=AAAdkxAAHAAAL1yAAF&bc=078&cd=%AA%6B%B5%6E++++++++++++++++&de=000001&ef=ULD&fg=1"
"40","財團法人臺灣省雲林縣斗六教會聚會所                                  ","http://cdcb.judicial.gov.tw/abbs/wkw/WHD6K05.jsp?ab=AAAdkxAAHAAAL18AAB&bc=074&cd=%AA%6B%B5%6E++++++++++++++++&de=000018&ef=ULD&fg=1"
"37","財團法人臺灣省雲林縣基督教中華福音道路德會虎尾錫安堂                ","http://cdcb.judicial.gov.tw/abbs/wkw/WHD6K05.jsp?ab=AAAdkxAAHAAAL17AAD&bc=074&cd=%AA%6B%B5%6E++++++++++++++++&de=000037&ef=ULD&fg=1"
"36","財團法人許老有慈善基金會                                            ","http://cdcb.judicial.gov.tw/abbs/wkw/WHD6K05.jsp?ab=AAAdkxAAHAAAL03AAC&bc=073&cd=%AA%6B%B5%6E++++++++++++++++&de=000001&ef=ULD&fg=1"
"33","財團法人雲林縣土庫順天宮                                            ","http://cdcb.judicial.gov.tw/abbs/wkw/WHD6K05.jsp?ab=AAAdkxAAHAAAL0YAAE&bc=071&cd=%AA%6B%B5%6E++++++++++++++++&de=000001&ef=ULD&fg=1"
"34","財團法人臺灣省立虎中虎女校友獎學基金會                              ","http://cdcb.judicial.gov.tw/abbs/wkw/WHD6K05.jsp?ab=AAAdkxAAHAAAL0oAAB&bc=071&cd=%AA%6B%B5%6E++++++++++++++++&de=000002&ef=ULD&fg=1"
"28","財團法人臺灣省明道雜誌社                                            ","http://cdcb.judicial.gov.tw/abbs/wkw/WHD6K05.jsp?ab=AAAdkxAAHAAAL0TAAA&bc=067&cd=%AA%6B%B5%6E++++++++++++++++&de=000003&ef=ULD&fg=1"
"17","財團法人私立雲海工業專科學校                                        ","http://cdcb.judicial.gov.tw/abbs/wkw/WHD6K05.jsp?ab=AAAdkxAAHAAAL1wAAC&bc=068&cd=%AA%6B%B5%6E++++++++++++++++&de=000000&ef=ULD&fg=1"
"3","財團法人天主教會嘉義教區                                            ","http://cdcb.judicial.gov.tw/abbs/wkw/WHD6K05.jsp?ab=AAAdkxAAHAAAL1yAAC&bc=063&cd=%AA%6B%B5%6E++++++++++++++++&de=000006&ef=ULD&fg=1"
"23","財團法人臺灣省雲林縣北港鎮基督教浸信會                              ","http://cdcb.judicial.gov.tw/abbs/wkw/WHD6K05.jsp?ab=AAAdkxAAHAAAL1yAAD&bc=063&cd=%AA%6B%B5%6E++++++++++++++++&de=000023&ef=ULD&fg=1"
"20","財團法人大尖山資學社                                                ","http://cdcb.judicial.gov.tw/abbs/wkw/WHD6K05.jsp?ab=AAAdkxAAHAAAL1GAAC&bc=061&cd=%AA%6B%B5%6E++++++++++++++++&de=000000&ef=ULD&fg=1"
"19","財團法人斗六營造會館                                                ","http://cdcb.judicial.gov.tw/abbs/wkw/WHD6K05.jsp?ab=AAAdkxAAHAAAL1zAAE&bc=061&cd=%AA%6B%B5%6E++++++++++++++++&de=000019&ef=ULD&fg=1"
"1","財團法人廖裕紛獎學金董事會                                          ","http://cdcb.judicial.gov.tw/abbs/wkw/WHD6K05.jsp?ab=AAAdkxAAHAAAL0OAAA&bc=053&cd=%AA%6B%B5%6E++++++++++++++++&de=000001&ef=ULD&fg=1"
